id,title,content,date_str,year_abs,jd,am_day,source,language,category,url,data_hash
1201,Birth and Early Development of Indian Astronomy,"This paper provides an overview of the birth and early development of Indian
astronomy. Taking account of significant new findings from archaeology and
literary analysis, it is shown that early mathematical astronomy arose in India
in the second millennium BC. The paper reviews the astronomy of the period of
the Vedas, the Brahmanas, and the Vedanga Jyotisha. The origins of Puranic
cosmology are also explained.",2001-01-15,2001,2451924.5,713760.5,arxiv,en,scientific_paper,http://arxiv.org/abs/physics/0101063v1,1c857420ff66c7ccc8293fd521877933
1235,"On the astronomical orientation of the IV dynasty Egyptian pyramids and
  the dating of the second Giza pyramid","The data on the astronomical orientation of the IV dynasty Egyptian pyramids
are re-analyzed and it is shown that such data suggest an inverse chronology
between the `first` and the `second` Giza pyramid.",2003-07-21,2003,2452841.5,714677.5,arxiv,en,scientific_paper,http://arxiv.org/abs/physics/0307100v2,26ee02d55937bf9ee6f82a5f106a4927
1234,Democritus as Taoist,"While similarities do naturally exist between tao and other philosophical
systems, for the specific case of Democritus we can argue also the
chronological parallels, the parallels in the posterior development (alchemy
and mathematics) and the textual parallelism.",2003-09-25,2003,2452907.5,714743.5,arxiv,en,scientific_paper,http://arxiv.org/abs/physics/0309104v1,847903ece9648090ae2ac2e8b52a6c81
1200,On the Astronomical Records and Babylonian Chronology,"We outline the priority of high quality data of astronomical content as our
strategy for the analysis of the ancient astronomical records in the search of
the absolute chronology of the Near East in II millennium BC. The
correspondingly defined set of data for two lunar eclipses of EAE 20 and 21
tablets linked to Ur III period enables us the choice of eclipses of 27 June
1954 BC and 17 March 1912 BC; here the information on the exit position of the
darkening of the lunar disk acts as a crucial informator survived in the
records. We then discuss why the 56/64 year Venus cycle cannot be traced in the
Venus Tablet and therefore cannot serve as an anchor for the search of
chronologies. The month length method is discussed as well. In sum the
available data support the Ultra-Low Chronology proposed in the book by
H.Gasche, J.A.Armstrong, S.W.Cole and V.G.Gurzadyan, ""Dating the Fall of
Babylon"" (1998) and, particularly, leave no astronomical background for the
High Chronology. Ultra-Low Chronology is supported also by archaeological,
dendrochronological, Assyrian king lists and other data as summarized at the
Intern. Colloquium on Ancient Near Eastern Chronology (Ghent, July, 2000).",2003-11-08,2003,2452951.5,714787.5,arxiv,en,scientific_paper,http://arxiv.org/abs/physics/0311035v1,274e2e9ada805e3e17acc6175e9dcd2d
1233,Astronomy and the Fall of Babylon,"This illustrated article represents a popular account of the study of the
Babylonian astronomical records of Enuma Anu Enlil tablet series i.e. of the
Venus Tablet of Ammisaduqa and of two lunar eclipses linked with the IIIrd
dynasty of Ur, having resulted in the proposal of Ultra-Low chronology of the
Near East in II millennium B.C. The emerged Ultra-Low chronology is by 96 years
shorter than the conventional Middle chronology and by now is supported by
various independent studies. Tables of relative chronologies of principal
kingdoms of Mesopotamia are given, along with some dates associated with the
fall of Babylon in II millennium B.C. The technical details are given in the
book by H.Gasche, J.A.Armstrong, S.W.Cole and V.G.Gurzadyan, ""Dating the Fall
of Babylon"" (Mesopotamian History and Environment, Series II, University of
Ghent and Chicago Press, 1998) and in subsequent articles.",2003-11-24,2003,2452967.5,714803.5,arxiv,en,scientific_paper,http://arxiv.org/abs/physics/0311114v1,4ba2e55cfbfba6d2aa09e8645c4ad486
1232,Halley's comet of 87 BC on the coins of Armenian king Tigranes?,"Coins of Armenian king Tigranes II the Great (95-55 BC), silver and
copper-bronze tetradrachms and drachms, clearly reveal a star with a tail on
the royal tiara which may be associated with the Halley's comet passage of 87
BC. If so, one has another case when astronomical events can be useful for
historical chronological problems, this would be a far earlier record of Halley
in Armenia than was previously known from chronicles and also one of the
earliest known images of Halley's comet.",2004-05-14,2004,2453139.5,714975.5,arxiv,en,scientific_paper,http://arxiv.org/abs/physics/0405073v3,4924ce103c7416c9a60677f0258e33a5
1231,On the Available Lunar and Solar Eclipses and Babylonian Chronology,"The recently shown two premises (Gurzadyan 2000), i.e. the absence of 56/64
year Venus cycle constraints, at the importance of the 8-year cycle in the
Venus Tablet, stimulated new studies on the Chronology of the Ancient Near East
(2nd millennium BC). The analysis by B.Banjevic using both premises, however,
did not provide anchors of strenght similar to those of Ur III eclipses, while
available solar eclipses lack unambiguous links to historical events. The
Ultra-Low chronology (Gasche et al 1998), therefore, has to be considered as
currently the one most reliably based on ancient astronomical records.",2006-07-14,2006,2453930.5,715766.5,arxiv,en,scientific_paper,http://arxiv.org/abs/physics/0607137v1,593147ed6c0c361077058a8e0a6d6aae
1230,"How Hilbert has found the Einstein equations before Einstein and
  forgeries of Hilbert's page proofs","A succinct chronology is given around Nov 1915, when the explicit field
equations of General Relativity have been found. Evidence, unearthed by
D.Wuensch, that a decisive document of Hilbert has been mutilated in recent
years with the intention to distort the historical truth is reviewed and
discussed. The procedure how Hilbert has found before Einstein the correct
equations ""easily without calculation"" by invariant-theoretical arguments is
identified for the first time. However, Hilbert has based his derivation on an
incorrect or at least not yet formally proved invariant theoretical fact.",2006-10-19,2006,2454027.5,715863.5,arxiv,en,scientific_paper,http://arxiv.org/abs/physics/0610154v1,424d047bc520b50a296c5b92630c0e39
1199,On the orientation of Roman towns in Italy,"As is well known, several Roman sources report on the existence of a town
foundation ritual, inherited from the Etruscans, which allegedly included
astronomical references. However, the possible existence of astronomical
orientations in the layout of Roman towns has never been tackled in a
systematic way. As a first step in this direction, the orientation of virtually
all Roman towns in Italy (38 cities) is studied here. Non-random orientation
patterns emerge from these data, aiming at further research in this field.",2007-03-23,2007,2454182.5,716018.5,arxiv,en,scientific_paper,http://arxiv.org/abs/physics/0703213v1,11f5eedfa79c6437afed0ab82b987bc4
1229,"Stirring Astronomy into Theology: Sir Isaac Newton on the Date of the
  Passion of Christ","It is known that Sir Isaac Newton suggested a date for the Passion of Christ
in the posthumously published ""Observations upon the Prophecies of Daniel and
the Apocalypse of St. John"" (1733). What was not known is that the first
attempts to find that date were made during the early period of his life. The
Jewish National and University Library in Jerusalem contains two undated drafts
in Latin under the same title, ""Rules for the Determination of Easter"", grouped
as Yahuda MS 24E. The earlier draft contains multiple references to the
virtually forgotten ""De Annis Christi"" (1649), written by Villum Lange, the
17th century Danish astronomer and theologian, who might have been Newton's
first mentor on the Jewish calendar tradition. The second draft shows not only
Newton's close acquaintance with Maimonides' theory of first lunar visibility,
but also his attempt to simplify the latter's criteria by introducing
different, more practical parameters. These ""astronomical exercises"", announced
in a 1673 book, were likely intended to appear as an appendix to Nicholas
Mercator's 1676 book. Both of Yahuda 24E's drafts contain an astronomical table
with the solar and lunar positions for years 30-37, which Newton used to decide
on the year and date of the Passion. The astronomical data comes from either
1651 ""Harmonicon Coeleste"" or 1669 ""Astronomia Britannica"" by Vincent Wing, a
semi-forgotten astronomer of the seventeenth century. This makes Yahuda 24E one
of the earliest of Newton's drafts, likely written in 1669-73 and certainly not
later than 1683/4. A comparison of the two drafts of Yahuda 24E shows that in
the later one, Newton changed his allegiance from St. John's chronology of the
Passion to that shown in the synoptic gospels.",2008-10-23,2008,2454762.5,716598.5,arxiv,en,scientific_paper,http://arxiv.org/abs/0810.4358v1,8c566334b9dd98269762bf187ccd1307
1198,"The Muisca Calendar: An approximation to the timekeeping system of the
  ancient native people of the northeastern Andes of Colombia","The aim of this project is to review and expand upon the model proposed by
Father Jose Domingo Duquesne de la Madrid (1745-1821) regarding the calendar of
the ancient Muisca culture of the central Colombia. This model was dismissed by
scholars in the late 19th century, calling it just a simple invention of a
clergyman; however, a detailed analysis of Duquesne's work shows that his
interpretation of the timekeeping system was based on information given to him
by indigenous informers. Based on his work, we can be derive somewhat
indirectly, some aspects of the calendar that apparently were not understood by
the priest. This confirms that such a system was not his own invention.
Ethnohistorical and archaeological evidence provide support for Duquesne's
calendar model. Massive Muisca ceremonies described by 16th century Spanish
chroniclers, is examined and; the occurrence of such ceremonies seem to match
the astronomical cycle of conjunctions of the planets Jupiter and Saturn, wich
also agrees with the 60-year span described by Duquesne as the Muisca Acrotom
Century. Archaeological artifacts, such as a carved stone found in the village
of Choachi (Cundinamarca) that shows numerical elements supports Duquesne's
model that suggests this stone was a calendar calculation tool for Muisca
priests.",2008-12-02,2008,2454802.5,716638.5,arxiv,en,scientific_paper,http://arxiv.org/abs/0812.0574v3,a5940874f2653b8157f8e54b4119ea73
1083,The equations of medieval cosmology,"In Dantean cosmography the Universe is described as a series of concentric
spheres with all the known planets embedded in their rotation motion, the Earth
located at the centre and Lucifer at the centre of the Earth. Beyond these
""celestial spheres"", Dante represents the ""angelic choirs"" as other nine
spheres surrounding God. The rotation velocity increases with decreasing
distance from God, that is with increasing Power (Virtu'). We show that, adding
Power as an additional fourth dimension to space, the modern equations
governing the expansion of a closed Universe (i. e. with the density parameter
\Omega_0>1) in the space-time, can be applied to the medieval Universe as
imaged by Dante in his Divine Comedy. In this representation the Cosmos
acquires a unique description and Lucifer is not located at the centre of the
hyperspheres.",2008-12-23,2008,2454823.5,716659.5,arxiv,en,scientific_paper,http://arxiv.org/abs/0812.4378v1,e88d5e1af9d528749436dcf6821aea88
1197,"Topography, astronomy and dynastic history in the alignments of the
  pyramid fields of the Old Kingdom","It is known since the 19 century that in the layout of the pyramid field of
the pharaohs of the 4 th Egyptian dynasty at Giza, a main axis exists. Indeed,
the south-east corners of these monuments align towards the site of the temple
of Heliopolis, which was plainly visible in ancient times. It was later
discovered that a similar situation occurs in the main pyramid field of the
subsequent dynasty at Abu Sir. Here, the northwest corners of three
chronologically successive pyramids again voluntarily align towards Heliopolis.
However, the temple was in this case not visible, due to the rock outcrop today
occupied by the Cairo citadel which blocks the view. In the present paper, a
interdisciplinary approach based on historical, topographical and
archaeoastronomical analysis is developed in an attempt at understanding such
peculiar features, which governed from the very beginning the planning of these
wonderful monuments. A general pattern actually arises, which appears to have
inspired the choice of the sites and the disposition on the ground of almost
all the funerary complexes of the kings during the Old Kingdom. In particular,
this pattern helps to explain the choices in the location of the funerary
complexes of Niuserre in Abusir and of Unas in Saqqara.",2009-03-08,2009,2454898.5,716734.5,arxiv,en,scientific_paper,http://arxiv.org/abs/0903.1416v3,3a1c6368e4169635a4dad47be78650bc
1196,"Time, Space and Structure in Ancient India","Textual and archaeological sources are used to provide a synoptic vision of
the universe in India. This vision was based on an assumed equivalence of the
outer and the inner cosmoses and it is embodied in architecture, music, and
art. It provides an archaeoastronomical window on Indian monumental
architecture.",2009-03-18,2009,2454908.5,716744.5,arxiv,en,scientific_paper,http://arxiv.org/abs/0903.3252v2,7ca8a4c1d9f3dacc547fed07cefc644f
1228,The Weak Force: From Fermi to Feynman,"Understanding of the weak force is traced from Fermi's theory of beta decay
to the V-A theory of the mid 1950's. The theoretical suggestion and
experimental confirmation of parity violation in the weak force is discussed.
Topics are presented chronologically, leaving room for biographical sketches
and introducing basic mathematical and physical concepts as needed.",2009-10-31,2009,2455135.5,716971.5,arxiv,en,scientific_paper,http://arxiv.org/abs/0911.0058v1,68ddf6291f8d6743aeb1f356edf93ef9
1082,"The National Library of Argentina: exhibiting astronomy-related rare
  books","Astronomical and cosmological knowledge up to the dawn of modern science was
profoundly embedded in myth, religion and superstition. Many of these
inventions of the human mind remain today stored in different supports:
medieval engravings, illuminated manuscripts, and of course also in old and
rare books.",2009-11-02,2009,2455137.5,716973.5,arxiv,en,scientific_paper,http://arxiv.org/abs/0911.0298v1,740b2aa0856c1d26e4617d8ce84c379f
1195,An analysis of astronomical alignments of Greek Sicilian Temples,"In the eighth century BC something peculiar seems to happen on Sicily. The
archaeological record starts to show the arrival of Greek material culture. By
the fifth century BC the island is effectively 'Hellenised' and ancient
historians record the political and military action of poleis, Greek
city-states. Each polis has traditionally been seen as the offshoot of a city
elsewhere. Genealogies of cities ultimately end in cities found in the cities
of the Peloponnese and the Aegean. The 'Greek' identity of the Sicilian cities
is part of a wider debate on the concept of Identity in the ancient world. This
paper considers if there is a contribution archaeoastronomers can make to such
discussions by considering the alignments of Greek temples. Greek religion was
intimately related to notions of civic identity and what it meant to be
'Greek'. I propose a method of studying small samples of temples, which
combines both alignment analysis and historical context. Therefore it may be
possible that a study of the temples may yield useful information about
collective identities. However, as this method shows, the more ambiguous the
cultural data the less certain any astronomical patterns may be.",2010-01-21,2010,2455217.5,717053.5,arxiv,en,scientific_paper,http://arxiv.org/abs/1001.3757v1,de6746d5642b874dd331d81864553833
1194,Reflexion on a method for Archaeology of technical machine,"This study is based on Roman wooden force pumps. It appears that they were
used in small numbers to raise water from wells, and more commonly as portable
pumps to fight fires. The force pump is attributed to Ctesibius of Alexandria
(fl. c.270 B.C.). The earlier examples were made in bronze, but the original
design was cleverly re-engineered in Roman times to make pumps easier and
cheaper to make and maintain, by cutting apertures in a large block of wood,
and making internal spaces pressure proof by plugging their extremities.
Eighteen wooden pumps have been found, mostly in wells, and remains of thirteen
survive. This study is based on examination of the remains, and of the reports
of the Perigueux pump (Dordogne, France). Archaeologists want to fully study
the pump, tacking into consideration its efficiency and the mechanical
calculations of the possible performance and of the manpower required to drive
it. Technical considerations affecting construction, operation, and performance
are discussed and requires connections with knowledge fields such as mechanics.
A detailed Report is provided on the pump, giving, so far as possible, a
complete description of it and all that is currently known about it. Moreover,
a model, size 1:1 of the pump had been built in order to validate the
hypothesis. This paper will present the different sides of the multi-expertise
for this archaeology and experimental archaeology validation.",2010-05-21,2010,2455337.5,717173.5,arxiv,en,scientific_paper,http://arxiv.org/abs/1005.3903v1,8e96885878c7bb7eabf3659d871e05f8
1081,"History of Scientists? Elimination of Naive Beliefs about Movement - The
  testing of the theories of Galileo in his lifetime on board of a galley -","Throughout the early history of Science the heliocentric world model was
refused because it contradicted the thoughts of Aristotle and the medieval
""Impetus"" theory of movement. Even Galileo's sky observations did not lead to
any acceptance of the heliocentric model, because scientists derived from
Aristotle's physics that the earth was static. It was not until 1640 when
Gassendi proved the principle of inertia on a moving galley, as well as
Galileo's laws of free fall with a giant wheel that ""impetus-physics"" which
incorporated naive beliefs about movement was abandoned. To understand the
methods of calculating movement, novice students can be stitmulaed by using
these initial experiments based on the dynamics of a ship movement and not rely
on na\""ive approach. This can help novice students to attain a concept change
from na\""ive to scientific conceptions about movement. Modern students who
study movement were found to harbour many of the same naive beliefs as our
scientific forefathers. The history behind the elimination of these naive
beliefs is presented here in order to help encourage elimination of these naive
beliefs. Several studies found these naive beliefs to be held by novice
students today. These naive beliefs held in the Science of movement have posed
major problems for teaching novice students. Conflicting methods of modelling
these movements have been the source of much controversy over time as concepts
changed. Considering a conceptual change in history can be helpful in
education.",2010-08-25,2010,2455433.5,717269.5,arxiv,en,scientific_paper,http://arxiv.org/abs/1008.4239v1,9b0c6b86f55544c5fccd0d841820577d
1227,A cognitive approach to the topography of the 12th dynasty pyramids,"The topography of the royal pyramids of the 12th dynasty is investigated in
its historical and chronological context, in order to highlight connections
between the architectural choices, the religious ideas and the traditions
inspiring the reign of the corresponding pharaohs. A close, explicit connection
with the double building projects carried out more than six centuries before by
Snefru at Dahshur and at Meidum-Seila comes out. This connection involved
geometry, perspective and astronomical alignments in the progressive planning
of the pyramidal complexes. In such a context, the architectural choices of the
last great king of the dynasty, Amenemhet III - who built two pyramids, one at
Dahshur and the other at Hawara - appear to be due mostly to symbolic, as
opposed to practical, reasons.",2010-11-09,2010,2455509.5,717345.5,arxiv,en,scientific_paper,http://arxiv.org/abs/1011.2122v1,1970b85a35575039800454b9d631a3ac
1193,The astronomical orientation of the urban plan of Alexandria,"Alexander the Great founded Alexandria in 331 BC. The newly founded town was
conceived as an orthogonal grid based on a main longitudinal axis, later called
Canopic Road. We analyse here the astronomical orientation of the project and
propose that the main axis was deliberately oriented towards the rising sun on
the day of birth of Alexander the Great. The argument is admittedly speculative
as any Archaeoastronomy argument not backed up by written sources. However, it
is nested accurately into the archaeological records and into what is known on
the foundation of the town. Further, a topographical analysis is given to
sustain the thesis.",2011-03-04,2011,2455624.5,717460.5,arxiv,en,scientific_paper,http://arxiv.org/abs/1103.0939v2,9f2dda0ef57bae7fb75d9218373565f8
1192,Reconstruction of ancient conceptual landscapes in the Nile Valley,"Conceptual landscapes in Egypt show a remarkable continuity - for as long as
2000 years - in the use of symbols and in the interplay between natural and
man-built features. Directionality, both in the sense of succession of elements
and of orientation of single buildings and tombs, plays a key role in governing
the landscape in accordance with the idea of ""cosmic"" order, which was the
basis of the temporal power of the pharaoh. Comparing satellite image with
local surveys and using simple web-based instruments for tracing visibility
lines helps in understanding connections and messages which were meant to be
clear and obvious in ancient times but may be lost, or forgotten, today. In
particular, the prominent role of astronomical and topographical alignments in
the planning of successive monuments comes out at sites like Abydos, Giza,
Dahshur and at Western Thebes. The way in which the same symbols and elements
were elaborated by the ""heretic"" pharaoh Akhenaten in planning the landscape of
his capital at Amarna is also highlighted.",2011-04-10,2011,2455661.5,717497.5,arxiv,en,scientific_paper,http://arxiv.org/abs/1104.1785v1,5467de42fa06a1b44b514c64ba493805
1191,Digging down the past,"It is often stated that cosmology is an extreme form of archeology that deals
with aeons of time extending back to thousands of millions of years. One talks,
for instance, of relics of the early Universe, and phases in the history of the
Universe that resemble the division of phases in human development used by
archeologists to interpret the data they gather in the field. In this text we
shall analyze these ""linguistic"" similarities, and the differences between
these two scientific activities paying some attention on the role played by
their theoretical guidelines.",2011-10-20,2011,2455854.5,717690.5,arxiv,en,scientific_paper,http://arxiv.org/abs/1110.4528v4,1b92631875aa6a1f00f475eff37f296e
1190,"Allan R. Sandage, 18 June 1926 - 13 November 2010","Allan Sandage was an observational astronomer who was happiest at a
telescope. On Hubble's sudden death Allan Sandage inherited the programmes
using the world's largest optical telescope at Palomar to determine the
distances and number counts of galaxies. Over many years he greatly revised the
distance scale and, on re-working Hubble's analysis, discovered the error that
had led Hubble to doubt the interpretation of the galaxies' redshifts as an
expansion of the universe. Sandage showed that there was a consistent age of
Creation for the stars, the elements, and the Cosmos. Through work with Baade
and Schwarzschild he discovered the key to the interpretation of the
colour-magnitude diagrams of star clusters in terms of stellar evolution. With
others he founded Galactic Archaeology, interpreting the motions and elemental
abundances of the oldest stars in terms of a model for the Galaxy's formation.
He published several fine atlasses and catalogues of galaxies and a definitive
history of the Mount Wilson Observatory.",2011-11-23,2011,2455888.5,717724.5,arxiv,en,scientific_paper,http://arxiv.org/abs/1111.5646v1,1514ebf320ada7355f2e1baac49e1aff
1189,"The Astronomical Significance of 'Nilurallu', The Megalithic Stone
  Alignment at Muradoddiin Andhra Pradesh, India","The stone alignment 'Nilurallu' at Murardoddi is a megalithic monument
containing standing stones of 12 to 16 feet high that are arranged somewhat in
a squarish pattern. This is one of the stone alignments listed by Allchin
(1956) as a non-sepulchal array that might have some astronomical connotations.
This impressive stone alignment seems to be similar to that at Vibhuthihalli,
that was studied earlier, but constructed with much larger stones. The
observations conducted by us show that the rows of stones are aligned to the
directions of sunrise (and sunset) on calendrically-important events, like
equinoxes and solstices. In contrast to Vibhuthihalli, the shadows of stones
provide a means of measuring shorter intervals of time. Key words:
Observational astronomy, megalithic astronomy, stone alignments, equinoxes,
solstices, sunrises",2011-12-26,2011,2455921.5,717757.5,arxiv,en,scientific_paper,http://arxiv.org/abs/1112.5814v1,ba7b7591e2c1e8699ca12e859fc4988e
1080,Building a Model Astrolabe,"This paper presents a hands-on introduction to the medieval astrolabe, based
around a working model which can be constructed from photocopies of the
supplied figures. As well as describing how to assemble the model, I also
provide a brief explanation of how each of its various parts might be used. The
printed version of this paper includes only the parts needed to build a single
model prepared for use at latitudes around 52{\deg}N, but an accompanying
electronic file archive includes equivalent images which can be used to build
models prepared for use at any other latitude. The vector graphics scripts used
to generate the models are also available for download, allowing customised
astrolabes to be made.",2012-02-07,2012,2455964.5,717800.5,arxiv,en,scientific_paper,http://arxiv.org/abs/1202.2005v1,3d4598db21a0deb2f9723dbb2000cedd
1188,Orientations of linear stone arrangements in New South Wales,"We test the hypothesis that Aboriginal linear stone arrangements in New South
Wales (NSW) are oriented to cardinal directions. We accomplish this by
measuring the azimuths of stone arrangements described in site cards from the
NSW Aboriginal Heritage Information Management System. We then survey a subset
of these sites to test the accuracy of information recorded on the site cards.
We find a preference recorded in the site cards for cardinal orientations among
azimuths. The field surveys show that the site cards are reasonably accurate,
but the surveyors probably did not correct for magnetic declinations. Using
Monte Carlo statistics, we show that these preferred orientations did not occur
by chance and that Aboriginal people deliberately aligned these arrangements to
the approximate cardinal directions. We briefly explore possible reasons for
these preferred orientations and highlight the need for future work.",2012-09-02,2012,2456172.5,718008.5,arxiv,en,scientific_paper,http://arxiv.org/abs/1209.0146v1,5bbc3c8c973347a7fc451cd178f2914c
1079,From Rome to the Antipodes: the medieval form of the world,"Here we discuss how some medieval scholars in the Western Europe viewed the
form of the world and the problem of the Antipodes, starting from the Natural
History written by Pliny and ending in the Hell of Dante Alighieri. From the
center of the Earth, Dante and Virgil came to the Antipodes: eventually, their
existence was accepted. Among the others, we will discuss the works of the
Venerable Bede and Sylvester the Second.",2012-11-13,2012,2456244.5,718080.5,arxiv,en,scientific_paper,http://arxiv.org/abs/1211.3004v2,9eb59e457af764fde50fc55f2f3a1d6c
1078,"Sound and motion in the De Generatione Sonorum, a treatise by Robert
  Grosseteste","Here I am proposing a discussion of some parts of the De Generatione Sonorum,
one of the short treatises written by Robert Grosseteste. The main subject of
this treatise is the phonetics. However, sound and oscillations are shortly
described. Since Grosseteste discussed a phonetics based on the analogy with
motions and their combinations, we can find in this text some hints on how a
medieval scholar approached the description of motions.",2012-12-05,2012,2456266.5,718102.5,arxiv,en,scientific_paper,http://arxiv.org/abs/1212.1007v1,eeaff24793bbbb023659cd658db0139b
1226,Astronomical arguments in Newton's Chronology,"In his Chronology, Newton uses astronomical ""evidence"" to support its extreme
rejuvenation of ancient times. These elements, having a scientific varnish,
provide some credibility to the work. They have been fiercely debated for a
century, with a gradual undermining of Newton's assumptions. However, this has
not dented the prestige of the English scientist.
  -----
  Dans sa Chronologie, Newton utilise des ""preuves"" astronomiques pour appuyer
son rajeunissement extreme des epoques anciennes. Ces elements, au vernis
scientifique, donnent une credibilite certaine a l'ensemble. Ils ont donc ete
aprement discutes, les debats sapant petit a petit les hypotheses du savant
anglais pour finalement porter un coup mortel a l'ensemble. Cela n'a toutefois
pas entame le prestige du savant anglais.",2012-12-20,2012,2456281.5,718117.5,arxiv,en,scientific_paper,http://arxiv.org/abs/1212.4943v3,5b2fd34dd278e1505ff55ca22ad12ed1
1077,Robert Grosseteste's colours,"Here I am proposing a translation and discussion of the De Colore, one of the
short scientific treatises written by Robert Grosseteste. In this very short
treatise of the mid-1220s, Grosseteste continued the discussion on light and
colours he started in the De Iride. He describes two manners of counting
colours: one gives an infinity of tones, the other counts seven colours. In
both cases, colours are created by the purity or impurity of the transparent
medium when light is passing through it. This medieval framework survived until
Newton's experiments with prisms.",2012-12-27,2012,2456288.5,718124.5,arxiv,en,scientific_paper,http://arxiv.org/abs/1212.6336v1,1bda91da5ed1d5f1527f9f0555062b3e
1225,Bricks and urbanism in the Indus Valley rise and decline,"The Indus Civilization, often denoted by its major city Harappa, spanned
almost two millennia from 3200 to 1300 BC. Its tradition reaches back to 7000
BC: a 5000 year long expansion of villages and towns, of trading activity, and
of technological advancements culminates between 2600 and 1900 BC in the
build-up of large cities, writing, and political authority; it emerges as one
of the first great civilizations in history. During the ensuing 600 years,
however, key technologies fall out of use, urban centers are depopulated, and
people emigrate from former core settlement areas. Although many different
hypotheses have been put forward to explain this deurbanization, a conclusive
causal chain has not yet been established. We here combine literature estimates
on brick typology, and on urban area for individual cities. In the context of
the existing extensive data on Harappan artifact find sites and put in their
chronological context, the combined narratives told by bricks, cities, and
spatial extent can provide a new point of departure for discussing the possible
reasons for the mysterious ""decline"".",2013-02-27,2013,2456350.5,718186.5,arxiv,en,scientific_paper,http://arxiv.org/abs/1303.1426v2,a62823afdb3c513182a4e4af8a3d728e
1187,"Arhaeoastronomical analysis of Levinsadovka sacrificial complex (South
  Russia)","The article presents research data using arhaeoastronomical methods of
Levinsadovka settlement sacrificial complex in Northern Black Sea coast. In
this work, new method of accounting terrain elevations using topographic maps
was developed in arhaeoastronomical studies. Calculations of azimuths of the
sun and moon rise and set in the astronomically significant moments of the year
were made and astronomical regularities in the organization of the sacrificial
complex identified. Related to the moon directions, as the most dedicated,
identified. Revealed that the stone tools and fragments, used as sacrifices,
mark the direction to the northern minor standstill moonrise. A similar
situation was found on two archaeological sites: in Bezymennoye II settlement
South sanctuary and in Pustynka settlement religious building. Drawing on
ethnographic and folklore data, it is concluded about semiotic connection of
stone tools, found in these religious constructions, with the ""thunderstones""
and meteorites.ut semiotic connection of stone tools, found in these religious
constructions, with the ""thunderstones"" and meteorites.",2013-03-04,2013,2456355.5,718191.5,arxiv,en,scientific_paper,http://arxiv.org/abs/1303.1153v4,c1ef3252a297fc726b69143e1aac45e1
1186,"Astronomical Orientations of Bora Ceremonial Grounds in Southeast
  Australia","Ethnographic evidence indicates that bora (initiation) ceremonial sites in
southeast Australia, which typically comprise a pair of circles connected by a
pathway, are symbolically reflected in the Milky Way as the 'Sky Bora'. This
evidence also indicates that the position of the Sky Bora signifies the time of
the year when initiation ceremonies are held. We use archaeological data to
test the hypothesis that southeast Australian bora grounds have a preferred
orientation to the position of the Milky Way in the night sky in August, when
the plane of the galaxy from Crux to Sagittarius is roughly vertical in the
evening sky to the south-southwest. We accomplish this by measuring the
orientations of 68 bora grounds using a combination of data from the
archaeological literature and site cards in the New South Wales Aboriginal
Heritage Information Management System database. We find that bora grounds have
a preferred orientation to the south and southwest, consistent with the Sky
Bora hypothesis. Monte Carlo statistics show that these preferences were not
the result of chance alignments, but were deliberate.",2013-05-04,2013,2456416.5,718252.5,arxiv,en,scientific_paper,http://arxiv.org/abs/1305.0881v1,8ce5a57eb62f51f411096befc0a0c97f
1185,Prehistoric sanctuaries in Daunia,"Daunia is a region in northern Apulia with many interesting archaeological
sites, particularly of the Neolithic and Bronze Age. Beginning from the fifth
millennium BC, the farmers living in the wide plain of Daunia dug hypogea and
holes in sites that could be considered prehistoric sanctuaries. The
characteristics of the rows of holes indicate a ritual use, and the
archaeologists tend to exclude other applications, such as post holes and
cultivations. The rows have possibly an astronomical orientation, and in the
sanctuary discovered near Ordona, some stars of the Centaurus-Crux group (may
be alpha Centauri itself) could have been used as targets. In past centuries,
astronomers and scholars have remarked this spectacular region of the sky, and
its possible relevance for the ancient civilizations was pointed out for
example by G.V. Schiaparelli in 1903. In his work on the astronomy in the Old
Testament, he mentioned in particular the observations of the astronomer W.S.
Jacob and of other scholars. It would be probably worth to make simulations in
order to reproduce the 'Jacob effect', that is the diffused light (a sort of
faint twilight) produced by such very rich stellar region of the sky.",2013-06-25,2013,2456468.5,718304.5,arxiv,en,scientific_paper,http://arxiv.org/abs/1306.5893v1,50d48ecd6df192a5a61f72a991add625
1184,Astronomical orientations in sanctuaries of Daunia,"Prehistoric sanctuaries of Daunia date back several thousand years. During
the Neolithic and Bronze Age the farmers in that region dug hypogea and holes
whose characteristics suggest a ritual use. In the present note we summarize
the results of the astronomical analysis of the orientation of the row holes in
three different sites, and we point out the possible use of the setting of the
stars of Centaurus. An interesting archaeological confirmation of an
archaeoastronomical prediction is also reported.",2013-07-08,2013,2456481.5,718317.5,arxiv,en,scientific_paper,http://arxiv.org/abs/1307.1964v1,c098326b6c1cda69fea8178b8cf4d5b1
1224,Cardano v Tartaglia: The Great Feud Goes Supernatural,"Many of the stories surrounding the famous sixteenth century feud between
Girolamo Cardano and Niccolo Tartaglia are completely unsupported by the
historical record. In particular, stories that have Tartaglia aiding and
abetting Cardano's arrest for heresy are chronologically impossible.",2013-08-09,2013,2456513.5,718349.5,arxiv,en,scientific_paper,http://arxiv.org/abs/1308.2181v5,96fe8232338ee24e06118861c7713f44
1223,Dating the fall of Babylon and Ur thanks to Astronomical Events,"The traditional date of 1595 BCE for the destruction of Babylon by the
Hittite king Mursili I is accepted by most historians for many years despite
notable controversies. This pivotal date is considered crucial to the various
calculations of the early chronology of the ancient Near East. According to the
Venus Tablet (Enuma Anu Enlil 63) which describes the rising and setting of
Venus during the reign of Ammisaduqa, there are only 4 possibilities implying 4
dates for the destruction of Ur (1912, 1944, 2004, 2064 BCE) but a tablet of
astronomical omens (Enuma Anu Enlil 20,21) mentions a lunar eclipse, dated
14/III/48, at the end of the reign of Shulgi and a lunar eclipse, dated
14/XII/24, at the end of the reign of Ibbi-Sin. Over the period 2200-1850 BCE
there are only 3 pairs of eclipses, spaced by 42 years, matching the
description of astronomical omens but only 1 agreeing with the previous 4
dates. The second way to check the date for the fall of Babylon is to rebuild
the chronology of this period thanks to synchronisms dated by astronomy from
Assyrian, Babylonian, Egyptian and Israelite chronologies which provide
synchronisms that can be dated independently. The Mesopotamian chronology of
this period is reconstructed using the number of Assyrian eponyms (1 a year)
and the length of Babylonian reigns combined with the set of synchronisms among
Assyrian and Babylonian kings in Annals. During the reign of Assur-dan I
(1179-1133) eponyms began on 1 Nisan instead of 1 Sippu, but Assyrian lunar
years without intercalation remained the norm until Tiglath-pileser I. As the
Babylonian year began on 1st Nisan (just after the spring equinox), Assyrian
years coincided with Babylonian lunar years with intercalation, thus the period
between Assur-dan I and Tiglath-pileser I was therefore transitional. Owing to
the Babylonian chronology and synchronisms it is possible to date other
chronologies.",2013-09-11,2013,2456546.5,718382.5,arxiv,en,scientific_paper,http://arxiv.org/abs/1309.2758v1,3a544e0115daccd11376caa93f43d973
1183,The Solar Orientation of the Lion Rock Complex in Sri Lanka,"This paper discusses the solar orientation of the archaeological complex of
Sigiriya, the Lion Rock, in Sri Lanka. We can see that the axis of this complex
is oriented with the sunset of the zenithal sun.",2013-11-11,2013,2456607.5,718443.5,arxiv,en,scientific_paper,http://arxiv.org/abs/1311.2853v1,7049b8ea36f1153b85044b97e3689c58
1222,A Short History of Spin,"The paper outlines the historical development of spin in physics from about
1920 to the present day. It aims to provide the student with an accurate
chronology of important developments, both scientific and technical.",2013-11-20,2013,2456616.5,718452.5,arxiv,en,scientific_paper,http://arxiv.org/abs/1311.5016v1,6f3bbd111e77e01e95c56c489d2f7a57
1182,"Under Augustus sign: the role of Astronomy in the foundation of Augusta
  Praetoria Salassorum","Augusta Praetoria Salassorum, modern Aosta, was founded around 25 BC to
celebrate the victory of Augustus army on the Salassi. Aosta is a city of the
founder under many respects; for instance, one of the two twin temples of the
forum was devoted to Augustus, and a huge triumphal arc to the ruler still
welcomes the town visitors. Recently, a sculpted block has been uncovered,
still in its original position, on a corner of one of the town towers. The
block carries reliefs, such as a plough and a spade, which are clearly related
to the town foundation ritual. As a consequence, we carried out an
archaeoastronomical analysis of the original urban plan taking into account the
complex natural horizon of the Alps in which Aosta valley is nested. The
results show that the town was very likely oriented in such a way as to
pinpoint Augustus associations with the cosmic signs of renewal: the winter
solstice and the Capricorn.",2013-11-28,2013,2456624.5,718460.5,arxiv,en,scientific_paper,http://arxiv.org/abs/1311.7282v1,90c89f5da7ea756504812eadc665d941
1181,"On the Possibility of an Astronomical Perspective in the Study of Human
  Evolution","The Sapient Paradox is the apparently unexplainable time delay of several ten
thousand years following the arrival of Homo sapiens in Asia and Europe and
before the introduction of impressive innovations with the agricultural
revolution. Renfrew (2007) has suggested that the solution of the paradox has
to do with changes in modes of thought that occurred with sedentism. According
to Renfrew, this is a subject of study for cognitive archaeology where the
final goal would be to understand the formation of the human mind. Several
scholars, however, affirm that climatic change was crucial to such a revolution
as it would have been very difficult to develop agriculture during the
Palaeolithic. In other words, sedentism was not justified during the ice age,
and that may be the solution to the paradox. It is widely accepted that climate
variations were due to so-called orbital forcing, the slow periodic changes of
orbital parameters of the Earth (known also as the Milankovitch theory). These
and other astronomical effects on the climate are discussed along with the
consequent impact on human evolution. The question then rises as to whether or
not it is possible to adopt an astronomical perspective instead of (or
complementary to) the cognitive archaeological one. Such would be possible by
adopting a different point of reference (that is, from outside), and a
non-anthropocentric approach.",2013-12-05,2013,2456631.5,718467.5,arxiv,en,scientific_paper,http://arxiv.org/abs/1312.1561v1,c728ae7006336931a54ad539d4fcef71
1180,Cultural Astronomy and Archaeoastronomy: an Italian Experience,"A brief review is given of some recent positive developments regarding the
reception of archaeoastronomy by the archaeological institutions in Italy.
Discussions and problems that are currently going on in this field are also
mentioned, such as the separation of the scientific and humanistic disciplines
(i.e. the two cultures problem). Suggestions based on contemporary philosophy
are also reported. Finally, sky-gazing is proposed as the place where the two
cultures could meet, since, taking Plato into account, sky-gazing could be
considered the mom of the human knowledge, and of the scientific and humanistic
disciplines.",2013-12-09,2013,2456635.5,718471.5,arxiv,en,scientific_paper,http://arxiv.org/abs/1312.2332v1,1f04b23fa777555173796fc4aa1ebc44
1076,The Science of al-Biruni,"Al-Biruni (973-1048) was one of the greatest scientists of all times. He was
an astronomer, mathematician and philosopher, and studied physics and natural
sciences. In this paper, we will discuss some of his experimental methods and
some instruments he used.",2013-12-22,2013,2456648.5,718484.5,arxiv,en,scientific_paper,http://arxiv.org/abs/1312.7288v1,c4dc7bb98f852a8173b024ce72c13b50
1075,"A Medieval Multiverse: Mathematical Modelling of the 13th Century
  Universe of Robert Grosseteste","In his treatise on light, written in about 1225, Robert Grosseteste describes
a cosmological model in which the Universe is created in a big-bang like
explosion and subsequent condensation. He postulates that the fundamental
coupling of light and matter gives rises to the material body of the entire
cosmos. Expansion is arrested when matter reaches a minimum density and
subsequent emission of light from the outer region leads to compression and
rarefaction of the inner bodily mass so as to create nine celestial spheres,
with an imperfect residual core. In this paper we reformulate the Latin
description in terms of a modern mathematical model. The equations which
describe the coupling of light and matter are solved numerically, subject to
initial conditions and critical criteria consistent with the text. Formation of
a universe with a non-infinite number of perfected spheres is extremely
sensitive to the initial conditions, the intensity of the light and the
transparency of these spheres. In this ""medieval multiverse"", only a small
range of opacity and initial density profiles lead to a stable universe with
nine perfected spheres. As in current cosmological thinking, the existence of
Grosseteste's universe relies on a very special combination of fundamental
parameters.",2014-03-04,2014,2456720.5,718556.5,arxiv,en,scientific_paper,http://arxiv.org/abs/1403.0769v2,d9b9e5f1052dd158d350eb5f69c4194e
1074,Robert Grosseteste's thought on Light and Form of the World,"Robert Grosseteste was one of the most prominent thinkers of the Thirteenth
Century. Philosopher and scientist, he proposed a metaphysics based on the
propagation of light. In this framework, he gave a cosmology too. Here we will
discuss the treatise where Grosseteste proposed it, that entitled 'De luce, seu
de incohatione formarum', 'On Light and the Beginning of Forms'.",2014-04-13,2014,2456760.5,718596.5,arxiv,en,scientific_paper,http://arxiv.org/abs/1404.3371v1,f965438b5b636367fb8f91c1d90973d5
1179,"Astronomical orientation analysis of three proto-historical sites in
  Friuli - Italy","In this paper we present the results of an archaeoastronomical survey of
three proto-historical sites located in the high Friulian plain (Galleriano,
Gradisca and Savalons), dating from the end of the Early Bronze Age (1900 B.C.)
to the end of the Late Bronze Age (950 B.C.). These structures, commonly
indicated as castellieri, are earthworks of quadrangular shape, with sides
ranging from 140 to 250 m. At present the perimetrical earthen embankments
reach a maximum base width of 18 m and an elevation of more than 5 m the
surrounding plain in their best preserved parts. These three sites were often
reported in the literature to have the corners aligned to the cardinal
directions. Aveni and Romano (1986) included two of them (Galleriano and
Gradisca) in their study of earthworks in Veneto and Friuli (Italy),
tentatively proposing astronomically relevant alignments for some sides and
diagonals. Inspired by this pioneering work and by the renovated archaeological
interest for these sites, we obtained digital elevation models of the
earthworks and re-analyzed their orientation. Our study does not confirm the
presence of systematic and statistically significant solar or lunar alignments
for these sites.",2014-09-24,2014,2456924.5,718760.5,arxiv,en,scientific_paper,http://arxiv.org/abs/1409.6982v1,bf4d88b8b2201341f76efd772362a524
1073,The Barolo Palace: medieval astronomy in the streets of Buenos Aires,"Cultural heritage relating to the sky in the form of sundials, old
observatories and the like, are commonly found in many cities in the Old World,
but rarely in the New. This paper examines astronomical heritage embodied in
the Barolo Palace in Buenos Aires. While references to Dante Alighieri and his
poetry are scattered in streets, buildings and monuments around the Western
world, in the city of Buenos Aires, the only street carrying Dante's name is
less than three blocks long and, appropriately, is a continuation of Virgilio
street. A couple of Italian immigrants -a wealthy businessman, Luis Barolo, and
an imaginative architect, Mario Palanti- foresaw this situation nearly a
century ago, and did not save any efforts or money with the aim of getting
Dante and his cosmology an appropriate monumental recognition, in reinforced
concrete. The Barolo Palace is a unique combination of both astronomy and the
worldview displayed in the Divine Comedy, Dante's poetic masterpiece. It is
known that the Palace's design was inspired by the great poet, but the details
are not recorded; this paper relies on Dante's text to consider whether it may
add to our understanding of the building. Although the links of the Palace's
main architectural structure with the three realms of the Comedy have been
studied in the past, its unique astronomical flavor has not been sufficiently
emphasized. The word of God, as interpreted by the Fathers of the Church in
Sacred Scripture, Aristotle's physics and Ptolemy's astronomy, all beautifully
converge in Dante's verses, and the Barolo Palace reflects this.",2014-10-23,2014,2456953.5,718789.5,arxiv,en,scientific_paper,http://arxiv.org/abs/1410.6506v1,e9a0e51ab9bf235a6086628cfb515c6a
1178,"Book Review of 'Evolutionary and Interpretive Archaeologies' Edited by
  Ethan E. Cochrane and Andrew Gardner","Evolutionary and Interpretive Archaeologies, edited by Ethan E. Cochrane and
Andrew Gardner, grew out of a seminar at the Institute for Archaeology at
University College London in 2007. It consists of 15 chapters by archaeologists
who self-identify themselves as practitioners who emphasize the benefits of
evolutionary or interpretive approaches to the study of the archaeological
record. While the authors' theoretical views are dichotomous, the editors' aim
for the book as a whole is not to expound on the differences between these two
kinds of archaeology but to bring forward a richer understanding of the
discipline and to highlight areas of mutual concern. Some chapters come across
as a bit of a sales pitch, but the majority of the contributions emphasize how
each approach can be productively used to address the goals of the other. The
book seeks to contribute to a mutually beneficial and more productive
discipline, and overall, it succeeds in this effort.",2014-12-28,2014,2457019.5,718855.5,arxiv,en,scientific_paper,http://arxiv.org/abs/1502.05589v1,35cda290a0a10fd60710e62903ad0c06
1161,Was Lepenski Vir an ancient Sun or Pleiades observatory?,"In this work we consider some old hypotheses according to which remarkable
mesolithic village Lepenski Vir (9500 -- 5500 BC) at the right (nearly west)
Danube riverside in the Iron gate in Serbia was an ancient (one of the oldest)
Sun observatory. We use method recently suggested by A. C. Sparavigna,
concretely we use ""freely available software"" or local Sun radiation direction
simulation computer programs. In this way we obtain and discuss pictures of the
sunrise in the Lepenski Vir during winter and summer solstice and spring and
autumn equinox in relation to position of the mountains, especially Treskavac
(Trescovat) and Kukuvija at left (nearly east) Danube riverside (in Romania).
While mountain Kukuvija represents really the marker for the Sun in date of the
winter solstice, mountain Treskavac, in despite to usual opinions, does not
represent a real marker for the Sun in date of the summer solstice. Sun rises
behind Treskavac, roughly speaking, between 22.April and 1. May. It corresponds
to year period when heliacal rising of the Pleiades constellation occurs, which
by many ancient cultures, e.g. Celts of northern Europe, denotes very beginning
of the year. All this, in common with some archeological facts (house-shrine
No.47 in the Lepenski Vir holds seven signs beside hearth which would
correspond to the seven Pleiades stars), opens a possibility that Lepenski Vir
was an ancient Pleiades constellation observatory.",2015-01-06,2015,2457028.5,718864.5,arxiv,en,scientific_paper,http://arxiv.org/abs/1501.01108v1,7dec5a7ad368ba0f1ce7bf119d9a0d36
1160,Gizza Pyramidas and Taurus constellation,"In this work we apply generalized A. Sparavigna method (use of freely
available softwares (programs), e.g. http://www.sollumis.com/,
http://suncalc.net/#/44.557,22.0265,13/2014.12.29/09:22,
http://universimmedia.pagesperso-orange.fr/geo/loc.htm,
http://www.spectralcalc.com/solar_calculator/solar_position.php and
http://www.fourmilab.ch/cgi-bin/Yourhorizon) for analysis of possible
astronomical characteristics of three remarkable Giza, i.e. Cheops, Chephren
and Mikerin pyramids. Concretely, we use mentioned programs for determination
of the Giza plateau longitude and latitude, moments of the sunrise and sunset
for any day at the Giza plateau, and, simulation of the sky horizon above Giza
plateau in any moment of any day, respectively. In this way we obtain a series
of the figures which unambiguously imply the following original results. Any of
three remarkable Giza pyramids (Cheops, Chephren and Mikerin) holds only one
characteristic edge between apex and north-west vertex of the base so that
sunrise direction overlap almost exactly this edge during 28. October. (There
is a small declination of the overlap date by Chephren pyramid by which overlap
date is approximately 23. or 24. October.) Simultaneously, in the sunset moment
for the same day, Taurus constellation (corresponding to holly bull in ancient
Egypt mythology) appears at a point at the very eastern boundary of the sky
horizon.",2015-01-12,2015,2457034.5,718870.5,arxiv,en,scientific_paper,http://arxiv.org/abs/1502.00972v1,d0ff6ae0d0bd8e5c4a7b140760dcb176
1159,Optimizing the Ptolemaic Model of Planetary and Solar Motion,"Ptolemy-s planetary model is an ancient geocentric astronomical model,
describing the observed motion of the Sun and the planets. Ptolemy accounted
for the deviations of planetary orbits from perfect circles by introducing two
small and equal shifts into his model. We show that Ptolemy-s choice of shifts
allowed him to approximate the true eccentricity of planetary orbits only in
the first order, linear in eccentricity. We show that, if the shifts were tuned
in the ratio 5/3, the model precision could be improved substantially, perhaps
delaying its rejection. The best achievable precision is quadratic in
eccentricities. Although, to achieve it fully, one would have to introduce
Ptolemaic shifts in the epicycles as well as in deferents the planets.",2015-02-06,2015,2457059.5,718895.5,arxiv,en,scientific_paper,http://arxiv.org/abs/1502.01967v2,6ddd5645aef47f1b0d562ed9b484a126
1158,On a Final Theory of Mathematics and Physics,"Since ancient times, mathematics has proven unreasonably effective in its
description of physical phenomena. As humankind enters a period of advancement
where the completion of the much coveted theory of quantum gravity is at hand,
there is mounting evidence this ultimate theory of physics will also be a
unified theory of mathematics.",2015-02-17,2015,2457070.5,718906.5,arxiv,en,scientific_paper,http://arxiv.org/abs/1502.04794v1,7fcbcfc7659bcc4ea36b942ea196a31f
1157,The water clock of the Bronze Age (Northern Black Sea Coast),"In the article presents the results of the multidisciplinary study conducted
with the help of archaeological, physical and astronomical methods. The aim of
the study was to analyze and interpret marks and drawings applied to the
surface of the vessel of the Bronze Age (Srubna culture) found near the
Staropetrovsky village (Donetsk region, Ukraine) near the border between the
Donetsk and Lugansk regions. The carried out calculations and measurements
possible to prove that staropetrovsky vessel is the most ancient water clock,
discovered on the territory of Europe, and have approximately the same age as
the oldest known ancient Egyptian water clock. Such vessels - water clocks were
needed for Srubna population to mark sundial, which had recently been
discovered in the Northern Black Sea Coast. Based on the analysis of marks on
the outside of the vessel, it was revealed that Staropetrovsky vessel is unique
ancient complex device for measuring time and at the same time using a water
clock, and with the help of a sundial, allows to monitor of the uneven apparent
motion of the Sun long before the existing written evidence about such
monitoring. Series of marks on the outer surface of the vessel and on its
corolla was associated with the star Sirius and its heliacal rising. Given in
this paper the results of astronomical calculations allow to state that
astronomical beginning of the year recorded since the heliacal rising of Sirius
at the Srubna population of the Northern Black Sea Coast. Keywords:
archaeoastronomy, modeling, Srubna culture, vessel, marks, water clock,
sundial, equation of time, Sirius, heliacal rising.",2015-04-14,2015,2457126.5,718962.5,arxiv,en,scientific_paper,http://arxiv.org/abs/1504.03905v2,0261032e24979bc3e40e72babbf30261
1177,"Connections: the relationships between Neolithic and Bronze Age
  Megalithic Astronomy in Britain","It has already been empirically verified that for many Bronze Age monuments
erected in Scotland between 1400-900 BC, there was a concerted effort on behalf
of the builders to align their monuments to astronomical bodies on the horizon.
It has also been found that there are two common sets of complex landscape and
astronomical patternings, combining specific horizon qualities, like distance
and elevation, with the rising and setting points of particular astronomical
phenomena. However, it has only been very recently demonstrated by us that that
the visible astronomical-landscape variables found at Bronze Age sites on the
inner isles and mainland of western Scotland were first established nearly two
millennia earlier, with the erection of the mooted first standing-stone 'great
circles' in Britain: Callanish and Stenness of Scotland (see G. Higginbottom
and R. Clay, The Origins of Standing Stone Astronomy in Britain submitted to
Journal of Archaeological Science & available on ArXiv). In the current paper
we demonstrate the connection between all of these monuments and the large Late
Neolithic circles south of Scotland, namely those of Castlerigg and Swinside in
Cumbria, England.",2015-05-27,2015,2457169.5,719005.5,arxiv,en,scientific_paper,http://arxiv.org/abs/1505.07322v1,9bf984e25609ab44c2c076b462bc5125
1156,"Astronomical Interpretation of the Signs on the Vessel of the Bronze Age
  (Central Donbass)","The article presents the results of multidisciplinary study carried out with
the help of archaeological and astronomical methods. The aim of the study was
to analyze and interpret the signs - elements of the composition, incised on
the outer side surface of the vessel of the Late Bronze Age, owned to Srubna
culture and discovered near the Staropetrovsky village in the northeast of the
Donetsk region. The measurements and astronomical calculations revealed that
all signs have astronomical meaning. Fourray star has been interpreted as the
star Sirius. The sign polyline has been interpreted as an analog of graphic of
equation of time in which the testimony of a water clock correspond with
average solar time, and the testimony of a sundial - the true solar time. Sign
wheel has been interpreted as a complex of lines, reflecting the regularity
changing the direction of the shadows from the gnomon at sunset at the
equinoxes and solstices. The sign thin polyline has been interpreted as a
symbol of change of height of the Sun in the meridian at the equinoxes and
solstices. Interpretation of wheel and polyline is related to the definition of
the duration of the day. Sign of the wheel shows a direct relationship the
duration of the day on the magnitude of the azimuth of sunrise/sunset, and thin
polyline - from changing the height of the Sun in the meridian. Thus
Staropetrovsky vessel, thanks to the astronomical signs, is a kind of ancient
astronomical visual aid, which reflects the level of astronomical knowledge of
the priesthood of Srubna culture at the late Bronze Age. Archaeoastronomy,
vessel, Srubna culture, marks, Sirius, equation of time, mean solar time, true
solar time, azimuth, calendar, astronomical year.",2015-08-27,2015,2457261.5,719097.5,arxiv,en,scientific_paper,http://arxiv.org/abs/1509.00135v1,e9c75a81e221a7271ae308260dc0fe59
1176,Marks of heliacal rising of Sirius on the sundial of the Bronze Age,"The article presents the results of interdisciplinary research made with the
help of archaeological, physical and astronomical methods. The aim of the study
were analysis and interpretation corolla marks of the vessel of the Late Bronze
Age, belonging to Srubna culture and which was found near the Staropetrovsky
village in the northeast of the Donetsk region (Central Donbass). Performed
calculations and measurements revealed that the marks on the corolla of
Staropetrovsky vessel are marking of horizontal sundial with a sloping gnomon.
Several marks on the corolla of the vessel have star shape. Astronomical
calculations show that their position on the corolla, as on ""dial"" of watch,
indicates the time of qualitative change the visibility of Sirius in the day
its heliacal rising and the next few days in the Late Bronze Age at the
latitude of detection of Staropetrovsky vessel. Published in the article the
results of astronomical calculations allow to state that astronomical year in
the Srubna tradition began with a day of heliacal rising of Sirius. Vessel,
corolla, marks, sundial, gnomon, Srubna culture, heliacal rising, Sirius,
archaeoastronomy",2015-08-27,2015,2457261.5,719097.5,arxiv,en,scientific_paper,http://arxiv.org/abs/1509.00134v1,5a40972e8f5dadbd81fe8c1ae8fffe0e
1155,"Rectification of position data of Scotland in Ptolemy's Geographike
  Hyphegesis","The ancient geographic coordinates given for places of Great Britain in
Ptolemy's Geographike Hyphegesis are investigated by means of geodetic methods.
The turning of Scotland to the east is modelled by a three-dimensional
rotation. On the basis of different data sets of control points, the parameters
of the rotation are estimated by means of methods of adjustment theory.
Furthermore, a geodetic-statistical analysis method is applied to Scotland, by
which groups of places of homogenous distortions and modern counterparts of the
ancient places are determined. Based on the results of the investigations,
answers are given for questions concerning Ptolemaic positions unsolved so far.",2015-11-19,2015,2457345.5,719181.5,arxiv,en,scientific_paper,http://arxiv.org/abs/1511.06691v1,090b8fe5250ee586399263bb303d383e
1154,"Early Telescopes and Ancient Scientific Instruments in the Paintings of
  Jan Brueghel the Elder","Ancient instruments of high interest for research on the origin and diffusion
of early scientific devices in the late XVI - early XVII centuries are
reproduced in three paintings by Jan Brueghel the Elder. We investigated the
nature and the origin of these instruments, in particular the spyglass depicted
in a painting dated 1609-1612 that represents the most ancient reproduction of
an early spyglass, and the two sophisticated spyglasses with draw tubes that
are reproduced in two paintings, dated 1617-1618. We suggest that these two
instruments may represent early examples of keplerian telescopes. Concerning
the other scientific instruments, namely an astrolabe, an armillary sphere, a
nocturnal, a proportional compass, surveying instruments, a Mordente's compass,
a theodolite, etc., we point out that most of them may be associated with
Michiel Coignet, cosmographer and instrument maker at the Court of the Archduke
Albert VII of Hapsburg in Brussels.",2015-12-04,2015,2457360.5,719196.5,arxiv,en,scientific_paper,http://arxiv.org/abs/1512.01347v1,99fd164efe784b950848bfaafa64e97d
1072,Petrus Peregrinus of Maricourt and the Medieval Magnetism,"Petrus Peregrinus of Maricourt, a 13th-century French scholar and engineer,
wrote what we can consider as the first extant treatise on magnetism of Europe.
This treatise is in the form of a letter, probably composed during the siege of
Lucera in Italy, in 1269, where Peregrinus worked to fortify the camp and built
engines for projecting stones and fireballs into the besieged town. Peregrinus'
letter consists of two parts. The first is discussing the properties of
magnets, describing also the methods for determining their north and south
poles. The second part of the letter describes some instruments that utilize
the properties of magnets, ending with the Peregrinus' art of making a wheel of
perpetual motion. In this paper, we discuss the first part of the letter and
the related medieval knowledge of magnetism.",2015-12-08,2015,2457364.5,719200.5,arxiv,en,scientific_paper,http://arxiv.org/abs/1512.02634v1,5d8e86de125969630cacad27418769a6
1175,"Astronomy and landscape at the prehistoric settlement Villaggio dei
  Faraglioni, Ustica, Sicily","The placement of the Middle Bronze Age settlement Villaggio dei Faraglioni on
the Ustica island, one of the best preserved prehistoric village of the
Mediterranean area, is analyzed from a cognitive point of view, taking into
account archaeoastronomy and landscape archaeology aspects. It turns out that
the place might have been selected because of its privileged position with
respect to the landscape, better than conforming to utilitarian/defensive
considerations, as instead occurs for contemporary, for instance Mycenaean,
sites. From the village it was indeed possible to follow the rising and setting
of the sun in the months close to the winter solstice on the two elevated peaks
existing on the opposite side of the island, in a symmetric way. As a
consequence, the inhabitants could determine the day of the winter solstice
with an approximation of a few days, using this partial calendar for
agricultural and navigational purposes. A possible astronomical orientation of
the urban layout is also analyzed",2016-01-14,2016,2457401.5,719237.5,arxiv,en,scientific_paper,http://arxiv.org/abs/1601.03717v2,6fab96bea7dafd0a32593f3547aceedc
1221,"BCS, Nambu-Jona-Lasinio, and Han-Nambu -- A sketch of Nambu's works in
  1960-1965","The years of 1960-1965 were a remarkable period for Yoichiro Nambu. Starting
with a reformulation of BCS theory with emphasis on gauge invariance, he
recognized the realization of spontaneous chiral symmetry breaking in particle
physics as is evidenced by the Goldberger-Treiman relation. A concrete model of
Nambu and Jona-Lasinio illustrated the essence of the Nambu-Goldstone theorem
and the idea of soft pions. After the proposal of the quark model by Gell-Mann,
he together with Han constructed an alternative model of integrally charged
quarks with possible non-Abelian gluons. All those remarkable works were
performed during the years 1960-1965. Here I briefly review those works
following the original papers of Nambu chronologically, together with a brief
introduction to a formulation of Neother's theorem and Ward-Takahashi
identities using path integrals. This article is mostly based on a lecture
given at the Nambu Memorial Symposium held at Osaka City University in
September 2015, where Nambu started his professional career.",2016-02-26,2016,2457444.5,719280.5,arxiv,en,scientific_paper,http://arxiv.org/abs/1602.08193v1,faff042649e7bc6b29be83ac10074fa4
1153,The Ancient Astronomy of Easter Island: Venus and Aldebaran,"One additional position of the famous Mataveri calendar of Easter Island has
been interpreted. New data on the watchings of Venus and Aldebaran have been
rendered. Some reports about the sun, the moon as well as Sirius are of our
interest, too.",2016-02-28,2016,2457446.5,719282.5,arxiv,en,scientific_paper,http://arxiv.org/abs/1604.03037v1,57a0293a576413a022191ba09e8b097d
1152,"Creation, Chaos, Time : from Myth to Modern Cosmology","Every society has a story rooted in its most ancient traditions, of how the
earth and sky originated. Most of these stories attribute the origin of all
things to a Creator - whether God, Element or Idea. We first recall that in the
Western world all discussions of the origin of the world were dominated until
the 18th century by the story of Genesis, which describes the Creation as an
ordered process that took seven days. Then we show how the development of
mechanistic theories in the 18th century meant that the idea of an organized
Creation gave way to the concept of evolution, helped by the fact that in the
19th century astrophysicists discovered that stars had their origin in clouds
of gas. We conclude with Big bang theory, conceived at the beginning of the
20th century, that was subsequently developed into a more or less complete
account of the history of the cosmos, from the supposed birth of space, time
and matter out of the quantum vacuum until the emergence of life (at least on
our planet Earth, and much probably elsewhere) and beyond.",2016-04-12,2016,2457490.5,719326.5,arxiv,en,scientific_paper,http://arxiv.org/abs/1604.03332v1,4927e8dec8f4bab73964085ce8ad62bc
1151,Archaeoastronomy in the Khmer heartland,"The heartland of the Khmer empire is literally crowded by magnificent
monuments built in the course of many centuries. These monuments include the
world-famous state-temples, such as Angkor Wat, but also many other temples and
huge water reservoirs. Using Google Earth data as well as GIS data and
reconstructing the ancient sky with Stellarium, we investigate here on the
relationships of astronomy with orientation and topography in a systematic
fashion, following the methods of modern Archaeoastronomy and strictly keeping
at a bay vague or esoteric proposals put forward by many authors in the past.
As a result, a very clear pattern of cardinal orientation and alignment arises,
connected with the temple's symbolism and the management of power by the Khmer
kings. As a bonus, the comparison with the Angkor monuments allows to put
forward a explanation for the anomalous orientation of the unique two
peripheral state temples of Cambodia.",2016-04-19,2016,2457497.5,719333.5,arxiv,en,scientific_paper,http://arxiv.org/abs/1604.05674v1,2e45bbf92f8d67af1fed454bb7e4895c
1150,The Ancient Astronomy of Easter Island: Mars and Sweet Potatoes,"The role of the monument Moai a Mata Mea at Easter Island in the fertility
cult has been explained. The own late statue that belonged to the ruling Miru
group can provisionally be dated back to ca. 1691 A.D. on the backbone of the
archaeoastronomical studies as well as the written sources. Some data about
watchings of the total solar eclipse of September 16, 1773 A.D. and Halley's
Comet of 1682 A.D. are presented as well. A new information on the early
settlement of Rapanui is of our interest, too.",2016-05-17,2016,2457525.5,719361.5,arxiv,en,scientific_paper,http://arxiv.org/abs/1605.06375v2,b0d78c5138eeb1deef71a59c9d389ed6
1149,"The dichotomy between 'practical' and 'theoretical' astronomy in ancient
  and late antique literature","In Plato's dialogues Republic and Laws, the most important disciplines for
the best education of the rulers of the city are identified with arithmetic,
geometry and astronomy. Those disciplines, however, are not intended for
practical applications, but to reach the truth and see the form of good. In
particular, another dialogue, Epinomis, stresses on the relevance of astronomy
itself as main discipline, since it coincides with the study of the gods, that
is, the planets and the heaven. According to Epinomis, the wise astronomer does
not observe the risings and settings of stars for practical applications such
as the farmer calendar, but he studies the orbits of the planets. Therefore,
the 'practical' astronomy of farmers appears intrinsically less important than
the 'theoretical' one, i.e. the study of the planetary motions. We discuss the
possibly far-reaching negative implications of such a specific discrimination.
We report some examples taken from Greek and Latin literature illustrating the
difficulties of a coherent description of the risings and settings of stars
that was attempted by scholars, and should have been of little help for
farming. We conclude by pointing out the practical importance of astronomy
(intended in a broad sense) even today, and of the dangers of the separation or
discrimination of disciplines and sub-disciplines for the culture during the
present global economic crisis.",2016-06-06,2016,2457545.5,719381.5,arxiv,en,scientific_paper,http://arxiv.org/abs/1606.01665v2,2b5f49c20b3a531210c3e4c3511a8062
1220,Archaeoastronomy and the chronology of the Temple of Jupiter at Baalbek,"One of the most complex architectural feats ever conceived is the magnificent
temple of Jupiter at Baalbek, Lebanon. Several issues remain unsolved about
this site, and in particular the chronology and dating of the two podia and the
true nature of the cult. We present here some hints coming from orientation and
from other features of the temple, which seem to point to a unified project of
both podia, originally conceived under Herod the Great.",2016-06-19,2016,2457558.5,719394.5,arxiv,en,scientific_paper,http://arxiv.org/abs/1606.05888v2,8defccd6a0672cc516ab77a3e5829f76
1148,The Ancient Astronomy of Easter Island: Kirch's Comet,"A fragment of the folklore text ""Apai"" that was once put down on Easter
Island contains a report about astronomical observations of Kirch's Comet or
the Great Comet of 1680-1681 A.D. (C/1680 V1) and the partial solar eclipse of
March 19, 1681 A.D. Some astronomical aspects of the local cult of bird-men
have been discussed, too.",2016-07-10,2016,2457579.5,719415.5,arxiv,en,scientific_paper,http://arxiv.org/abs/1607.08638v1,c5c0d8c46a1b8a2edd5aa4530cb85ba4
1174,Reconstructing the Star Knowledge of Aboriginal Tasmanians,"The canopy of stars is a central presence in the daily and spiritual lives of
Aboriginal Tasmanians. With the arrival of European colonists, Tasmanian
astronomical knowledge and traditions were interrupted and dispersed. Fragments
can be found scattered in the ethnographic and historical record throughout the
nineteenth century. We draw from ethnohistorical documents to analyse and
reconstruct Aboriginal astronomical knowledge in Tasmania. This analysis
demonstrates that stars, the Milky Way, constellations, dark nebula, the Sun,
Moon, meteors, and aurorae held cultural, spiritual, and subsistence
significance within the Aboriginal cultures of Tasmania. We move beyond a
monolithic view of Aboriginal astronomical knowledge in Tasmania, commonly
portrayed in previous research, to lay the groundwork for future ethnographic
and archaeological fieldwork with Aboriginal elders and communities.",2016-10-10,2016,2457671.5,719507.5,arxiv,en,scientific_paper,http://arxiv.org/abs/1610.02785v1,10c01afa9bf63b390464933f0f8a33ed
1147,"Astronomical Alignments of the Sun Temple site in Mesa Verde National
  Park","Summer 2015 marked the 100th anniversary of the excavation by J.W. Fewkes of
the Sun Temple in Mesa Verde National Park, Colorado; an ancient ceremonial
complex of unknown purpose, prominently located atop a mesa, constructed by the
Pueblo Indians approximately 1000 years ago. In this analysis we perform a
digital survey of the site, and examine the possibility that four key
tower-like elements of the complex were used for observation of the rise or set
of celestial bodies known to be sacred to the Pueblo Indians.
  We find statistically significant evidence that the site was used for
astronomical observation of the rise and/or set of nearly all such bodies. The
Sun Temple appears to represent the most comprehensive prehistoric astronomical
observatory yet uncovered.",2016-10-24,2016,2457685.5,719521.5,arxiv,en,scientific_paper,http://arxiv.org/abs/1610.07463v1,a3cd284f043c4c6b564676c496a52dc1
1145,The Ancient Astronomy of Easter Island: Aldebaran and the Pleiades,"There is a good cause to assert that the Easter Islanders constantly watched
Aldebaran and the Pleiades in the past. The Russian scholar Irina K. Fedorova
and the American scholar Georgia Lee were the first who contributed
significantly to the archaeoastronomical studies of these celestial bodies. I
have decoded the Mataveri calendar completely. The ceremonial platform Hekii 2
was oriented on Aldebaran and nearby stars. The disappearance of the Pleiades
during the dawn period in the north at the end of August could be an important
mark before the arrival of sooty terns and before the elections of the next
bird-man. The calculated dates of several solar eclipses have been used for
composing the chronology of Easter Island from 1771 till 1867 A.D.",2016-10-26,2016,2457687.5,719523.5,arxiv,en,scientific_paper,http://arxiv.org/abs/1610.08966v2,652b5cd237aa8d809c4dfe440da8cadb
1146,Role of Experiments in the Progress of Science: Lessons from our History,"I shall discuss the history of Indian astronomy, Aurveda (life science),
chemistry and metallurgy to illustrate how downgrading experiments from
scientific learning lead to the decline of ancient Indian science and
civilization. We shall see that in the glorious period of ancient Indian
civilization, lasting up to the 9th century, there was close interaction
between experimental investigations and theoretical analyses in each of these
sciences. This was further augmented by two-way interactions with the other
advanced civilizations of that time. But both these interactions came to an end
around 9th century, leading to the stagnation and decline of Indian science and
civilization over the next thousand years. This was the cause rather than the
consequence of its subjugation by external invaders, though it was no doubt
aggravated by the latter.",2016-10-26,2016,2457687.5,719523.5,arxiv,en,scientific_paper,http://arxiv.org/abs/1610.08254v1,226719e02a49709c0060ed3cca86624f
1144,"The Ancient Astronomy of Easter Island: Canopus and the Legendary King
  Hotu-Matua","Watchings of Canopus as a herald of the winter were important duties of
ancient priests-astronomers on Easter Island. All the analysed data witness
that this star was observed during the first and second voyages from Mangareva
to the island. The names of king Hotu-Matua (Anua-Motua) and his father Tara
tahi have been decoded. Several rongorongo records from the Esteban Atan
manuscript have been deciphered advantageously. The new view at a painted
barkcloth figurine connected with the bird-man cult has been offered. Some data
about watchings of Aldebaran, the Pleiades, the sun, the moon, Venus and Mars
have been collected as well.",2016-11-23,2016,2457715.5,719551.5,arxiv,en,scientific_paper,http://arxiv.org/abs/1611.07951v1,c95621494ee032805211c66f0857c1d4
1143,The Ancient Astronomy of Easter Island: The Mamari Tablet Tells (Part 1),"The ancient priest-astronomers constantly watched many heavenly bodies. The
record about Halley's Comet of 1682 A.D. has been decoded completely. Good
agreement between it and the results of European astronomers is seen. The
records about Halley's Comet of 1835 A.D. as well as about the sun, the moon,
Mars and Saturn have been deciphered as well. The obtained information is the
basis in order to understand some aspects of the bird-man cult.",2016-12-12,2016,2457734.5,719570.5,arxiv,en,scientific_paper,http://arxiv.org/abs/1612.07779v3,31bd9ec18cd6757bba8b86c4af2b0a63
1141,"Image of Inverted World Tree on the Stone Slab and Vessels of the Bronze
  Age","The article presents the results of the study of petroglyphs on a unique
stone slab discovered near the kurgan 1 of the kurgan field Varvarinsky I
(Rostov Oblast, Russia). Analysis of features of the location and style of
petroglyph ""tree"" showed that the branches could determine semi-minor semiaxes
m of the ""dial"" ellipses of analemmatic sundials with semi-major axis M = 24.2
cm for medium and high (northern) latitudes up to the North Pole and ""tree""
marks the direction to the North. The desire to construct a tool with which it
was possible to build a ""dial"" for analemmatic sundial for different latitude
up to the latitude of the North Pole could appear under the influence of the
dominant mythological ideas about sacred geography of the surrounding world in
which the North is the World Mountain, World Tree or the abode of the gods. In
the article the authors conclude that the petroglyph ""tree"" on Varvarinsky slab
marks the direction to the North as a projection of the North Pole of the world
on the earth's surface, which simulates the slab. Petroglyph is an image of an
inverted World Tree, when viewed from the gnomon / man. The trunk of the Tree
corresponds to the astronomical world axis, and its branches symbolize the
visible daily path of the Sun and, perhaps, the night paths of stars across the
sky at different latitudes. During the research was carried out a comparative
analysis of the petroglyph ""tree"" with images of the inverted tree on the
Srubna vessels. According to the analysis it was concluded that a mythical
World Tree of Srubna population is likely to be a tree of pine family. Sign of
the inverted tree on the Srubna vessels has been interpreted by as a symbol of
the direction of the North and / or the north pole of the world; and
accompanying signs were interpreted as symbols of circumpolar stars and
constellations (asterisms).",2016-12-14,2016,2457736.5,719572.5,arxiv,en,scientific_paper,http://arxiv.org/abs/1612.09311v1,e0fd9da57f3997a720bd9b03fa5e4975
1142,"The Prototype of Ancient Analemmatic Sundials (Rostov Oblast, Russia)","The article presents the results of a study of petroglyphs on a unique stone
slab discovered near the kurgan 1 of the kurgan field Varvarinsky I (Rostov
Oblast, Russia). During the study was done comparing it with plates of Srubna
burials on which were depicted the petroglyphs. Similar features for all the
considered slabs are elliptically arranged wells. Groove made to Varvarinsky
stone slab, has the same parameters as the ellipse from the wells on the slab
of the kurgan field Tavriya -1, discovered in the Rostov region, too. With the
help of astronomical methods previously been proved that elliptically located
wells on the Srubna slabs are hour markers of analemmatic sundial. By results
of the use of similar methods to study complex of petroglyphs on Varvarinsky
slab, it was concluded that the slab could be used for development of the
technology of markup of sundial on different geographical latitudes. Also,
Varvarinsky slab could serve as a model example for a markup of the ellipse on
which subsequently extorted wells for latitudes, close to the latitude of the
place of slab detection. Thus, Varvarinsky stone slab is the prototype of
analemmatic sundials, discovered in the Rostov and Donetsk oblasts. analemmatic
sundial, srubna burial, slab, wells, gnomon, model sample, archaeoastronomy.",2016-12-14,2016,2457736.5,719572.5,arxiv,en,scientific_paper,http://arxiv.org/abs/1612.09312v1,032726f369c6484b1a55fc3e2b31830e
1173,"Royal mausoleums of the Western-Han and of the Song Chinese dynasties: a
  contextual approach","The mausoleums of the emperors and of some members of the royal family of the
Western Han Chinese dynasty, popularly known as Chinese pyramids, are a
spectacular ensemble of tombs covered by a huge earth mounds, spread in the
outskirts of modern Xian. Their inspiring model is the world famous tomb of the
first emperor Qin, who reigned immediately before the Han, and in turn they
were of inspiration for the much later mausoleums of the Song dynasty. Using
satellite data we investigate here on cognitive aspects of the project of these
two groups of monuments, with particular attention to the problem of their
orientation and of their placement in the landscape; in particular, the
presence of two distinct patterns of orientation, both connected with the polar
region of the sky, arises. The analysis includes the cultural relationships of
astronomy with orientation and topography, as well as a negative test of the
possible influence of the Feng Shui tradition in the Western Han period. The
special, much relevant case of the funerary landscape of emperor Wen of Han is
also discussed.",2016-12-18,2016,2457740.5,719576.5,arxiv,en,scientific_paper,http://arxiv.org/abs/1612.05985v2,145132da7910c24a1036a5a25482dbf3
1219,La scala dell'energia,"In this article, halfway between popularized exposition and historical
account, some key moments in the development of atomic theory in its beginnings
are discussed. In particular, the events and the major discoveries that have
highlighted the discrete structure of the atom's energy levels are presented in
their logical and chronological sequence, starting from early studies on the
decomposition of light by prisms until the quantum theory.
  ---
  In questo articolo, a met\`a strada tra l'esposizione divulgativa e il
resoconto storico, vengono affrontati alcuni momenti significativi dello
sviluppo della teoria atomica ai suoi primordi. In particolare, sono
presentati, nella loro sequenza logica e cronologica, gli avvenimenti e le
scoperte principali che hanno messo in luce la struttura discreta dei livelli
di energia dell'atomo, dai primi studi sulla scomposizione della luce coi
prismi alla teoria quantistica.",2016-12-18,2016,2457740.5,719576.5,arxiv,en,scientific_paper,http://arxiv.org/abs/1612.09310v1,3ae3130a6b6e12058692b2b87be49fe2
1140,"An attempt to physical science basis of climate changes in early
  Seventeenth century and the influence the Little Ice Age in south Italy","In 1615 Paolo A. Foscarini, a Carmelite monk lived in a monastery of south
Italy near Cosenza (Calabria), published a Trattato which, at variance to what
was common at the time, has not been written in Latin, but in volgare, the
ancient Italian language. We are currently investigating the Trattato, and we
found strong evidences that, hidden in the Italian language of early
seventeenth century, it represents, to our knowledge, the first systematic
attempt to interpret something unknown at that time, as meteo-climate changes
and their forecasting, in the scientific framework of environmental physical
effects related to Sun-Atmosphere relationships.",2017-01-15,2017,2457768.5,719604.5,arxiv,en,scientific_paper,http://arxiv.org/abs/1701.04071v1,560da24efd3aa463fa75b3f7029c23ed
1071,Ockham's razor and the interpretations of quantum mechanics,"Ockham's razor is a heuristic concept applied in philosophy of science to
decide between two or more feasible physical theories. Ockham's razor operates
by deciding in favour of the theory with least assumptions and concepts;
roughly speaking, the less complex theory. Could Ockham's razor not easily
treat the different interpretations as theories and decide in favour of the one
with fewest assumptions? We provide an answer to this question by means of
examples of applications in literature and the discussion of its historical
origin. We review the historical context of Ockham's razor and its connection
to medieval philosophical struggles, discuss the essence of its parsimonious
core and put it in relation with modern struggles in the context of
interpretational issues in Quantum Mechanics. Due to the lack of experimental
evidences in string theory, a new field of modern heuristics arose in the last
years. We will discuss these heuristics in the context of Ockham-related
heuristic methods and analyse the connection of these heuristics with the
interpretations of Quantum Mechanics.",2017-01-23,2017,2457776.5,719612.5,arxiv,en,scientific_paper,http://arxiv.org/abs/1701.06564v4,b114c46687454dd3001afbf0edc7c4c8
1139,The Ancient Astronomy of Easter Island: The Mamari Tablet Tells (Part 2),"The beginning of the calendar record inscribed on the Mamari tablet has been
dated to the day of the summer solstice of December 20, 1680 A.D. The moon was
not visible earlier at night. Because of a possible solar eclipse it was a
perilous day, a precursor of the future misfortunes: the motion of Halley's
Comet of 1682 A.D. and the rebellion of the western tribes. The new data about
the watchings of the star Antares have been obtained, too.",2017-02-27,2017,2457811.5,719647.5,arxiv,en,scientific_paper,http://arxiv.org/abs/1702.08355v3,53be219fa819e0d2396c7b686c7bcd89
1172,"Where telescopes cannot (yet) see - the Moon as seen by Scriven Bolton,
  Etienne Trouvelot, Lucien Rudaux, Chesley Bonestell","Scientific illustrations, thanks to the vision of great artists fascinated by
astronomical research and astronautics, have provided us with an accurate
depiction of the possible views which mankind will one day observed from
locations other than our planet. In this talk I will pay homage to some of
these geniuses who serve science, and underline the scientific, artistic,
political, and social implications deriving from a wise use of space-art.",2017-03-15,2017,2457827.5,719663.5,arxiv,en,scientific_paper,http://arxiv.org/abs/1703.08138v1,4db3601948af3a0f139bcc4b417bf9ca
1138,"Comets, historical records and vedic literature","A verse in book I of Rigveda mentions a cosmic tree with rope-like aerial
roots held up in the sky. Such an imagery might have ensued from the appearance
of a comet having `tree stem' like tail, with branched out portions resembling
aerial roots. Interestingly enough, a comet referred to as `heavenly tree' was
seen in 162 BC, as reported by old Chinese records. Because of weak surface
gravity, cometary appendages may possibly assume strange shapes depending on
factors like rotation, structure and composition of the comet as well as solar
wind pattern. Varahamihira and Ballala Sena listed several comets having
strange forms as reported originally by ancient seers such as Parashara,
Vriddha Garga, Narada and Garga.
  Mahabharata speaks of a mortal king Nahusha who ruled the heavens when Indra,
king of gods, went into hiding. Nahusha became luminous and egoistic after
absorbing radiance from gods and seers. When he kicked Agastya (southern star
Canopus), the latter cursed him to become a serpent and fall from the sky. We
posit arguments to surmise that this Mahabharata lore is a mythical recounting
of a cometary event wherein a comet crossed Ursa Major, moved southwards with
an elongated tail in the direction of Canopus and eventually went out of sight.
In order to check whether such a conjecture is feasible, a preliminary list of
comets (that could have or did come close to Canopus) drawn from various
historical records is presented and discussed.",2017-04-01,2017,2457844.5,719680.5,arxiv,en,scientific_paper,http://arxiv.org/abs/1704.00722v2,fb09fb4ed7d19dbbe45474df1e866146
1218,"Is Time Travel Too Strange to Be Possible? Determinism and Indeterminism
  on Closed Timelike Curves","Notoriously, the Einstein equations of general relativity have solutions in
which closed timelike curves (CTCs) occur. On these curves time loops back onto
itself, which has exotic consequences. However, in order to make time travel
stories consistent constraints have to be satisfied, which prevents seemingly
ordinary and plausible processes from occurring. This, and several other
""unphysical"" features, have motivated many authors to exclude solutions with
CTCs from consideration, e.g. by conjecturing a chronology protection law. In
this contribution we shall investigate the nature of one particular class of
exotic consequences of CTCs, namely those involving unexpected cases of
indeterminism or determinism. Indeterminism arises even against the backdrop of
the usual deterministic physical theories when CTCs do not cross spacelike
hypersurfaces outside of a limited CTC-region (such hypersurfaces fail to be
Cauchy surfaces). By contrast, a certain kind of determinism appears to arise
when an indeterministic theory is applied on a CTC: things cannot be different
from what they already were. We shall argue that on further consideration both
this indeterminism and determinism on CTCs turn out to possess analogues in
other, familiar areas of physics. CTC-indeterminism is close to the
epistemological indeterminism we know from statistical physics, while the
""fixedness"" typical of CTC-determinism is pervasive in physics. CTC-determinism
and CTC-indeterminism therefore do not provide incontrovertible grounds for
rejecting CTCs as conceptually inadmissible.",2017-04-07,2017,2457850.5,719686.5,arxiv,en,scientific_paper,http://arxiv.org/abs/1704.02295v1,41666cd8ac9f06a0833b0583f70670c8
1137,The Ancient Astronomy of Easter Island: The Mamari Tablet Tells (Part 3),"One of main events on Rapanui before the cruel war (several wars) between the
Hanau Momoko and Hanau Eepe was the annual election of the bird-man. Plainly,
the local priest-astronomers, the descendants of immigrants from the Andean
region of South America, could predict the day of the vernal equinox not only
with the aid of the so-called ""sun stones,"" but also counting the phases of the
moon. The elements of the mathematical calculations of the astronomers have
been deciphered. The astronomical basis of the Ahu Atanga (A Tanga) has been
decoded, too.",2017-05-03,2017,2457876.5,719712.5,arxiv,en,scientific_paper,http://arxiv.org/abs/1705.01218v1,9e10e27bdc62e18901cf3028f720ff8f
1136,"Wind, Sand and Water. The Orientation of the Late Roman Forts in the
  Kharga Oasis (Egyptian Western Desert)","The chain of late Roman fortified settlements built in the Kharga Oasis, in
Egypt Western Desert, represents an interesting case study to analyse how the
ancient Roman town planners interacted with the landscape. A peculiar feature
of the site is the existence of a prevailing, north westerly wind, and it is
possible to identify the average azimuth of the wind by measuring the central
axes of the halfmoon shaped sand dunes which characterize the landscape. Using
the methods of Archaeoastronomy, we compared these azimuths with the orthogonal
layout of both the settlements and the agricultural installations and showed
that these are oriented on the prevailing wind. A description and the possible
implications of this <<weathervane orientation>> are discussed in this article.",2017-06-21,2017,2457925.5,719761.5,arxiv,en,scientific_paper,http://arxiv.org/abs/1706.06765v1,5e0145a1cd9bea9a5bec0db927174827
1134,Fundamental Materials Research and the Course of Human Civilization,"Unless we change direction, we are likely to wind up where we are headed.
(Ancient Chinese proverb)",2017-08-03,2017,2457968.5,719804.5,arxiv,en,scientific_paper,http://arxiv.org/abs/1708.01325v1,cff7fff8801b5b09a15a52145a4ebde4
1135,"Records of Auroral Candidates and Sunspots in Rikkokushi, Chronicles of
  Ancient Japan from Early 7th Century to 887","In this article, we present the results of the surveys on sunspots and
auroral candidates in Rikkokushi, Japanese Official Histories from the early
7th century to 887 to review the solar and auroral activities. In total, we
found one sunspot record and 13 auroral candidates in Rikkokushi. We then
examine the records of the sunspots and auroral candidates, compare the auroral
candidates with the lunar phase to estimate the reliability of the auroral
candidates, and compare the records of the sunspots and auroral candidates with
the contemporary total solar irradiance reconstructed from radioisotope data.
We also identify the locations of the observational sites to review possible
equatorward expansion of auroral oval. These discussions suggest a major gap of
auroral candidates from the late 7th to early 9th century, which includes the
minimum number of candidates reconstructed from the radioisotope data, a
similar tendency as the distributions of sunspot records in contemporary China,
and a relatively high magnetic latitude with a higher potential for observing
aurorae more frequently than at present.",2017-08-03,2017,2457968.5,719804.5,arxiv,en,scientific_paper,http://arxiv.org/abs/1708.01045v1,f5da04e115123e7d8b873cb3894ff2ee
1133,Magnetic Compasses and Chinese Architectures,"In this paper, we are discussing the effect of the use of magnetic compasses
on the orientation of ancient Chinese architectonical complexes. As Czech
researchers proposed in 2011, assuming these complexes ideally oriented by the
ancient architects along north-south direction, in the case that the surveys
were made by means of magnetic compasses, we can find the axes of the complexes
deviating from the cardinal direction, according to the local magnetic
declination that existed at the time the structures were built. Following this
idea, here we discuss some examples of possible alignments obtained by means of
magnetic compasses, concluding that the Chinese surveyors adopted, during the
Ming dynasty, a method based on the magnetic compasses. The architects of the
antecedent Yuan Dynasty probably used an astronomical method.",2017-08-04,2017,2457969.5,719805.5,arxiv,en,scientific_paper,http://arxiv.org/abs/1709.07056v1,6ec3fb7b50de38ff73c0ce9b6cf9fd5b
1132,A study of ancient Khmer ephemerides,"We study ancient Khmer ephemerides described in 1910 by the French engineer
Faraut, in order to determine whether they rely on observations carried out in
Cambodia. These ephemerides were found to be of Indian origin and have been
adapted for another longitude, most likely in Burma. A method for estimating
the date and place where the ephemerides were developed or adapted is described
and applied.",2017-09-27,2017,2458023.5,719859.5,arxiv,en,scientific_paper,http://arxiv.org/abs/1709.09620v1,39c12ffea6b05394801fad60b206df36
1131,"Jet Activity in the Central Super Massive Black Hole of the Milky Way in
  4th and 14th centuries and millennium periods of climate change","This paper discusses the historical evidence for the light jets from the
central Super Massive Black Hole of Galaxy in the 4th and 14th centuries. We
suggest that the apparitions of a ""lightening cross"" recorded in 312, 351, 1317
and 1377 years were caused by the line of two jets beamed back-to-back from the
center of Milky Way (MW), which is crossing the visible projection of the
Galaxy disk. All historical accounts give precise time and geographical
locations, where from X-crosses was seen: in the vicinity of Rome, in
Jerusalem, in Tver' (the vicinity of Moscow) and in night sky over Moscow,
respectively). The positions of the Sun (or the Moon) were also mentioned in
the Middle Age manuscripts. These positions coincide with the location of the
MW center on the sky map in these specific places and dates, as it is shown
with the help of Wolfram Astronomy visualization instruments. We suggest that
the gap between jet activity events is about thousand years. The X cross in the
sky was mentioned by Plato in {\it Timaeus}\cite{plato}, but he cannot be
eyewitness and could only take this from the narratives of older ancient sages.
The X cross pictures are multiply stamped on Roman coins. It is also important
that the 4th and the 14th centuries were times when the climate vent colder.
The processes in Galaxy are often periodic because of orbital movements, so we
should consider the thousand years periods in the climate changes as well.",2017-11-06,2017,2458063.5,719899.5,arxiv,en,scientific_paper,http://arxiv.org/abs/1711.01833v11,dd4d3d16b2e8999f31680ffb3f52a6ba
1217,Learning Historical and Chronological Time: Practical Applications,"In the present article the necessity of introducing the teaching of time from
the first educative stages is defended through a didactic process in which a
feedback is produced between its chronological dimension (perception and
measuring of physical time) and the historical (knowledge of time in the
history of humanity). It has as its fundamental objectives the offering of
pedagogical strategies which will contribute to the development of this
competence in children, forming the basis of their future education as well as
revising the classic educative theories about the learning of time. In
particular, in relation to historical time where the employment of hyper-media
timelines and the most original technology of improved virtual reality and 3D
systems can contribute to an approach being given to their introduction for
comprehension at an earlier age. Concurrently, the correct integration of those
novel tools and telematic and computational systems in education, especially
from the humanistic and analytical viewpoint, will permit the adoption of
critical attitudes in the school with regard to the fictitious and virtual
reality produced. It will contribute, in this manner, to facilitating a better
comprehension of the modern world and the presence and functions that these
play in society, in a constructivist context of the development of knowledge,
science and culture.",2018-03-02,2018,2458179.5,720015.5,arxiv,en,scientific_paper,http://arxiv.org/abs/1803.01680v1,cb24c9f338042f78cdc3284b757013d0
1171,"The Climate of the Khagan. Observations on palaeo-environmental Factors
  of the History of the Avars (6th-9th century AD)","Based on palaeoenvironmental, historical and archaeological data, the paper
proposes possible climatic impacts on the history of the Avar Khaganate, which
comprised the Carpathian Basin between the late 6th and the early 9th century
AD. While the establishment of the Avars in East Central Europe took place
within a period characterised by cold and dry climatic conditions (recently
identified as Late Antique Little Ice Age), more stable climatic parameters may
have favoured the stabilisation of Avar rule after a crisis in the aftermath of
626 AD. Data indicates growth of settlement and agricultural activity up to the
mid-8th century. These developments did not necessarily strengthen central
power, but may have contributed to a greater autonomy of various groups on the
basis of increased resources. The Khaganate quickly disintegrated faced by the
Carolingian advance of the 790s; the last decades of documented Avar presence
were again accompanied by environmental vicissitudes.",2018-03-05,2018,2458182.5,720018.5,arxiv,en,scientific_paper,http://arxiv.org/abs/1803.06221v1,15e50cae15b6ca5061c66811ebf298dd
1170,"Astronomy and Feng Shui in the project of the Tang, Ming and Qing royal
  mausoleums: a satellite imagery approach","The royal Chinese mausoleums of the Tang, Ming and Qing Chinese dynasties are
astounding ensables of monuments, conceived and built to assure to the Emperors
immortality in the afterlife and perennial fame on earth. To this aim, a series
of cognitive elements were embodied in the funerary landscapes selected for
such monuments, including astronomy, general topography, and traditional
Chinese geomancy. Taking advantage of satellite imagery, we investigate here on
this issue in a general manner. In particular, we develop and apply a rigorous
approach to investigate if magnetic compass was used in the planning of such
monuments.",2018-04-01,2018,2458209.5,720045.5,arxiv,en,scientific_paper,http://arxiv.org/abs/1804.00264v1,40bdb532c272d7c4b35334054c3e6a62
1130,"Decoding European Palaeolithic art: Extremely ancient knowledge of
  precession of the equinoxes","A consistent interpretation is provided for Neolithic Gobekli Tepe and
Catalhoyuk as well as European Palaeolithic cave art. It appears they all
display the same method for recording dates based on precession of the
equinoxes, with animal symbols representing an ancient zodiac. The same
constellations are used today in the West, although some of the zodiacal
symbols are different. In particular, the Shaft Scene at Lascaux is found to
have a similar meaning to the Vulture Stone at Gobekli Tepe. Both can be viewed
as memorials of catastrophic encounters with the Taurid meteor stream,
consistent with Clube and Napier's theory of coherent catastrophism. The date
of the likely comet strike recorded at Lascaux is 15,150 BC to within 200
years, corresponding closely to the onset of a climate event recorded in a
Greenland ice core. A survey of radiocarbon dates from Chauvet and other
Palaeolithic caves is consistent with this zodiacal interpretation, with a very
high level of statistical significance. Finally, the Lion Man of
Hohlenstein-Stadel, circa 38,000 BC, is also consistent with this
interpretation, indicating this knowledge is extremely ancient and was
widespread.",2018-05-31,2018,2458269.5,720105.5,arxiv,en,scientific_paper,http://arxiv.org/abs/1806.00046v1,30712630fce9dce271e9247b1c3b294a
1216,"The story of magnetism: from Heisenberg, Slater, and Stoner to Van
  Vleck, and the issues of exchange and correlation","This article is devoted to the development of the central ideas in the field
of magnetism. The presentation is semi-technical in nature and it roughly
follows the chronological order. The key contributions of Van Vleck, Dorfman,
Pauli, Heisenberg, and Landau are presented. Then the advent of the field of
itinerant electron magnetism starting with the investigations of Bloch and
Wigner, and more successful formulation by Slater and Stoner is presented. The
physical basis of the Slater-Stoner theory is discussed and its problems are
summarized. Then, an overview of the debate between itinerant electron view of
Stoner and localized electron view of Heisenberg is presented. Connected with
this debate are the issues of exchange interactions. The issues related to the
origin of exchange interaction in Stoner model are discussed. We review the
""middle-road"" theory of van Vleck and Hurwitz--the very first theory which
takes into account the electron correlation effects in the itinerant model. We
close our presentation with the discussion of the very important issue of
strong electron correlation in the itinerant picture.",2018-07-30,2018,2458329.5,720165.5,arxiv,en,scientific_paper,http://arxiv.org/abs/1807.11291v1,7dc05fb7e9d5c0c3d72a18d5a40869ad
1129,"Algol as Horus in the Cairo Calendar: the possible means and the motives
  of the observations","An ancient Egyptian Calendar of Lucky and Unlucky Days, the Cairo Calendar
(CC), assigns luck with the period of 2.850 days. Previous astronomical,
astrophysical and statistical analyses of CC support the idea that this was the
period of the eclipsing binary Algol three millennia ago. However, next to
nothing is known about who recorded Algol's period into CC and especially how.
Here, we show that the ancient Egyptian scribes had the possible means and the
motives for such astronomical observations. Their principles of describing
celestial phenomena as activity of gods reveal why Algol received the title of
Horus.",2018-10-05,2018,2458396.5,720232.5,arxiv,en,scientific_paper,http://arxiv.org/abs/1810.06412v1,b68ee902ccd6defa811bc84d7ec91bf1
1169,"Dating the foundation of Augusta Taurinorum ex sole. The augustean
  propaganda and the role of Astronomy","The essay presents the results of a joint study of astronomy and archeology
that has allowed to define the foundation date of the city of Turin as a Roman
colony, called Iulia Augusta Taurinorum. This multidisciplinary research
represents a new reading of the historical-archaeological sources and the use
of astronomy according to the Etruscan-Latin gromatica. By taking into
consideration the apparent motion of a True Sun, the possible measurement
errors, the atmospheric refraction and the elevation of the horizon, and the
Julian date in use in astronomy, a numerical program has been elaborated to
define the coincidences of the calendars between the azimuth of the main road
axis and the course of the sun. For a series of very particular historical and
contextual conditions it was therefore possible to trace with sufficient
accuracy the day and the year of foundation of the city: January 30, 9 BC,
which coincides, not surprisingly, with a particularly important anniversary
for Ottaviano Augusto, Emperor from 27 BC to 14 AC. In fact, the astronomical
data interfaced with the archaeological, epigraphic and written sources suggest
that Turin was born at the end of the Alpine wars, concluded after the
acquisition of the Valle di Susa and, more extensively, of the Maritime Alps,
Pennine and Graie. Founded as a colony along the road leading to the Gauls,
Augusta Taurinorum was inaugurated on the day of the anniversary of the feast
of Pax, established by Augustus and celebrated at the Ara Pacis in Rome
starting from 9 BC. The large marble altar of Campo Marzio was, as matter of
fact, built to celebrate the end of civil wars and the beginning of a new era
(confirmed also by the astrological/astronomical ephemerides of that time),
which is widely reported in the official Augustean literature.",2019-01-24,2019,2458507.5,720343.5,arxiv,en,scientific_paper,http://arxiv.org/abs/1901.08545v2,66360686ffaf7b79dfc3bc222d12c6da
1128,"Sacred Landscape of the Incas in Central Chile: Radial Ceque System
  Encoded in the Archeological Site Ruinas de Chada","Mounts and hills played a predominant role in all pre-Hispanic Andean
cultures, especially for the Inca culture. Through the use of georeferenced
orthophotography, we found that the Inca site, Ruinas de Chada, represents the
origin of a radial ceque system with alignments connecting, at one end high
peaks of mounts at the Andes, and on the other end the summit of small hills in
which important shrines were built. These alignments extend over two hundred
kilometers, thus we propose that the information codified on this shrine was
based on an ancient geodetic science. A sacred geometric relationship is
encrypted in the pattern formed by the position of all shrines with high
accuracy, in which the Andean Chakana symbol is represented. These findings
suggest that the valley of Chada could have been the sacred center of
Collasuyu.",2019-04-16,2019,2458589.5,720425.5,arxiv,en,scientific_paper,http://arxiv.org/abs/1904.07906v1,e1ef3d71ec9da062edcd5f1a3db9eb1b
1127,Symbols and astrological terms in ancient arabic inscriptions,"In the past, the Arabs in Al-Hara Zone used many stars to deduce the seasons
of the year and also to deduce the roads, at that time this was the most
convenient way to figure their ways and to know the time of the year they have
to travel or to planet, The most important used stars at that time were the
Pleiades, Canopus, Arcturus, and other stars. This study shows the inscriptions
found in Al-Hara Zone in many field trips in the year 2018 which were written
on smooth black rocks and how these inscriptions related to the stars and to
the seasons - at that time - of the year.",2019-04-19,2019,2458592.5,720428.5,arxiv,en,scientific_paper,http://arxiv.org/abs/1906.02811v1,fb4d587ddb3cc60cca8e59d21560618a
1215,"Bononia, the Roman Bologna: Archaeoastronomy and Chronology","In an article written by Giulio Magli on the orientation of the Roman towns,
Bononia, the Roman Bologna, is given as a specific example to support Magli's
thesis on the existence of preferred solar alignments of the urban layout.
Assuming that the Roman towns had been oriented to the sunrise on a given day
of the year, Magli suggested possible preferred alignments according to Roman
festivals, in particular the festival of Terminalia. Of Bononia, we know the
date of foundation as Roman colony in 189 BC, given by Livy. We will show that,
according to Roman chronology and Republican calendar, it is impossible that
Bononia had been oriented to the sunrise on the day given by Livy. The
discrepancy is huge. Moreover, the direction of the decumanus cannot match the
dates of Terminalia for 189 BC. However, if we consider that the layout that we
see today is that of a recolonization under Octavian, we can have a certain
agreement between the direction of the decumanus and the sunrise on the day of
Terminalia (within three days), and a perfect agreement with the day of the
festival of Armilustrium. In the proposed discussion, we will stress in
particular the problem of the discrepancy between the historical dates of Roman
chronology and the Julian dates, those that we can find according to an
astronomical analysis. This problem is general and must be properly considered
in any archaeoastronomical analysis of Roman towns.",2019-07-20,2019,2458684.5,720520.5,arxiv,en,scientific_paper,http://arxiv.org/abs/1908.02557v3,4c4e524ff59dc2d67594d183acec1a46
1214,An introduction to quantum measurements with a historical motivation,"We provide an introduction to the theory of quantum measurements that is
centered on the pivotal role played by John von Neumann's model. This
introduction is accessible to students and researchers from outside the field
of foundations of quantum mechanics and presented within a historical context.
We first explain the origins and the meaning of the measurement problem in
quantum theory, and why it is not present in classical physics. We perform a
chronological review of the quantization of action and explain how this led to
successive restrictions on what could be measured in atomic phenomena, until
the consolidation of the orthodox interpretation of quantum mechanics. The
clear separation between quantum system and classical apparatus that causes
these restrictions is subverted in von Neumann's paradigmatic model of quantum
measurements, a subject whose concepts we explain, while also providing the
mathematical tools necessary to apply it to new problems. We show how this
model was important in discussing the interpretations of quantum mechanics and
how it is still relevant in modern applications. In particular, we explain in
detail how it can be used to describe weak measurements and the surprising
results they entail. We also discuss the limitations of von Neumann's model of
measurements, and explain how they can be overcome with POVMs and Kraus
operators. We provide the mathematical tools necessary to work with these
generalized measurements and to derive master equations from them. Finally, we
demonstrate how these can be applied in research problems by calculating the
Quantum Zeno Effect.",2019-08-11,2019,2458706.5,720542.5,arxiv,en,scientific_paper,http://arxiv.org/abs/1908.03949v1,052103ba76011d65b1703c3e5016982c
1126,Why Halley did not discover proper motion and why Cassini did,"In 1717 Halley compared contemporaneous measurements of the latitudes of four
stars with earlier measurements by ancient Greek astronomers and by Brahe, and
from the differences concluded that these four stars showed proper motion. An
analysis with modern methods shows that the data used by Halley do not contain
significant evidence for proper motion. What Halley found are the measurement
errors of Ptolemaios and Brahe. Halley further argued that the occultation of
Aldebaran by the Moon on 11 March 509 in Athens confirmed the change in
latitude of Aldebaran. In fact, however, the relevant observation was almost
certainly made in Alexandria where Aldebaran was not occulted. By carefully
considering measurement errors Jacques Cassini showed that Halley's results
from comparison with earlier astronomers were spurious, a conclusion partially
confirmed by various later authors. Cassini's careful study of the measurements
of the latitude of Arcturus provides the first significant evidence for proper
motion.",2019-08-29,2019,2458724.5,720560.5,arxiv,en,scientific_paper,http://arxiv.org/abs/1909.13636v1,ec77f6b41fbd9afbe21dd0819875188f
1213,"Edwin P. Hubble, astropolítico","Rather than offering chronologically ordered encyclopedic knowledge of a
lifetime, only some of the most striking events of the existence of this
well-known scientist are here pointed out. Sections: Life; Man of laws;
Interest in philosophy; Astronomer, astrophysicist, cosmologist; The discovery
of the expansion of the Universe; Reasonable doubt about the expansion; The
astropolitician. Apart from his scientific ideas of cosmological scope, his
worldview has been that of a pragmatic thinker with training in law, who
converts science into a large company and the scientific hypothesis into a
convenient truth that deserves to be defended and arrogated, although deep down
it is known that such reasons are not exclusive or original and that there are
also reasons to defend the opposite thing.
  ------
  M\'as que ofrecer un conocimiento enciclop\'edico cronol\'ogicamente ordenado
de toda una vida, se\~nalar\'e solamente algunos de los eventos m\'as
llamativos de la existencia del ampliamente reconocido cient\'ifico. Secciones:
Vida; Hombre de leyes; Inter\'es por la filosof\'ia; Astr\'onomo,
astrof\'isico, cosm\'ologo; El descubrimiento de la expansi\'on del Universo;
Duda razonable sobre la expansi\'on; El astropol\'itico. Aparte de sus ideas
cient\'ificas de alcance cosmol\'ogico, su cosmovisi\'on ha sido la de un
pensador pragm\'atico con formaci\'on de abogado, que convierte la ciencia en
una gran empresa y la hip\'otesis cient\'ifica en una verdad conveniente que
merece defenderse y arrogarse, aunque en el fondo se sepa que no son exclusivas
ni originales tales razones y que hay tambi\'en razones para defender lo
contrario.",2019-10-04,2019,2458760.5,720596.5,arxiv,en,scientific_paper,http://arxiv.org/abs/1910.01999v1,901279613656c737a02d5309125ab3c7
1125,Whitening the Sky: light pollution as a form of cultural genocide,"Light pollution is actively destroying our ability to see the stars. Many
Indigenous traditions and knowledge systems around the world are based on the
stars, and the peoples' ability to observe and interpret stellar positions and
properties is of critical importance for daily life and cultural continuity.
The erasure of the night sky acts to erase Indigenous connection to the stars,
acting as a form of ongoing cultural and ecological genocide. Efforts to
reduce, minimise, or eliminate light pollution are being achieved with varying
degrees of success, but urban expansion, poor lighting design, and the
increased use of blue-light emitting LEDs as a cost-effective solution is
worsening problems related to human health, wildlife, and astronomical heritage
for the benefit of capitalistic economic growth. We provide a brief overview of
the issue, illustrating some of the important connections that the Aboriginal
and Torres Strait Islander people of Australia maintain with the stars, as well
as the impact growing light pollution has on this ancient knowledge. We propose
a transdisciplinary approach to solving these issues, using a foundation based
on Indigenous philosophies and decolonising methodologies.",2020-01-10,2020,2458858.5,720694.5,arxiv,en,scientific_paper,http://arxiv.org/abs/2001.11527v1,d146e3c67f22ba167c530e9593a145a3
1124,"Solstice and Solar Position observations in Australian Aboriginal and
  Torres Strait Islander traditions","A major focus of the archaeoastronomical research conducted around the world
focuses on understanding how ancient cultures observed sunrise and sunset
points along the horizon, particularly at the solstices and equinoxes. Scholars
argue that observations of these solar points are useful for developing
calendars, informing ritual/ceremonial practices, and predicting seasonal
change. This is the foundation of the Eurocentric four-season Julian (and later
Gregorian) calendar. Famous examples include Stonehenge, Newgrange, Chichen
Itza, and Chankillo. Studies at these and other sites tend to focus on solar
point observations through alignments in stone arrangements, and the
orientations of monuments. Despite the ongoing study of Indigenous Knowledge in
Australia revealing a wealth of information about Aboriginal and Torres Strait
Islander observations and interpretations of solar, lunar, and stellar
properties and motions, very little has been published about the importance and
use of solar point observations. The authors examine this topic through four
case studies, based on methodological frameworks and approaches in ethnography,
ethnohistory, archaeology, and statistics. Our findings show that Aboriginal
and Torres Strait Islander people observe the solstices and other significant
sunrise/sunset points along the horizon for timekeeping and indicating seasonal
change - but in ways that are rather different to the four-season model
developed in Western Europe.",2020-01-24,2020,2458872.5,720708.5,arxiv,en,scientific_paper,http://arxiv.org/abs/2001.08884v1,2b738aa86ba9c65a8e4fe37bc2eecab6
1123,"Orbital dynamics of highly probable but rare Orionid outbursts possibly
  observed by the ancient Maya","Using orbital integrations of particles ejected from Comet Halley's passages
between 1404 BC and 240 BC, the authors investigate possible outbursts of the
Orionids (twin shower of the Eta Aquariids) that may have been observed in the
western hemisphere. In an earlier orbital integration study the authors
determined there was a high probability linking probable outbursts of the Eta
Aquariid meteor shower with certain events recorded in inscriptions during the
Maya Classic Period, AD 250-900. This prior examination was the first
scientific inquiry of its kind into ancient meteor outbursts possibly recorded
in the western hemisphere where previously no pre-Columbian observations had
existed. In the current paper the aim is to describe orbital dynamics of rare
but probable Orionid outbursts that would have occurred on or near applicable
dates recorded in the Classic Maya inscriptions. Specifically, significant
probable outbursts are found in AD 417 and 585 out of 30 possible target years.
The driving mechanisms for outbursts in those two years are Jovian 1:6 and 1:7
mean motion resonances acting to maintain compact structures within the Orionid
stream for over 1 kyr. Furthermore, an Orionid outburst in AD 585 recorded by
China is confirmed.",2020-01-31,2020,2458879.5,720715.5,arxiv,en,scientific_paper,http://arxiv.org/abs/2002.00106v2,83030a573e733b80f444ee24b4d8b381
1122,Archaeoastronomical study of the historic churches of La Gomera,"In this paper we discuss the importance of studying the orientation of
ancient Christian churches, as a complement to the historical and cultural
research of the temples. We present preliminary results of the analysis of the
precise spatial orientation of 38 colonial churches located on the Canary
Island of La Gomera (Spain). The sample suggests that, although several
churches have a canonical orientation within the solar range, a large
proportion of them follow a pattern of orientations that is compatible with the
steep orography of the island and, therefore, contrasts with the prescriptions
contained in the texts of the early Christian writers.",2020-03-02,2020,2458910.5,720746.5,arxiv,en,scientific_paper,http://arxiv.org/abs/2003.01198v1,e57bde07ac813520c64447ed4651f9b8
1212,Extreme Space Weather Events Recorded in History,"This section shows an overview of a recent development of the studies on
great space weather events in history. Its discussion starts from the
Carrington event and compare its intensity with the extreme storms within the
coverage of the regular magnetic measurements. Extending its analyses back
beyond their onset, this section shows several case studies of extreme storms
with sunspot records in the telescopic observations and candidate auroral
records in historical records. Before the onset of telescopic observations,
this section shows the chronological coverages of the records of unaided-eye
sunspot and candidate aurorae and several case studies on their basis.",2020-03-11,2020,2458919.5,720755.5,arxiv,en,scientific_paper,http://arxiv.org/abs/2003.06020v1,99196201be7bf402cb8e492bf57c7174
1168,"Urban Planning in the First Unfortified Spanish Colonial Town: The
  orientation of the historic churches of San Cristobal de La Laguna","The city of San Cristobal de La Laguna in the Canary Island of Tenerife
(Spain) has an exceptional value due to the original conception of its plan. It
is an urban system in a grid, outlined by straight streets that form squares,
its layout being the first case of an unfortified colonial city with a regular
plan in the overseas European expansion. It constitutes a historical example of
the so-called ""Town of Peace"", the archetype of a city-republic in a new land
that employed its own natural boundaries to delimit and defend itself. Founded
in 1496, the historical centre of the old city was declared a World Heritage
Site by UNESCO in 1999. We analyse the exact spatial orientation of twenty-one
historic Christian churches currently existing in the old part of La Laguna
which we take as a good indicator of the original layout of the urban lattice.
We find a clear orientation pattern that, if correlated with the rising or
setting Sun, singles out an absolute-value astronomical declination slightly
below 20 degrees, which, within the margin of error of our study, might be
associated with the July 25th feast-day of San Cristobal de Licia, the saint to
whom the town was originally dedicated. We also discuss at some length some
recent proposals which invoke somewhat far-fetched hypotheses for the
planimetry of the old city and finish up with some comments on one of its
outstanding features, namely its Latin-cross structure, which is apparent in
the combined layout of some of its most emblematic churches.",2020-03-27,2020,2458935.5,720771.5,arxiv,en,scientific_paper,http://arxiv.org/abs/2003.12410v1,c2281c6859d44243378304ef9ee1f09d
1121,Theoretical Physics and Indian Philosophy: Conceptual Coherence,"The paper addresses the phenomenon of cross-cultural resonance, which arises
when ideas coming from different cultures and view systems show mutual
correlation, or coherence. We particularly dwell on the parallels between
modern physics and Indian classical philosophy. The coherence in ideological,
methodological, and ethical spheres is noted and exemplified. Interpretation of
correlations in terms of the Jaspers 'ciphers of transcendence' is proposed. A
brief survey of studies also dealing with coherence between modern science and
ancient teachings is given. In conclusion, a broader perspective of
interrelations between rational science and spiritual tradition is discussed.",2020-04-05,2020,2458944.5,720780.5,arxiv,en,scientific_paper,http://arxiv.org/abs/2004.02150v1,2c7a45c3039d9310c62ed6de9fe3c025
1120,Structural study of the Notre-Dame ancient charpente,"The timber roofing structure (charpente or combles, in French) of the
cathedral Notre-Dame, destroyed by the fire of April 15th, 2019, is studied.
The aim is twofold: on the one hand, it is interesting to evaluate the
structural behavior of the original wooden structure in view of the
reconstruction of the cathedral's roof. On the other hand, its structural
analysis, never done before, can help to shed a light on the design process
used by the masterbuilders of the XIIIth century, and to reconstruct, at least
in part, the structural thought and knowledge of the ancient builders.",2020-05-26,2020,2458995.5,720831.5,arxiv,en,scientific_paper,http://arxiv.org/abs/2005.12584v3,4b7679812c22bbece0eebc49718d9640
1119,"Counterparts of Far Eastern Guest Stars: Novae, supernovae, or something
  else?","Historical observations of transients are crucial for studies of their
long-term evolution. This paper forms part of a series of papers in which we
develop methods for the analysis of ancient data of transient events and their
usability in modern science. Prior research on this subject by other authors
has focused on looking for historical supernovae and our earlier work focused
on cataclysmic binaries as classical novae. In this study we consider planetary
nebulae, symbiotic stars, supernova remnants and pulsars in the search fields
of our test sample. We present the possibilities for these object types to
flare up visually, give a global overview on their distribution and discuss the
objects in our search fields individually. To summarise our results, we provide
a table of the most likely identifications of the historical sightings in our
test sample and outline our method in order to apply it to further historical
records in future works. Highlights of our results include a re-interpretation
of two separate sightings as one supernova observation from May 667 to June 668
CE, the remnant of which could possibly be SNR G160.9+02.6. We also suggest the
recurrent nova U Sco as a candidate for the appearance observed between
Scorpius and Ophiuchus in 891, which could point towards a long-term
variability of eruption amplitudes. In addition, we find that the `shiny
bright' sighting in 1431 can be linked to the symbiotic binary KT Eri, which
erupted as a naked eye classical nova in 2009.",2020-06-01,2020,2459001.5,720837.5,arxiv,en,scientific_paper,http://arxiv.org/abs/2006.00977v2,afa58553360c5bb107e77bb4c2da0e5c
1211,The Solar Eclipse of the Xia Dynasty: A Review,"We present a review on the renowned solar eclipse in the Chinese book
""Shujing"" describing the oldest account of this kind. After balancing the
arguments on the time, place, and the celestial stage, we offer a new scenario.
The path of totality on 15 September 1903 BCE traversed Anyi, the assumed
capital of the Xia dynasty. The date matches remarkably well the chronological
order of two other incidents of mythological rank: the closest-ever
agglomeration of the naked-eye planets and the Great Flood under Emperor Yu.
Still, this eclipse does not remove all questions about the historical
circumstances given in the account.",2020-06-08,2020,2459008.5,720844.5,arxiv,en,scientific_paper,http://arxiv.org/abs/2006.04674v2,03a18b9d93df38423f4037a15fcbea15
1167,"The development of a utopian city? Comparing land- and skyscapes in
  Santa Cruz de Tenerife and San Cristobal de la Laguna","We discuss the peculiar planning of the city of San Cristobal de La Laguna,
in the Canary Island of Tenerife (Spain), when compared to the nearby and
essentially contemporary Santa Cruz de Tenerife, which served as a maritime
port of the former city. For this we review our previous study of the exact
spatial orientation of twenty-one historic Christian churches currently
existing in the old part of La Laguna, which we compare with the analysis of
six similar buildings located in Santa Cruz, and presented here for the first
time. In both cities, we take the spatial orientation of historic churches as
good indicators of the original layout of the respective urban lattices.
Although we find a clear orientation pattern for La Laguna, which singles out
an absolute-value astronomical declination slightly below 20 degrees, pointing
to a preferred date close to the July 25th feast-day of San Cristobal de Licia,
in the case of Santa Cruz this trend is not followed. On the contrary, the
pattern we find for Santa Cruz, within the uncertainties due to the low
statistics, and apart from one equinoctial and one solstitial oriented
churches, is consistent with an orographic orientation within the canonic
limits of sunrise. This result highlights the uniqueness of the city of La
Laguna, and supports the idea suggesting its deliberate planning in the early
16th century.",2020-06-12,2020,2459012.5,720848.5,arxiv,en,scientific_paper,http://arxiv.org/abs/2006.09180v1,f6af78ca268b3b7df2c2a6ec84e2ac08
1118,Method to measure Earth missed by ancient Greeks?,"I describe a simple method to calculate Earth dimensions using only local
measurements and observations. I used modern technology (a digital photo camera
and Google Earth) but the exact same method can be used without any aid, with
naked eye observations and distances measured by walking, and so it was
perfectly accessible to Ancient Greek science.",2020-07-04,2020,2459034.5,720870.5,arxiv,en,scientific_paper,http://arxiv.org/abs/2007.02111v1,ccc46f0e4c20e6095c5f4793363b1fd0
1210,The Double Eclipse at the Downfall of Old Babylon,"For many decades scholars converse how to correctly include the Old
Babylonian Empire into the absolute timeline of history. A cuneiform text from
the series Enuma Anu Enlil (EAE #20) reports on the destruction of Babylon
after a lunar and solar eclipse. Eclipses provide a great tool for examining
historic events, and this account will be our basis for the investigation of
eclipse pairs to be fitted into the various chronologies proposed. We consider
three interpretations of that text: literal understanding, the inverted
sequence of the two eclipse types, and a relocation of the setting to Akkad.
All variants show imperfections. The least complications emerge when the
account draws upon the third option, i.e. if it is allotted to 2161 BCE, as the
year would mark the end of the Gutian rule in Akkad. But in any case the
account seems to support rather the Long Chronology than any other. When
dealing with eclipses such far back in time, we also allow for the shift of the
visibility zone in regard to the irregular deceleration of Earth's rotation.",2020-07-14,2020,2459044.5,720880.5,arxiv,en,scientific_paper,http://arxiv.org/abs/2007.07141v1,c6b793fe528d88c46d02678d4c278a76
1117,Eclipses in the Aztec Codices,"This paper centers on the collection of accounts on solar eclipses from the
era of the Aztecs in Mesoamerica, about 1300 to 1550 AD. We present a list of
all eclipse events complying with the topological visibility from the capital
Tenochtitlan. Forty records of 23 eclipses entered the various Aztec
manuscripts (codices), usually those of large magnitude. Each event is
discussed with regard to its historical context, as we try to comprehend the
importance the Aztecs gave to the phenomenon. It seems that this culture paid
noticeably less attention to eclipses than the civilisations in the ""Old
World"". People did not understand the cause of it and did not care as much
about astronomy as in Babylonia and ancient China. Furthermore, we discuss the
legend on the comet of Moctezuma II. It turns out that the post-conquest
writers misconceived what the sighting was meant to be.",2020-08-20,2020,2459081.5,720917.5,arxiv,en,scientific_paper,http://arxiv.org/abs/2008.08982v1,8ff5f874ca1294c81d4ecf7fb02d530b
1116,Breve historia de la astrobiología en Argentina,"Astrobiology or exobiology is a relatively new area of science that
investigates the possibilities of finding life in other places in the universe.
This not only includes the exploration of planets near or distant to Earth, but
also the exploration of our own planet in the study of the origin and evolution
of life. Given the complexity of the questions this field tries to answer,
astrobiology nourishes from various areas of science, such as physics,
chemistry, astronomy, geology, among others, the reason why is considered an
interdisciplinary or transdisciplinary area. Some of these questions have also
arisen from these areas and have converged in what is now astrobiology. Even
many of these questions have also been asked in ancient times, although without
the scientific and technical framework that we have today. This is the case of
civilizations such as those of ancient Greece, among others, which have raised
questions directly related to the possibilities of finding life on other
worlds. Therefore, many of the questions today are part of astrobiology predate
the development of astrobiology itself. This has been the path that has led to
the development of astrobiology as a young science worldwide. Many Latin
American countries, such as Argentina, have not been the exception to this.",2020-10-26,2020,2459148.5,720984.5,arxiv,en,scientific_paper,http://arxiv.org/abs/2010.13883v1,f98cca8e9e8e23d8dc56ff4dabd218cf
1115,The Timeline Of Gravity,"Gravity plays an important part in the experiments and discoveries of the
modern world. But how was it discovered? Surely Newton and Einstein were not
the only people to observe it and account for it. It had been a long path
before the full theory for Gravitation could be formulated with open ends for
more add-ons and modifications. All the contributions from across the world and
different eras helped in the discovery of gravity as a whole new concept and
area of research with a major contribution from the Greeks. This 3 article
series lists out the important curves in the carefully carved path of
gravitational discovery. The first article summarises the development of
interest in the cosmos and the growth of scientific knowledge through ancient
theories and observations.",2020-11-20,2020,2459173.5,721009.5,arxiv,en,scientific_paper,http://arxiv.org/abs/2011.14014v1,1bffefe3bca52c0b66207fdfa396d964
1209,Cometary records revise Eastern Mediterranean chronology around 1240 CE,"Eirene Laskarina, empress of John III Batatzes of the exiled Byzantine Empire
of Nicaea (1204--1261 CE), was an important Eastern Mediterranean figure in the
first half of the thirteenth century. We reassess the date of Eirene's death,
which has been variously dated between late 1239 and 1241, with the
understanding that narrowing the range in which this event occurred contributes
much to understanding the political situation in the area around 1240. George
Akropolites, a famous official of the Empire, gives an account that connects
Eirene's death to a comet that appeared ""six months earlier"", thus pointing to
two comet candidates that were visible from the Eastern Mediterranean between
1239 and 1241, one recorded on ""3 June 1239"" and the other on ""31 January
1240"". Recent historians prefer the former, based on historical circumstances
and without a critical assessment of the comet records. We revisit the
historical records and reveal that the ""3 June 1239"" candidate was not a comet.
On the other hand, the other candidate, sighted on ""31 January 1240"", was a
comet, as supported by multiple historical records in multiple regions, and is
also a good fit with Akropolites's narrative. Therefore, we conclude that
Eirene died six months after the comet that was seen on 31 January 1240, which
places her death in the summer of 1240. Given that the date of her death is
crucial for determining some other contemporary events across the Eastern
Mediterranean, our results offer a solid basis for further research on the
thirteenth-century Eastern Mediterranean.",2020-12-02,2020,2459185.5,721021.5,arxiv,en,scientific_paper,http://arxiv.org/abs/2012.00976v1,b40456d624407d8bb621946c195c6565
1114,"A Case Study of the Picture Rocks Sun Dagger, Plus a Review of the
  Intentionality of Sun Daggers","The Picture Rocks Sun Dagger is a spiral petroglyph on a hillside northwest
of Tucson that shows sun dagger events at both the summer solstice and the
equinoxes. On each of these dates, a wedge-shaped sunbeam with opening angles
20{\deg}-30{\deg} touches the center of the spiral, with both of these being
confidently intentionally constructed by peoples of the Hohokam culture c.
800--1300 AD. More generally for claimed sun daggers throughout the American
Southwest, the critical question is whether the ancient indigenous peoples
intentionally placed the petroglyph so as to create a solar marker. The
confident starting point for proving the intentionality of sun daggers in
general is a histogram measured by the Prestons showing highly significant
peaks for indicated declinations within 2{\deg} of -23.4{\deg}, 0.0{\deg}, and
+23.4{\deg}, with this being not by chance. In a review of solsticial and
equinoctal sun daggers, we find that they all have beams of light shaped like a
long-thin triangle with an apex opening angle of <40{\deg} that touches the
center of the petroglyph symbol. The majority of the sun daggers use a spiral
petroglyph, with circles and other symbols being used. Where a spiral or
circular petroglyph has a coincidental light/shadow display, the false alarm
rate is measured to be 20% to 33%. Sun daggers that have indicated declinations
other than +-23.4{\deg} or 0.0{\deg} are false alarms, including claims for
alignments to cross-quarter days and lunar standstills, which are certainly
wrong. Intentional sun daggers are not related to any form of calendric
regulation, astronomical tools, or public ceremony. Rather, abundant
ethnographic evidence shows that sun daggers are a part of sites, called Sun
Shrines, where a local Sun watcher would have lone vigils, with offerings and
prayers to the gods on the solstices and equinoxes.",2020-12-20,2020,2459203.5,721039.5,arxiv,en,scientific_paper,http://arxiv.org/abs/2012.10834v1,fcffd952e5e2d9248e55932c8cc03731
1208,The Dalton Minimum and John Dalton's Auroral Observations,"In addition to the regular Schwabe cycles of approximately 11 y, ""prolonged
solar activity minima"" have been identified through the direct observation of
sunspots and aurorae, as well as proxy data of cosmogenic isotopes. Some of
these minima have been regarded as grand solar minima, which are arguably
associated with the special state of the solar dynamo and have attracted
significant scientific interest. In this paper, we review how these prolonged
solar activity minima have been identified. In particular, we focus on the
Dalton Minimum, which is named after John Dalton. We review Dalton's scientific
achievements, particularly in geophysics. Special emphasis is placed on his
lifelong observations of auroral displays over approximately five decades in
Great Britain. Dalton's observations for the auroral frequency allowed him to
notice the scarcity of auroral displays in the early 19th century. We analyze
temporal variations in the annual frequency of such displays from a modern
perspective. The contemporary geomagnetic positions of Dalton's observational
site make his dataset extremely valuable because his site is located in the
sub-auroral zone and is relatively sensitive to minor enhancements in solar
eruptions and solar wind streams. His data indicate clear solar cycles in the
early 19th century and their significant depression from 1798 to 1824.
Additionally, his data reveal a significant spike in auroral frequency in 1797,
which chronologically coincides with the ""lost cycle"" that is believed to have
occurred at the end of Solar Cycle 4. Therefore, John Dalton's achievements can
still benefit modern science and help us improve our understanding of the
Dalton Minimum.",2020-12-26,2020,2459209.5,721045.5,arxiv,en,scientific_paper,http://arxiv.org/abs/2012.13713v1,a503bab3d04474ea52b6373e05ef2a93
1207,"A causal and continuous interpretation of the quantum theory: About an
  original manuscript by David Bohm sent to Louis de Broglie in 1951","The aim of this article is reproduce and analyze an original article of David
Bohm sent to Louis de Broglie in 1951. This article is the older document of
David Bohm about his well known hidden variable theory based on the pilot wave
interpretation of Louis de Broglie. We analyse the chronology and the history
of this fascinating document.",2021-02-28,2021,2459273.5,721109.5,arxiv,en,scientific_paper,http://arxiv.org/abs/2103.00576v1,82a935290e0ee2c0a0a0afbf2655e81b
1070,"European Historical Evidence Of The Supernova Of Ad 1054 Sky Above
  Europe On 4th July 1054","We investigate possible reasons for the absence of historical records of the
supernova of 1054 in Europe. At the same time, we search for the new evidences
as well. We establish that the previously acclaimed 'Arabic' records from ibn
Butlan originate from Europe. As one of the most prominent scientists of the
era, he was in Constantinople at the time of the supernova and actively
participated in the medieval Church feud known as the Great Schism. Next, we
reconstruct the European sky at the time of the event and find that the 'new
star' (SN 1054) was in the west while the planet Venus was on the opposite side
of the sky (in the east) with the Sun sited directly between these two equally
bright objects, as documented in East-Asian records.",2021-03-18,2021,2459291.5,721127.5,arxiv,en,scientific_paper,http://arxiv.org/abs/2103.13290v1,3fc0aa80483c2066762f47be88d559f6
1113,Did a Series of Solar Eclipses Inspire the Nazca Lines?,"The mysterious lines in the desert of Nazca in southern Peru received many
attempts at an explanation. We discuss the possibility that their origin is
based on solar eclipses which could have evoked some kind of ""reaction"" by the
inhabitants. In the mid-4th century BCE, six very conspicuous events within 20
years occurred over that area. The climax was reached with the total eclipse of
11 March -357. In this paper we try to explain the geoglyphs as a medium of
communication of the ancients with their gods.",2021-03-26,2021,2459299.5,721135.5,arxiv,en,scientific_paper,http://arxiv.org/abs/2103.14647v1,fa21c8e6313439deabeb6b335807067f
1112,Specular Reflection from the Great Pyramid at Giza,"The pyramids of ancient Egypt are said to have shone brilliantly in the sun.
Surfaces of polished limestone would not only have reflected diffusely in all
directions, but would also likely have produced specular reflections in
particular directions. Reflections toward points on the horizon would have been
visible from large distances. On a particular day and time when the sun was
properly situated, an observer stationed at a distant site would have seen a
momentary flash as the sun's reflection moved across the face of the pyramid.
The positions of the sun that are reflected to the horizon are confined to
narrow arcs in the sky, one arc for each side of the pyramid. We model specular
reflections from the pyramid of Khufu and derive the annual dates and times
when they would have been visible at important ancient sites. Certain of these
events might have coincided with significant dates on the Egyptian calendar, as
well as with solar equinoxes, solstices and cross-quarter days. The celebration
of Wepet-Renpet, which at the time of the pyramid's construction occurred near
the spring cross-quarter day, would have been marked by a specular sweep of
sites on the southern horizon. On the autumn and winter cross-quarter days
reflections would have been directed to Heliopolis. We suggest that on those
days the pyramidion of Khafre might have been visible in specular reflection
over the truncated top of Khufu's pyramid.",2021-04-06,2021,2459310.5,721146.5,arxiv,en,scientific_paper,http://arxiv.org/abs/2104.02642v2,fbc4eb7f2e441b3a177cfd3d29e6b376
1111,History of Prime Movers and Future Implications,"Motive and electrical energy has played a crucial role in human civilization.
Since Ancient times, motive energy played a primary role in agricultural and
industrial production as well as transportation. At that time, motive energy
was provided by work of humans and draft animals. Later, work of water and wind
power was harnessed. During the 19$^{\text{th}}$ century, steam power became
the main source of motive energy in USA and Britain. Modern transportation and
industry depend on the work of heat engines that use fossil fuel. A brief
history of different sources of energy is presented in this work. The energy
consumptions in pre-industrial and industrial societies are calculated. The
lost opportunities for the Second Industrial Revolution (such as fast breeder
reactors and thermonuclear power stations) are discussed. The case that the
Solar Power will become the main source of energy by the second half of this
century is presented. It is calculated that the Solar Power has the potential
to bring about the new Industrial Revolution. Based on material and energy
resources available in the Solar System, it is demonstrated that the Solar
System Civilization supporting a population of 10 Quadrillion with a high
standard of living is possible.",2021-04-19,2021,2459323.5,721159.5,arxiv,en,scientific_paper,http://arxiv.org/abs/2104.08981v1,254f49d6dfdfa72da408535d6e925f62
1069,"European Historical Evidence of the Supernova of AD 1054 Balkan Medieval
  Tombstones","In a previous work, we establish that the acclaimed 'Arabic' records of SN
1054 from ibn Butlan originate from Europe. Also, we reconstructed the European
sky at the time of the event and find that the 'new star' (SN 1054) was in the
west while the planet Venus was on the opposite side of the sky (in the east)
with the Sun sited directly between these two equally bright objects, as
documented in East-Asian records. Here, we investigate the engravings on
tombstones (ste\'cci) from several necropolises in present-day Bosnia and
Herzegovina (far from the influence of the Church) as a possible European
'record' of SN 1054. Certainly, knowledge and understanding of celestial events
(such as supernovae) were somewhat poor in the mid-XI century.",2021-04-20,2021,2459324.5,721160.5,arxiv,en,scientific_paper,http://arxiv.org/abs/2105.02119v1,aeda28c0916a4c5c4ee904d6d1407b4d
1110,"Intrinsic Harmonic Spaces: A Solution to the Ancient Problem of Perfect
  Tuning","In this article we solve this ancient problem of perfect tuning in all keys
and present a system were all harmonies are conserved at once. It will become
clear, when we expose our solution, why this solution could not be found in the
way in which earlier on musicians and scientist have been approaching the
problem. We follow indeed a different approach. We first construct a
mathematical representation of the complete harmony by means of a vector space,
where the different tones are represented in complete harmonic way for all keys
at once. One of the essential differences with earlier systems is that tones
will no longer be ordered within an octave, and we find the octave-like
ordering back as a projection of our system. But it is exactly by this
projection procedure that the possibility to create a harmonic system for all
keys at once is lost. So we see why the old way of ordering tones within an
octave could not lead to a solution of the problem. We indicate in which way a
real musical instrument could be built that realizes our harmonic scheme.
Because tones are no longer ordered within an octave such a musical instrument
will be rather unconventional. It is however a physically realizable musical
instrument, at least for the Pythagorean harmony. We also indicate how perfect
harmonies of every dimension could be realized by computers.",2021-04-21,2021,2459325.5,721161.5,arxiv,en,scientific_paper,http://arxiv.org/abs/2104.10793v1,ff2b2325b5f011ff68a766cacc246d51
1109,Sundial-water clock of the Bronze Age (Northern Black Sea Region),"This article presents the results of a study of signs on a Bronze Age slab
discovered in the vicinity of a heavily plowed mound near the settlement of
Pyatikhatki. The slab belongs to the Dolmen archaeological culture. In the
course of this research, it was proved that the Pyatikhatki slab is a unique
measuring tool, that combines elements of sundial and water clock. It has all
the cup marks of an analemmatic sundial, except for the presence of a precise
analemma, which at that time, it seems, could not yet be built. The vertical
gnomon moved only along the north-south line, and the time was determined
approximately. Most likely, this was due to the lack of accuracy in measuring
time using the water clock of that era. It is possible that it was their
imperfection that was the incentive for the development of a new type of watch
- a sundial, which would allow measuring time over a long period with a higher
accuracy.",2021-04-23,2021,2459327.5,721163.5,arxiv,en,scientific_paper,http://arxiv.org/abs/2104.13192v1,fbf6bb9d4b405e0d5a9dcb133bea0176
1108,Modern light on ancient feud: Robert Hooke and Newton's graphical method,"The feud between Robert Hooke and Isaac Newton has remained ongoing even
after 300 years, over whether Newton should have acknowledged Hooke's influence
on his graphical method of constructing planet orbits, the celebrated
Proposition 1, Theorem 1 of the $Principia$. The drama has escalated in recent
decades, with a claim that Hooke may have used the same method and obtained an
elliptical orbit for a linear force, a feat that some considered Newton never
did for the inverse-square force. Modern understanding of Newton's graphical
method as a symplectic integrator can now shed light on whether this claim is
creditable. This work, based on knowing the Hamiltonian of the symplectic
integrator, deduced the analytical orbit corresponding to Newton's graphical
construction. A detailed comparison between this analytical orbit and Hooke's
drawing shows that it is unlikely that Hooke had used Newton's graphical method
and obtained the correct orbit.",2021-06-13,2021,2459378.5,721214.5,arxiv,en,scientific_paper,http://arxiv.org/abs/2106.07082v1,da6a212f1e8583dd41216c07257ccdf0
1107,Measuring time with stationary quantum clocks,"Time plays a fundamental role in our ability to make sense of the physical
laws in the world around us. The nature of time has puzzled people -- from the
ancient Greeks to the present day -- resulting in a long running debate between
philosophers and physicists alike to whether time needs change to exist (the
so-called relatival theory), or whether time flows regardless of change (the
so-called substantival theory). One way to decide between the two is to attempt
to measure the flow of time with a stationary clock, since if time were
substantival, the flow of time would manifest itself in the experiment. Alas,
conventional wisdom suggests that in order for a clock to function, it cannot
be a static object, thus rendering this experiment seemingly impossible. Here
we show, with the aid of counterfactual measurements, the surprising result
that a quantum clock can measure the passage of time even while being switched
off, thus lending constructive support for the substantival theory of time.",2021-06-14,2021,2459379.5,721215.5,arxiv,en,scientific_paper,http://arxiv.org/abs/2106.07684v2,bab4405867e92f533eb58703dadaaebe
1106,Revisitando o Experimento de Eratóstenes: medida do raio de Terra,"In this work, we measure the volumetric mean radius of the Earth, reproducing
the historical experiment of Eratosthenes, carried out around 240 BC, in the
ancient cities of Siena and Alexandria. Here, we perform measurements in the
cities of Rio de Janeiro-RJ-Brazil and Teresina-PI-Brazil, whose longitude
coordinates are close. Using simple equipment, such as plumb lines and rulers,
we simultaneously measure the height of an object and its shadow's length at
midday, when the Sun is at its highest elevation, in order to obtain the shadow
angle. After determining the distance (latitude) between cities from satellite
data, we use the measured shadow angles to estimate the volume mean radius of
the Earth, from basic trigonometric arguments, finding a result whose error is
$0.5 \% $ with respect to the literature. Furthermore, from the difference of
time in which the Sun is at the highest point in the sky in each location, we
also estimate the Earth's angular velocity. In summary, we pedagogically
present how to obtain the mean curvature of the planet, assuming an
approximately spherical surface, in addition to its angular velocity.",2021-10-02,2021,2459489.5,721325.5,arxiv,en,scientific_paper,http://arxiv.org/abs/2110.01610v1,2969a5cc8089b1e90c68254d6d22a5cd
1105,Introducing ASTROMOVES,"The ASTROMOVES project studies the career moves and the career
decision-making of astrophysicists. The astrophysicists participating have to
have made at least two career moves after receiving their doctorates, which is
usually between 4 and 8 years post PhD. ASTROMOVES is funded via the European
Union and thus each participant must have worked or lived in Europe. Gender,
ethnicity, nationality, marital status, and if they have children are some of
the many factors for analysis. Other studies of the careers of astronomers and
astrophysicists have taken survey approaches (Fohlmeister & Helling, 2012,
2014; Ivie et al., 2013; Ivie & White, 2015) laying a foundation upon which
ASTROMOVES builds. For ASTROMOVES qualitative interviews are combined with
publicly available information for the project, rather than surveys. Valuable
information about career options and the decisions about where not to apply
will be gathered for the first time. Those few studies that have used
qualitative interviews often include both physicists and astrophysicists,
nonetheless they have revealed issues that are important to ASTROMOVES such as
the role of activism and the nuances of having children related to the long
work hours culture (Ong, 2001; Rolin & Vainio, 2011). The global COVID-19
pandemic has slowed down the project; however, at the time of this writing 20
interviews have been completed. These interviews support previous research
findings on how having a family plays an important role in career decision
making, as well as the importance of mobility in building a career in
astrophysics. Cultural Astronomy spans all aspects of the relationship between
humans and the sky as well as all times ancient to the present; and thus,
studying astronomers & astrophysicists who have a professional relationship to
the sky is part of cultural astronomy, too.",2021-12-06,2021,2459554.5,721390.5,arxiv,en,scientific_paper,http://arxiv.org/abs/2112.03090v1,42c59d6ab0fb96801327a7e6cb876ab0
1104,About the Evolution of the Concept of Heat and Thermal Energy,"The concept of thermal energy was only fully formulated in the late 19th and
early 20th centuries. The search for the understanding of calorific phenomena
was what provided the construction and development of the concept of thermal
energy. In this work we present the evolution of the concept of heat and
thermal energy over time, following a chronological order and the evolution of
the ideas and principles in question. For this, a vast bibliographical research
on the subject was carried out. The theme has been addressed from the ancient
Greek philosophers to the advent of modern physics with the elucidation of the
phenomenon of thermal radiation.",2021-12-30,2021,2459578.5,721414.5,arxiv,en,scientific_paper,http://arxiv.org/abs/2201.13206v1,d70ddd146f7f1464de26931801b37652
1,"RLSTATE={""ext.gadget.wikiflex"":""ready"",""ext.gadget.infobox"":""ready"",""ext.gadget.hlist"":""ready"",""ext.","RLSTATE={""ext.gadget.wikiflex"":""ready"",""ext.gadget.infobox"":""ready"",""ext.gadget.hlist"":""ready"",""ext.gadget.darkmode-overrides"":""ready"",""ext.gadget.small-references"":""ready"",""ext.gadget.citation-access-info"":""ready"",""ext.gadget.sprawdz-problemy-szablony"":""ready"",""ext.globalCssJs.user.styles"":""ready"",""site.styles"":""ready"",""user.styles"":""ready"",""ext.globalCssJs.user"":""ready"",""user"":""ready"",""user.options"":""loading"",""ext.cite.styles"":""ready"",""ext.wikimediamessages.styles"":""ready"",""skins.vector.search.codex.styles"":""ready"",""skins.vector.styles"":""ready"",""skins.vector.icons"":""ready"",""jquery.makeCollapsible.styles"":""ready"",""ext.flaggedRevs.basic"":""ready"",""mediawiki.codex.messagebox.styles"":""ready"",""ext.visualEditor.desktopArticleTarget.noscript"":""ready"",""ext.uls.interlanguage"":""ready"",""wikibase.client.init"":""ready"",""ext.wikimediaBadges"":""ready""};RLPAGEMODULES=[""ext.xLab"",""ext.cite.ux-enhancements"",""ext.scribunto.logs"",""site"",""mediawiki.page.ready"",""jquery.makeCollapsible"",""mediawiki.toc"",""skins.vector.js"",""ext.centralNotice.geoIP"",""ext.centralNotice.startUp"",""ext.flaggedRevs.advanced"",""ext.gadget.ll-script-loader"",""ext.gadget.veKeepParameters"",""ext.gadget.szablon-galeria"",""ext.gadget.NavFrame"",""ext.gadget.citoid-overrides"",""ext.gadget.maps"",""ext.gadget.padlock-indicators"",""ext.gadget.interwiki-langlist"",""ext.gadget.edit-summaries"",""ext.gadget.edit-first-section"",""ext.gadget.wikibugs"",""ext.gadget.map-toggler"",""ext.gadget.narrowFootnoteColumns"",""ext.gadget.ally-enhance"",""ext.gadget.WDsearch"",""ext.urlShortener.toolbar"",""ext.centralauth.centralautologin"",""mmv.bootstrap"",""ext.popups"",""ext.visualEditor.desktopArticleTarget.init"",""ext.visualEditor.targetLoader"",""ext.echo.centralauth"",""ext.eventLogging"",""ext.wikimediaEvents"",""ext.navigationTiming"",""ext.uls.interface"",""ext.cx.eventlogging.campaigns"",""ext.cx.uls.quick.actions"",""wikibase.client.vector-2022"",""ext.checkUser.clientHints"",""ext.growthExperiments.SuggestedEditSession""];</script>",2022-01-01,2022,2459580.5,721416.5,wikipedia_pl,pl,wydarzen,https://pl.wikipedia.org/wiki/2022,9735e648b26af41e05a6174f62afc464
2,9.56%  111.241      1 Szablon:Szablon_nawigacyjny,9.56%  111.241      1 Szablon:Szablon_nawigacyjny,2022-01-01,2022,2459580.5,721416.5,wikipedia_pl,pl,wydarzen,https://pl.wikipedia.org/wiki/2022,b8af7fe972c4edcfa41417449b5cf52d
3,5.23%   60.885      1 Szablon:Miesiąc,5.23%   60.885      1 Szablon:Miesiąc,2022-01-01,2022,2459580.5,721416.5,wikipedia_pl,pl,wydarzen,https://pl.wikipedia.org/wiki/2022,45a9cb99e0bb1dd9778e50e178f37873
4,4.68%   54.474      1 Szablon:Kalendarz,4.68%   54.474      1 Szablon:Kalendarz,2022-01-01,2022,2459580.5,721416.5,wikipedia_pl,pl,wydarzen,https://pl.wikipedia.org/wiki/2022,f15aeedd6a88ad80d20a3c9c2d66a12d
5,2.04%   23.712      1 Szablon:Commonscat,2.04%   23.712      1 Szablon:Commonscat,2022-01-01,2022,2459580.5,721416.5,wikipedia_pl,pl,wydarzen,https://pl.wikipedia.org/wiki/2022,3b752df72f49a6a238d3f5cacfa05067
6,1.88%   21.915      1 Szablon:Projekt_siostrzany,1.88%   21.915      1 Szablon:Projekt_siostrzany,2022-01-01,2022,2459580.5,721416.5,wikipedia_pl,pl,wydarzen,https://pl.wikipedia.org/wiki/2022,989593c0a70d3dc23314673f1026522d
7,"Zobacz szczegółowe informacje o <a class=""external text"" href=""https://foundation.wikimedia.org/wiki","Zobacz szczegółowe informacje o <a class=""external text"" href=""https://foundation.wikimedia.org/wiki/Policy:Terms_of_Use/pl"">warunkach korzystania</a>.</li>",2022-01-01,2022,2459580.5,721416.5,wikipedia_pl,pl,wydarzen,https://pl.wikipedia.org/wiki/2022,140c10a2baa05366674a7071e427d9ab
369,"class=""vector-toc-list-item vector-toc-level-1 vector-toc-list-item-expanded"">","class=""vector-toc-list-item vector-toc-level-1 vector-toc-list-item-expanded"">",2022-01-01,2022,2459580.5,721416.5,wikipedia_en,en,events,https://en.wikipedia.org/wiki/2022,e79d1a5047b5d2f7adc8f1df99f8e487
370,"class=""vector-toc-list-item vector-toc-level-2"">","class=""vector-toc-list-item vector-toc-level-2"">",2022-01-01,2022,2459580.5,721416.5,wikipedia_en,en,events,https://en.wikipedia.org/wiki/2022,db7821f2e2ff830f6505ec4d769aebf0
371,"Millennium</th></tr><tr><td class=""sidebar-content hlist"">","Millennium</th></tr><tr><td class=""sidebar-content hlist"">",2022-01-01,2022,2459580.5,721416.5,wikipedia_en,en,events,https://en.wikipedia.org/wiki/2022,ec8373c5a9a9ad1ffcf9733ac2004add
372,"Centuries</th></tr><tr><td class=""sidebar-content hlist"">","Centuries</th></tr><tr><td class=""sidebar-content hlist"">",2022-01-01,2022,2459580.5,721416.5,wikipedia_en,en,events,https://en.wikipedia.org/wiki/2022,a2a3395dab2d7249dc954c4ccc1cf22b
373,5.14%  115.653      1 Template:Year_article_header,5.14%  115.653      1 Template:Year_article_header,2022-01-01,2022,2459580.5,721416.5,wikipedia_en,en,events,https://en.wikipedia.org/wiki/2022,578da5e9b8cfa44df03291b01883a60b
374,5.08%  114.497      1 Template:Events_by_month_links/box,5.08%  114.497      1 Template:Events_by_month_links/box,2022-01-01,2022,2459580.5,721416.5,wikipedia_en,en,events,https://en.wikipedia.org/wiki/2022,28cca57df3e56b62cee7bd709adaeeae
375,4.99%  112.451      1 Template:Navbox,4.99%  112.451      1 Template:Navbox,2022-01-01,2022,2459580.5,721416.5,wikipedia_en,en,events,https://en.wikipedia.org/wiki/2022,689aa3b2e79b612bce8a418ef9776e31
376,4.50%  101.256      1 Template:Sidebar,4.50%  101.256      1 Template:Sidebar,2022-01-01,2022,2459580.5,721416.5,wikipedia_en,en,events,https://en.wikipedia.org/wiki/2022,9c8ec848f570db3506997eaf6b18fa17
377,"additional terms may apply. By using this site, you agree to the <a href=""https://foundation.wikimed","additional terms may apply. By using this site, you agree to the <a href=""https://foundation.wikimedia.org/wiki/Special:MyLanguage/Policy:Terms_of_Use"" class=""extiw"" title=""foundation:Special:MyLanguage/Policy:Terms of Use"">Terms of Use</a> and <a href=""https://foundation.wikimedia.org/wiki/Special:MyLanguage/Policy:Privacy_policy"" class=""extiw"" title=""foundation:Special:MyLanguage/Policy:Privacy policy"">Privacy Policy</a>. Wikipedia® is a registered trademark of the <a rel=""nofollow"" class=""external text"" href=""https://wikimediafoundation.org/"">Wikimedia Foundation, Inc.</a>, a non-profit organization.</li>",2022-01-01,2022,2459580.5,721416.5,wikipedia_en,en,events,https://en.wikipedia.org/wiki/2022,1701dbd26ad2d7556787beab51ba50ea
378,"Decades</th></tr><tr><td class=""sidebar-content hlist"">","Decades</th></tr><tr><td class=""sidebar-content hlist"">",2022-01-01,2022,2459580.5,721416.5,wikipedia_en,en,death,https://en.wikipedia.org/wiki/2022,42b9ef40aa5154f4954ba529b5480422
693,"| <a href=""/wiki/2030er"" title=""2030er"">2030er</a>&#160;| <a href=""/wiki/2040er"" title=""2040er"">2040","| <a href=""/wiki/2030er"" title=""2030er"">2030er</a>&#160;| <a href=""/wiki/2040er"" title=""2040er"">2040er</a><br />",2022-01-01,2022,2459580.5,721416.5,wikipedia_de,de,ereignis,https://de.wikipedia.org/wiki/2022,7bcf72b978993605d06ce4b8899277d3
694,"| <a href=""/wiki/2023"" title=""2023"">2023</a>&#160;| <a href=""/wiki/2024"" title=""2024"">2024</a>&#160;","| <a href=""/wiki/2023"" title=""2023"">2023</a>&#160;| <a href=""/wiki/2024"" title=""2024"">2024</a>&#160;| <a href=""/wiki/2025"" title=""2025"">2025</a>&#160;| <a href=""/wiki/2026"" title=""2026"">2026</a>&#160;| <a href=""/wiki/2027"" title=""2027"">►</a><br />",2022-01-01,2022,2459580.5,721416.5,wikipedia_de,de,ereignis,https://de.wikipedia.org/wiki/2022,85b1782a47f36e490ea54c85cb4838ea
841,"class=""vector-toc-list-item vector-toc-level-1 vector-toc-list-item-expanded"">","class=""vector-toc-list-item vector-toc-level-1 vector-toc-list-item-expanded"">",2022-01-01,2022,2459580.5,721416.5,wikipedia_fr,fr,événement,https://fr.wikipedia.org/wiki/2022,9b3ec00df0c23cc774c5338d695f47ca
1734,"Earthquake M6 - 284 km E of Katabu, Indonesia","Magnitude 6 earthquake at 284 km E of Katabu, Indonesia. Depth: Nonekm",2022-01-04,2022,2459583.5,721419.5,usgs_earthquake,en,geological_event,https://earthquake.usgs.gov/earthquakes/eventpage/us7000g90c,c7b80cb45cbe655c23b7ca8397351c1d
1733,Earthquake M6.1 - near the coast of Nicaragua,Magnitude 6.1 earthquake at near the coast of Nicaragua. Depth: Nonekm,2022-01-06,2022,2459585.5,721421.5,usgs_earthquake,en,geological_event,https://earthquake.usgs.gov/earthquakes/eventpage/us7000g9nb,8bc11e0f92f2cc217c3689f6215214e0
1732,"Earthquake M6.6 - northern Qinghai, China","Magnitude 6.6 earthquake at northern Qinghai, China. Depth: Nonekm",2022-01-07,2022,2459586.5,721422.5,usgs_earthquake,en,geological_event,https://earthquake.usgs.gov/earthquakes/eventpage/us7000g9zq,ccc1c7af4d39c5d4892935cf4f249e6c
1731,Earthquake M6.2 - south of the Kermadec Islands,Magnitude 6.2 earthquake at south of the Kermadec Islands. Depth: Nonekm,2022-01-10,2022,2459589.5,721425.5,usgs_earthquake,en,geological_event,https://earthquake.usgs.gov/earthquakes/eventpage/us7000gag3,dfb0703de3b53db1525a35e107d302b8
1728,"Earthquake M6.6 - 53 km SE of Nikolski, Alaska","Magnitude 6.6 earthquake at 53 km SE of Nikolski, Alaska. Depth: Nonekm",2022-01-11,2022,2459590.5,721426.5,usgs_earthquake,en,geological_event,https://earthquake.usgs.gov/earthquakes/eventpage/us7000gawk,efe81bdb7da3f4c72a6b4056a6ed3b61
1729,"Earthquake M6.8 - 100 km SE of Nikolski, Alaska","Magnitude 6.8 earthquake at 100 km SE of Nikolski, Alaska. Depth: Nonekm",2022-01-11,2022,2459590.5,721426.5,usgs_earthquake,en,geological_event,https://earthquake.usgs.gov/earthquakes/eventpage/us7000gavu,92924d574611529fe01078511759aecd
1730,"Earthquake M6.6 - 48 km WNW of Pólis, Cyprus","Magnitude 6.6 earthquake at 48 km WNW of Pólis, Cyprus. Depth: Nonekm",2022-01-11,2022,2459590.5,721426.5,usgs_earthquake,en,geological_event,https://earthquake.usgs.gov/earthquakes/eventpage/us7000gaqu,a1fd55796a4e74dedd0e564bf6f78651
1727,"Earthquake M6.6 - 80 km SW of Labuan, Indonesia","Magnitude 6.6 earthquake at 80 km SW of Labuan, Indonesia. Depth: Nonekm",2022-01-14,2022,2459593.5,721429.5,usgs_earthquake,en,geological_event,https://earthquake.usgs.gov/earthquakes/eventpage/us7000gbu4,195ef366165edc2bc29d60f60c39f97a
1726,"Earthquake M6.1 - 74 km WSW of Panguna, Papua New Guinea","Magnitude 6.1 earthquake at 74 km WSW of Panguna, Papua New Guinea. Depth: Nonekm",2022-01-16,2022,2459595.5,721431.5,usgs_earthquake,en,geological_event,https://earthquake.usgs.gov/earthquakes/eventpage/us7000gcfv,bb399e16962d74b1ffdf4069f25a71ec
1725,"Earthquake M6.3 - 27 km SSE of Saiki, Japan","Magnitude 6.3 earthquake at 27 km SSE of Saiki, Japan. Depth: Nonekm",2022-01-21,2022,2459600.5,721436.5,usgs_earthquake,en,geological_event,https://earthquake.usgs.gov/earthquakes/eventpage/us7000gdwz,bd8d53f6b32629ccd126762a73774dab
1723,"Earthquake M6.2 - 71 km S of Unalaska, Alaska","Magnitude 6.2 earthquake at 71 km S of Unalaska, Alaska. Depth: Nonekm",2022-01-22,2022,2459601.5,721437.5,usgs_earthquake,en,geological_event,https://earthquake.usgs.gov/earthquakes/eventpage/us7000ge5q,a706b969057ced8b40de3a13fc53ed74
1724,"Earthquake M6 - 232 km SE of Sarangani, Philippines","Magnitude 6 earthquake at 232 km SE of Sarangani, Philippines. Depth: Nonekm",2022-01-22,2022,2459601.5,721437.5,usgs_earthquake,en,geological_event,https://earthquake.usgs.gov/earthquakes/eventpage/us7000ge38,88cda4d4bb0695ce6951f5302ffd51ac
1722,Earthquake M6 - South Sandwich Islands region,Magnitude 6 earthquake at South Sandwich Islands region. Depth: Nonekm,2022-01-25,2022,2459604.5,721440.5,usgs_earthquake,en,geological_event,https://earthquake.usgs.gov/earthquakes/eventpage/us7000gery,6197d46bdaa360c82527d19d04d6ca2d
1721,"Earthquake M6.2 - 220 km WNW of Pangai, Tonga","Magnitude 6.2 earthquake at 220 km WNW of Pangai, Tonga. Depth: Nonekm",2022-01-27,2022,2459606.5,721442.5,usgs_earthquake,en,geological_event,https://earthquake.usgs.gov/earthquakes/eventpage/us7000gfhb,713327298ec0e074e5ecc54742d2cf51
1720,"Earthquake M6 - 281 km SW of Arenas, Panama","Magnitude 6 earthquake at 281 km SW of Arenas, Panama. Depth: Nonekm",2022-01-28,2022,2459607.5,721443.5,usgs_earthquake,en,geological_event,https://earthquake.usgs.gov/earthquakes/eventpage/us7000gfti,16bc196200f22d042e27fd4f25c17bcb
1719,Earthquake M6.5 - Kermadec Islands region,Magnitude 6.5 earthquake at Kermadec Islands region. Depth: Nonekm,2022-01-29,2022,2459608.5,721444.5,usgs_earthquake,en,geological_event,https://earthquake.usgs.gov/earthquakes/eventpage/us7000gg3w,669600bbad5ee13c1a40be134777964c
8,"RLSTATE={""ext.gadget.wikiflex"":""ready"",""ext.gadget.infobox"":""ready"",""ext.gadget.hlist"":""ready"",""ext.","RLSTATE={""ext.gadget.wikiflex"":""ready"",""ext.gadget.infobox"":""ready"",""ext.gadget.hlist"":""ready"",""ext.gadget.darkmode-overrides"":""ready"",""ext.gadget.small-references"":""ready"",""ext.gadget.citation-access-info"":""ready"",""ext.gadget.sprawdz-problemy-szablony"":""ready"",""ext.globalCssJs.user.styles"":""ready"",""site.styles"":""ready"",""user.styles"":""ready"",""ext.globalCssJs.user"":""ready"",""user"":""ready"",""user.options"":""loading"",""ext.cite.styles"":""ready"",""ext.wikimediamessages.styles"":""ready"",""skins.vector.search.codex.styles"":""ready"",""skins.vector.styles"":""ready"",""skins.vector.icons"":""ready"",""jquery.makeCollapsible.styles"":""ready"",""ext.flaggedRevs.basic"":""ready"",""mediawiki.codex.messagebox.styles"":""ready"",""ext.visualEditor.desktopArticleTarget.noscript"":""ready"",""ext.uls.interlanguage"":""ready"",""wikibase.client.init"":""ready"",""ext.wikimediaBadges"":""ready""};RLPAGEMODULES=[""ext.xLab"",""ext.cite.ux-enhancements"",""ext.scribunto.logs"",""site"",""mediawiki.page.ready"",""jquery.makeCollapsible"",""mediawiki.toc"",""skins.vector.js"",""ext.centralNotice.geoIP"",""ext.centralNotice.startUp"",""ext.flaggedRevs.advanced"",""ext.gadget.ll-script-loader"",""ext.gadget.veKeepParameters"",""ext.gadget.szablon-galeria"",""ext.gadget.NavFrame"",""ext.gadget.citoid-overrides"",""ext.gadget.maps"",""ext.gadget.padlock-indicators"",""ext.gadget.interwiki-langlist"",""ext.gadget.edit-summaries"",""ext.gadget.edit-first-section"",""ext.gadget.wikibugs"",""ext.gadget.map-toggler"",""ext.gadget.narrowFootnoteColumns"",""ext.gadget.ally-enhance"",""ext.gadget.WDsearch"",""ext.urlShortener.toolbar"",""ext.centralauth.centralautologin"",""ext.popups"",""ext.visualEditor.desktopArticleTarget.init"",""ext.visualEditor.targetLoader"",""ext.echo.centralauth"",""ext.eventLogging"",""ext.wikimediaEvents"",""ext.navigationTiming"",""ext.uls.interface"",""ext.cx.eventlogging.campaigns"",""ext.cx.uls.quick.actions"",""wikibase.client.vector-2022"",""ext.checkUser.clientHints"",""ext.growthExperiments.SuggestedEditSession""];</script>",2022-02-01,2022,2459611.5,721447.5,wikipedia_pl,pl,wydarzen,https://pl.wikipedia.org/wiki/2022,bca93aa3dd6bd81617c6f84c0bef5834
9,11.46%  196.312    260 Szablon:Lang,11.46%  196.312    260 Szablon:Lang,2022-02-01,2022,2459611.5,721447.5,wikipedia_pl,pl,wydarzen,https://pl.wikipedia.org/wiki/2022,fd6cc3e9385f34a3bf0452b6e02c95db
10,11.34%  194.165      1 Szablon:Szablon_nawigacyjny,11.34%  194.165      1 Szablon:Szablon_nawigacyjny,2022-02-01,2022,2459611.5,721447.5,wikipedia_pl,pl,wydarzen,https://pl.wikipedia.org/wiki/2022,6303d576605ba7ad213312bea135e0db
11,3.52%   60.295      1 Szablon:Miesiąc,3.52%   60.295      1 Szablon:Miesiąc,2022-02-01,2022,2459611.5,721447.5,wikipedia_pl,pl,wydarzen,https://pl.wikipedia.org/wiki/2022,5d265d9db9da5d5818a564c844b78e2b
12,3.10%   53.026      1 Szablon:Kalendarz,3.10%   53.026      1 Szablon:Kalendarz,2022-02-01,2022,2459611.5,721447.5,wikipedia_pl,pl,wydarzen,https://pl.wikipedia.org/wiki/2022,523a544bdf0b8a95af2d0590b27fe97f
13,0.70%   11.955     28 Szablon:Kalendarz/link,0.70%   11.955     28 Szablon:Kalendarz/link,2022-02-01,2022,2459611.5,721447.5,wikipedia_pl,pl,wydarzen,https://pl.wikipedia.org/wiki/2022,90b08b1c2a7f7b0ea0cbe1be970b8ef6
14,0.65%   11.197      1 Szablon:Spis_treści,0.65%   11.197      1 Szablon:Spis_treści,2022-02-01,2022,2459611.5,721447.5,wikipedia_pl,pl,wydarzen,https://pl.wikipedia.org/wiki/2022,8df93d03345bebe56e45d5da34130b50
15,"Zobacz szczegółowe informacje o <a class=""external text"" href=""https://foundation.wikimedia.org/wiki","Zobacz szczegółowe informacje o <a class=""external text"" href=""https://foundation.wikimedia.org/wiki/Policy:Terms_of_Use/pl"">warunkach korzystania</a>.</li>",2022-02-01,2022,2459611.5,721447.5,wikipedia_pl,pl,wydarzen,https://pl.wikipedia.org/wiki/2022,eb0ae95dc707003cd9680893982eaa4f
379,"class=""vector-toc-list-item vector-toc-level-1 vector-toc-list-item-expanded"">","class=""vector-toc-list-item vector-toc-level-1 vector-toc-list-item-expanded"">",2022-02-01,2022,2459611.5,721447.5,wikipedia_en,en,events,https://en.wikipedia.org/wiki/2022,8c5e656c7f32a4be93f90c5337ae684d
380,"class=""vector-toc-list-item vector-toc-level-2"">","class=""vector-toc-list-item vector-toc-level-2"">",2022-02-01,2022,2459611.5,721447.5,wikipedia_en,en,events,https://en.wikipedia.org/wiki/2022,d8a31919ae90aaee401a278f2106a125
381,"Millennium</th></tr><tr><td class=""sidebar-content hlist"">","Millennium</th></tr><tr><td class=""sidebar-content hlist"">",2022-02-01,2022,2459611.5,721447.5,wikipedia_en,en,events,https://en.wikipedia.org/wiki/2022,e118c74e71344dcedc736cb49bccb969
382,"Centuries</th></tr><tr><td class=""sidebar-content hlist"">","Centuries</th></tr><tr><td class=""sidebar-content hlist"">",2022-02-01,2022,2459611.5,721447.5,wikipedia_en,en,events,https://en.wikipedia.org/wiki/2022,1ecc300bd76062bd261fa409c2898a3b
383,5.14%  115.653      1 Template:Year_article_header,5.14%  115.653      1 Template:Year_article_header,2022-02-01,2022,2459611.5,721447.5,wikipedia_en,en,events,https://en.wikipedia.org/wiki/2022,713dad193e4df4b17125c4784c1b6ae7
384,5.08%  114.497      1 Template:Events_by_month_links/box,5.08%  114.497      1 Template:Events_by_month_links/box,2022-02-01,2022,2459611.5,721447.5,wikipedia_en,en,events,https://en.wikipedia.org/wiki/2022,a48cf66ae18dc4cb046e90575641bbc9
385,4.99%  112.451      1 Template:Navbox,4.99%  112.451      1 Template:Navbox,2022-02-01,2022,2459611.5,721447.5,wikipedia_en,en,events,https://en.wikipedia.org/wiki/2022,c1c0496a20eec595a147dd2ab3f2c292
386,4.50%  101.256      1 Template:Sidebar,4.50%  101.256      1 Template:Sidebar,2022-02-01,2022,2459611.5,721447.5,wikipedia_en,en,events,https://en.wikipedia.org/wiki/2022,70e189902ed62693639a830ae9a8e497
387,"additional terms may apply. By using this site, you agree to the <a href=""https://foundation.wikimed","additional terms may apply. By using this site, you agree to the <a href=""https://foundation.wikimedia.org/wiki/Special:MyLanguage/Policy:Terms_of_Use"" class=""extiw"" title=""foundation:Special:MyLanguage/Policy:Terms of Use"">Terms of Use</a> and <a href=""https://foundation.wikimedia.org/wiki/Special:MyLanguage/Policy:Privacy_policy"" class=""extiw"" title=""foundation:Special:MyLanguage/Policy:Privacy policy"">Privacy Policy</a>. Wikipedia® is a registered trademark of the <a rel=""nofollow"" class=""external text"" href=""https://wikimediafoundation.org/"">Wikimedia Foundation, Inc.</a>, a non-profit organization.</li>",2022-02-01,2022,2459611.5,721447.5,wikipedia_en,en,events,https://en.wikipedia.org/wiki/2022,20a175c187eae1884a00bbd0aac0c1dc
388,"Decades</th></tr><tr><td class=""sidebar-content hlist"">","Decades</th></tr><tr><td class=""sidebar-content hlist"">",2022-02-01,2022,2459611.5,721447.5,wikipedia_en,en,death,https://en.wikipedia.org/wiki/2022,de390445e5df91c599ab745b8611cc40
695,"| <a href=""/wiki/2030er"" title=""2030er"">2030er</a>&#160;| <a href=""/wiki/2040er"" title=""2040er"">2040","| <a href=""/wiki/2030er"" title=""2030er"">2030er</a>&#160;| <a href=""/wiki/2040er"" title=""2040er"">2040er</a><br />",2022-02-01,2022,2459611.5,721447.5,wikipedia_de,de,ereignis,https://de.wikipedia.org/wiki/2022,5437bf17fb58db7dd15e820abb9b4987
696,"| <a href=""/wiki/2023"" title=""2023"">2023</a>&#160;| <a href=""/wiki/2024"" title=""2024"">2024</a>&#160;","| <a href=""/wiki/2023"" title=""2023"">2023</a>&#160;| <a href=""/wiki/2024"" title=""2024"">2024</a>&#160;| <a href=""/wiki/2025"" title=""2025"">2025</a>&#160;| <a href=""/wiki/2026"" title=""2026"">2026</a>&#160;| <a href=""/wiki/2027"" title=""2027"">►</a><br />",2022-02-01,2022,2459611.5,721447.5,wikipedia_de,de,ereignis,https://de.wikipedia.org/wiki/2022,04f5530039adf5d9d8a081886046d3f6
842,"class=""vector-toc-list-item vector-toc-level-1 vector-toc-list-item-expanded"">","class=""vector-toc-list-item vector-toc-level-1 vector-toc-list-item-expanded"">",2022-02-01,2022,2459611.5,721447.5,wikipedia_fr,fr,événement,https://fr.wikipedia.org/wiki/2022,63727fdacd49f0ca2f493983ffb44a62
1718,"Earthquake M6 - 184 km NE of Lospalos, Timor Leste","Magnitude 6 earthquake at 184 km NE of Lospalos, Timor Leste. Depth: Nonekm",2022-02-01,2022,2459611.5,721447.5,usgs_earthquake,en,geological_event,https://earthquake.usgs.gov/earthquakes/eventpage/us7000gh1g,a6404c34411903cc0121cfabe3522d86
1717,"Earthquake M6.5 - 49 km NW of Barranca, Peru","Magnitude 6.5 earthquake at 49 km NW of Barranca, Peru. Depth: Nonekm",2022-02-03,2022,2459613.5,721449.5,usgs_earthquake,en,geological_event,https://earthquake.usgs.gov/earthquakes/eventpage/us7000ghm5,2a8b778636ac6349653a410fbb56f2dc
1716,Earthquake M6.3 - southeast Indian Ridge,Magnitude 6.3 earthquake at southeast Indian Ridge. Depth: Nonekm,2022-02-04,2022,2459614.5,721450.5,usgs_earthquake,en,geological_event,https://earthquake.usgs.gov/earthquakes/eventpage/us7000gi25,cc2940edc54f6743ac4e435629106cf5
1715,Earthquake M6.2 - central Mid-Atlantic Ridge,Magnitude 6.2 earthquake at central Mid-Atlantic Ridge. Depth: Nonekm,2022-02-08,2022,2459618.5,721454.5,usgs_earthquake,en,geological_event,https://earthquake.usgs.gov/earthquakes/eventpage/us7000gj2g,54ebee7ed03ff4d453f48f48a07ce198
1714,"Earthquake M6 - 168 km SSW of Merizo Village, Guam","Magnitude 6 earthquake at 168 km SSW of Merizo Village, Guam. Depth: Nonekm",2022-02-13,2022,2459623.5,721459.5,usgs_earthquake,en,geological_event,https://earthquake.usgs.gov/earthquakes/eventpage/us7000gklv,1954a5fecc37e5ff2f2cdff4b9501f37
1103,Bronze Age sundial from Prokletije (Montenegro),"The article presents the results of a study of signs on a Bronze Age slab
""Sun stone"" discovered at the foot of Maja e Can in Volusnica massif
(Prokletije National Park, Montenegro). Studies have shown that the slab is an
analemmatic sundial. The ""Sun Stone"" is more similar in marking to the slabs of
the Srubnaya culture: all the cup marks are small and located along the ellipse
line. Ellipses of bowl-shaped signs of analemmatic sundials from the Northern
Black Sea region are similar in size to the reconstructed ellipse of the ""Sun
Stone"". In addition, on one sundial from the Northern Black Sea region, the
groove marks the distance that the gnomon must travel on the day of the winter
solstice, similar to the groove on the Sun Stone. In the hour marking of
sundial slabs from the Northern Black Sea region and Western Balkans,
continuity can be traced, confirming the dating of the XV-XII centuries BC and
indicating contacts of representatives of the synchronous local Glasinac
culture of the Western Balkans with representatives of the Srubnaya culture of
the Northern Black Sea region. Keywords: cup marks, hour markers, grooves,
slab, analemmatic sundial, hour line, Bronze Age, Sun Stone.",2022-02-16,2022,2459626.5,721462.5,arxiv,en,scientific_paper,http://arxiv.org/abs/2202.07923v1,3515db43dd4eab9213427a486e77ed12
1712,Earthquake M6.8 - south of the Fiji Islands,Magnitude 6.8 earthquake at south of the Fiji Islands. Depth: Nonekm,2022-02-16,2022,2459626.5,721462.5,usgs_earthquake,en,geological_event,https://earthquake.usgs.gov/earthquakes/eventpage/us7000glex,a1b317fe0ef95babdbe2294662b9e900
1713,"Earthquake M6.2 - 12 km WSW of Nueva Concepción, Guatemala","Magnitude 6.2 earthquake at 12 km WSW of Nueva Concepción, Guatemala. Depth: Nonekm",2022-02-16,2022,2459626.5,721462.5,usgs_earthquake,en,geological_event,https://earthquake.usgs.gov/earthquakes/eventpage/us7000gl8w,6ca58d97a9ca886d2240c0b5ba6cbdb0
1710,"Earthquake M6 - 58 km W of Abra Pampa, Argentina","Magnitude 6 earthquake at 58 km W of Abra Pampa, Argentina. Depth: Nonekm",2022-02-22,2022,2459632.5,721468.5,usgs_earthquake,en,geological_event,https://earthquake.usgs.gov/earthquakes/eventpage/us7000gmw3,1c184c02df7a0df0fc1da458a12b6177
1711,Earthquake M6.3 - Balleny Islands region,Magnitude 6.3 earthquake at Balleny Islands region. Depth: Nonekm,2022-02-22,2022,2459632.5,721468.5,usgs_earthquake,en,geological_event,https://earthquake.usgs.gov/earthquakes/eventpage/us7000gmtt,54bf7360a3c9bd2eaa2759d17712d2e8
1709,"Earthquake M6.1 - 65 km NNW of Bukittinggi, Indonesia","Magnitude 6.1 earthquake at 65 km NNW of Bukittinggi, Indonesia. Depth: Nonekm",2022-02-25,2022,2459635.5,721471.5,usgs_earthquake,en,geological_event,https://earthquake.usgs.gov/earthquakes/eventpage/us6000gzyg,952e32eafd0ff73673748129d3d94cbf
16,"RLSTATE={""ext.gadget.wikiflex"":""ready"",""ext.gadget.infobox"":""ready"",""ext.gadget.hlist"":""ready"",""ext.","RLSTATE={""ext.gadget.wikiflex"":""ready"",""ext.gadget.infobox"":""ready"",""ext.gadget.hlist"":""ready"",""ext.gadget.darkmode-overrides"":""ready"",""ext.gadget.small-references"":""ready"",""ext.gadget.citation-access-info"":""ready"",""ext.gadget.sprawdz-problemy-szablony"":""ready"",""ext.globalCssJs.user.styles"":""ready"",""site.styles"":""ready"",""user.styles"":""ready"",""ext.globalCssJs.user"":""ready"",""user"":""ready"",""user.options"":""loading"",""ext.cite.styles"":""ready"",""ext.wikimediamessages.styles"":""ready"",""skins.vector.search.codex.styles"":""ready"",""skins.vector.styles"":""ready"",""skins.vector.icons"":""ready"",""jquery.makeCollapsible.styles"":""ready"",""ext.flaggedRevs.basic"":""ready"",""mediawiki.codex.messagebox.styles"":""ready"",""ext.visualEditor.desktopArticleTarget.noscript"":""ready"",""ext.uls.interlanguage"":""ready"",""wikibase.client.init"":""ready"",""ext.wikimediaBadges"":""ready""};RLPAGEMODULES=[""ext.xLab"",""ext.cite.ux-enhancements"",""ext.scribunto.logs"",""site"",""mediawiki.page.ready"",""jquery.makeCollapsible"",""mediawiki.toc"",""skins.vector.js"",""ext.centralNotice.geoIP"",""ext.centralNotice.startUp"",""ext.flaggedRevs.advanced"",""ext.gadget.ll-script-loader"",""ext.gadget.veKeepParameters"",""ext.gadget.szablon-galeria"",""ext.gadget.NavFrame"",""ext.gadget.citoid-overrides"",""ext.gadget.maps"",""ext.gadget.padlock-indicators"",""ext.gadget.interwiki-langlist"",""ext.gadget.edit-summaries"",""ext.gadget.edit-first-section"",""ext.gadget.wikibugs"",""ext.gadget.map-toggler"",""ext.gadget.narrowFootnoteColumns"",""ext.gadget.ally-enhance"",""ext.gadget.WDsearch"",""ext.urlShortener.toolbar"",""ext.centralauth.centralautologin"",""ext.popups"",""ext.visualEditor.desktopArticleTarget.init"",""ext.visualEditor.targetLoader"",""ext.echo.centralauth"",""ext.eventLogging"",""ext.wikimediaEvents"",""ext.navigationTiming"",""ext.uls.interface"",""ext.cx.eventlogging.campaigns"",""ext.cx.uls.quick.actions"",""wikibase.client.vector-2022"",""ext.checkUser.clientHints"",""ext.growthExperiments.SuggestedEditSession""];</script>",2022-03-01,2022,2459639.5,721475.5,wikipedia_pl,pl,wydarzen,https://pl.wikipedia.org/wiki/2022,266c968cb9164e90db7efc008fd25389
17,4.65%   99.002      1 Szablon:Szablon_nawigacyjny,4.65%   99.002      1 Szablon:Szablon_nawigacyjny,2022-03-01,2022,2459639.5,721475.5,wikipedia_pl,pl,wydarzen,https://pl.wikipedia.org/wiki/2022,140c55c050ba0749e1e08b628553cb1e
18,2.57%   54.687      1 Szablon:Miesiąc,2.57%   54.687      1 Szablon:Miesiąc,2022-03-01,2022,2459639.5,721475.5,wikipedia_pl,pl,wydarzen,https://pl.wikipedia.org/wiki/2022,413cbe39e9b1ebf181cefd7b8a966ac6
19,2.29%   48.735      1 Szablon:Kalendarz,2.29%   48.735      1 Szablon:Kalendarz,2022-03-01,2022,2459639.5,721475.5,wikipedia_pl,pl,wydarzen,https://pl.wikipedia.org/wiki/2022,d4b16e792e93b7fe0432257f196cc650
20,0.55%   11.619     31 Szablon:Kalendarz/link,0.55%   11.619     31 Szablon:Kalendarz/link,2022-03-01,2022,2459639.5,721475.5,wikipedia_pl,pl,wydarzen,https://pl.wikipedia.org/wiki/2022,2687b7a5366c1a28d0c3226b966f291f
21,0.47%    9.919      1 Szablon:Spis_treści,0.47%    9.919      1 Szablon:Spis_treści,2022-03-01,2022,2459639.5,721475.5,wikipedia_pl,pl,wydarzen,https://pl.wikipedia.org/wiki/2022,9d898b216d0631f3ecfa09b085b5e756
22,"Zobacz szczegółowe informacje o <a class=""external text"" href=""https://foundation.wikimedia.org/wiki","Zobacz szczegółowe informacje o <a class=""external text"" href=""https://foundation.wikimedia.org/wiki/Policy:Terms_of_Use/pl"">warunkach korzystania</a>.</li>",2022-03-01,2022,2459639.5,721475.5,wikipedia_pl,pl,wydarzen,https://pl.wikipedia.org/wiki/2022,21badd48f3286e91a536ccbcbcb46452
389,"class=""vector-toc-list-item vector-toc-level-1 vector-toc-list-item-expanded"">","class=""vector-toc-list-item vector-toc-level-1 vector-toc-list-item-expanded"">",2022-03-01,2022,2459639.5,721475.5,wikipedia_en,en,events,https://en.wikipedia.org/wiki/2022,3700e8a709b8fbaf1039d2c0f28378ba
390,"class=""vector-toc-list-item vector-toc-level-2"">","class=""vector-toc-list-item vector-toc-level-2"">",2022-03-01,2022,2459639.5,721475.5,wikipedia_en,en,events,https://en.wikipedia.org/wiki/2022,ef757aea0b202d6375ea571c6285ade8
391,"Millennium</th></tr><tr><td class=""sidebar-content hlist"">","Millennium</th></tr><tr><td class=""sidebar-content hlist"">",2022-03-01,2022,2459639.5,721475.5,wikipedia_en,en,events,https://en.wikipedia.org/wiki/2022,3e0ab5e13a6c0755c48e91f0332205c8
392,"Centuries</th></tr><tr><td class=""sidebar-content hlist"">","Centuries</th></tr><tr><td class=""sidebar-content hlist"">",2022-03-01,2022,2459639.5,721475.5,wikipedia_en,en,events,https://en.wikipedia.org/wiki/2022,6658fc34bb91ccfa291c44b5cd4bb16f
393,5.14%  115.653      1 Template:Year_article_header,5.14%  115.653      1 Template:Year_article_header,2022-03-01,2022,2459639.5,721475.5,wikipedia_en,en,events,https://en.wikipedia.org/wiki/2022,7b367bf739166488463987550a6079d9
394,5.08%  114.497      1 Template:Events_by_month_links/box,5.08%  114.497      1 Template:Events_by_month_links/box,2022-03-01,2022,2459639.5,721475.5,wikipedia_en,en,events,https://en.wikipedia.org/wiki/2022,c62160edc5d6c44e72952548a9d5f773
395,4.99%  112.451      1 Template:Navbox,4.99%  112.451      1 Template:Navbox,2022-03-01,2022,2459639.5,721475.5,wikipedia_en,en,events,https://en.wikipedia.org/wiki/2022,cc6e59394850cfae2857088cfb5288eb
396,4.50%  101.256      1 Template:Sidebar,4.50%  101.256      1 Template:Sidebar,2022-03-01,2022,2459639.5,721475.5,wikipedia_en,en,events,https://en.wikipedia.org/wiki/2022,88faf3aa12d3b1026f0988c71fd6e2fd
397,"additional terms may apply. By using this site, you agree to the <a href=""https://foundation.wikimed","additional terms may apply. By using this site, you agree to the <a href=""https://foundation.wikimedia.org/wiki/Special:MyLanguage/Policy:Terms_of_Use"" class=""extiw"" title=""foundation:Special:MyLanguage/Policy:Terms of Use"">Terms of Use</a> and <a href=""https://foundation.wikimedia.org/wiki/Special:MyLanguage/Policy:Privacy_policy"" class=""extiw"" title=""foundation:Special:MyLanguage/Policy:Privacy policy"">Privacy Policy</a>. Wikipedia® is a registered trademark of the <a rel=""nofollow"" class=""external text"" href=""https://wikimediafoundation.org/"">Wikimedia Foundation, Inc.</a>, a non-profit organization.</li>",2022-03-01,2022,2459639.5,721475.5,wikipedia_en,en,events,https://en.wikipedia.org/wiki/2022,7eb80b3bc80b019d75cfd851957f92cf
398,"Decades</th></tr><tr><td class=""sidebar-content hlist"">","Decades</th></tr><tr><td class=""sidebar-content hlist"">",2022-03-01,2022,2459639.5,721475.5,wikipedia_en,en,death,https://en.wikipedia.org/wiki/2022,3b8a905e2662677c9f114f160971bd66
697,"| <a href=""/wiki/2030er"" title=""2030er"">2030er</a>&#160;| <a href=""/wiki/2040er"" title=""2040er"">2040","| <a href=""/wiki/2030er"" title=""2030er"">2030er</a>&#160;| <a href=""/wiki/2040er"" title=""2040er"">2040er</a><br />",2022-03-01,2022,2459639.5,721475.5,wikipedia_de,de,ereignis,https://de.wikipedia.org/wiki/2022,2641368b884bed3b54b2e85afe52cfed
698,"| <a href=""/wiki/2023"" title=""2023"">2023</a>&#160;| <a href=""/wiki/2024"" title=""2024"">2024</a>&#160;","| <a href=""/wiki/2023"" title=""2023"">2023</a>&#160;| <a href=""/wiki/2024"" title=""2024"">2024</a>&#160;| <a href=""/wiki/2025"" title=""2025"">2025</a>&#160;| <a href=""/wiki/2026"" title=""2026"">2026</a>&#160;| <a href=""/wiki/2027"" title=""2027"">►</a><br />",2022-03-01,2022,2459639.5,721475.5,wikipedia_de,de,ereignis,https://de.wikipedia.org/wiki/2022,c15393504b090162e42d789d7e87b3df
843,"class=""vector-toc-list-item vector-toc-level-1 vector-toc-list-item-expanded"">","class=""vector-toc-list-item vector-toc-level-1 vector-toc-list-item-expanded"">",2022-03-01,2022,2459639.5,721475.5,wikipedia_fr,fr,événement,https://fr.wikipedia.org/wiki/2022,b9ea5dd8679be01cedd30df1f80df195
1708,"Earthquake M6.6 - Kermadec Islands, New Zealand","Magnitude 6.6 earthquake at Kermadec Islands, New Zealand. Depth: Nonekm",2022-03-02,2022,2459640.5,721476.5,usgs_earthquake,en,geological_event,https://earthquake.usgs.gov/earthquakes/eventpage/us6000h1d2,eab431d0591a8b552749a1f9da86f983
1707,Earthquake M6 - South Sandwich Islands region,Magnitude 6 earthquake at South Sandwich Islands region. Depth: Nonekm,2022-03-06,2022,2459644.5,721480.5,usgs_earthquake,en,geological_event,https://earthquake.usgs.gov/earthquakes/eventpage/us6000h2l5,0b3c87721898551a1255e8a2caa558fa
1706,Earthquake M6.1 - Fiji region,Magnitude 6.1 earthquake at Fiji region. Depth: Nonekm,2022-03-07,2022,2459645.5,721481.5,usgs_earthquake,en,geological_event,https://earthquake.usgs.gov/earthquakes/eventpage/us6000h2nu,2fa0dad8aa3d4c3c1295f7747d8a94cb
1206,"The Picture of Dorian Gray with roles reversed: Notes for a sensible
  chronology of the life and the activity of the Neapolitan optician Francesco
  Fontana (c. 1585-1656)","In the last few years it has been alleged the possible identification of the
sitter in Jusepe de Ribera's Allegory of Sight with the Neapolitan optician
Francesco Fontana (c. 1585-1656), known for contributing to the diffusion of
the Keplerian telescope. The present paper aims to demonstrate the
impossibility of this identification, grounded on the erroneous assumption that
Fontana was already renowned as an optician around the mid-1615s, and, on the
basis of known sources, suggests a more reasonable chronology of his activity,
which postpones the spreading of his fame out of Naples to the end of the next
decade.",2022-03-08,2022,2459646.5,721482.5,arxiv,en,scientific_paper,http://arxiv.org/abs/2203.04208v2,969f35976ab3f4dd2f10cb7f2c1e19ad
1704,"Earthquake M6.7 - 166 km W of Pariaman, Indonesia","Magnitude 6.7 earthquake at 166 km W of Pariaman, Indonesia. Depth: Nonekm",2022-03-13,2022,2459651.5,721487.5,usgs_earthquake,en,geological_event,https://earthquake.usgs.gov/earthquakes/eventpage/us6000h48e,38c8efb50435653eb7df1707b33dda92
1705,"Earthquake M6.4 - 75 km WNW of Cabra, Philippines","Magnitude 6.4 earthquake at 75 km WNW of Cabra, Philippines. Depth: Nonekm",2022-03-13,2022,2459651.5,721487.5,usgs_earthquake,en,geological_event,https://earthquake.usgs.gov/earthquakes/eventpage/us6000h48d,68d35e3d2f1dd2aae8454853ea6ad62a
1166,Inverted analemmatic sundial of the Bronze Age,"This article describes the study of a Bronze Age limestone slab with cup
marks, discovered during the archaeological excavations of kurgan 1 of the
kurgan grave field Prolom II, located in the Belogorsk region in Crimea.
According to the results of the study, it is concluded that the Belogorsk slab
is a sundial of about the XV - XII centuries BC and belongs to the Srubnaya
culture. By type of sundial, it is closest to the analemmatic sundial. However,
the principle of the hourly markings of the Belogorsk slab is so unique that it
is proposed to separate this type of sundial into a new type - inverted
analemmatic sundial. This type is characterized by the fact that, unlike
typical analemmatic sundials, the gnomon remains motionless throughout the
year, and in accordance with the analemma, the ""dial"" ""moves"" - an ellipse of
hour markers from cup marks, i.e. gnomon and hour markers (cup marks) change
places in terms of mobility. The movement of hour markers on the Belogorsk slab
is not literal, but is imitated by several rows of cup marks, which are
fragments of hour marker ellipses for different months of the year. The idea
behind this type of sundial is so revolutionary that we can talk about the
discovery of a completely new type of sundial, the analogue of which has not
yet been discovered. Keywords: cup marks, sundial, inverted, analemma, true
solar time, mean solar time, hour markers, Srubnaya culture, Bronze Age, kurgan
grave field, slab.",2022-03-14,2022,2459652.5,721488.5,arxiv,en,scientific_paper,http://arxiv.org/abs/2203.07502v1,9a6e409b12422a7c2c3606673a12184a
1702,"Earthquake M7.3 - 57 km ENE of Namie, Japan","Magnitude 7.3 earthquake at 57 km ENE of Namie, Japan. Depth: Nonekm",2022-03-16,2022,2459654.5,721490.5,usgs_earthquake,en,geological_event,https://earthquake.usgs.gov/earthquakes/eventpage/us6000h519,dce892113f78d3c9ad532b2e263dde2e
1703,"Earthquake M6 - 62 km ENE of Namie, Japan","Magnitude 6 earthquake at 62 km ENE of Namie, Japan. Depth: Nonekm",2022-03-16,2022,2459654.5,721490.5,usgs_earthquake,en,geological_event,https://earthquake.usgs.gov/earthquakes/eventpage/us6000h518,bda8ee5ed02840c624f79a6fe553ac5b
1701,Earthquake M6.3 - south of the Fiji Islands,Magnitude 6.3 earthquake at south of the Fiji Islands. Depth: Nonekm,2022-03-19,2022,2459657.5,721493.5,usgs_earthquake,en,geological_event,https://earthquake.usgs.gov/earthquakes/eventpage/us6000h62z,592e938ab300fde6455df2cfaf02f8cd
1700,Earthquake M6 - Kermadec Islands region,Magnitude 6 earthquake at Kermadec Islands region. Depth: Nonekm,2022-03-20,2022,2459658.5,721494.5,usgs_earthquake,en,geological_event,https://earthquake.usgs.gov/earthquakes/eventpage/us6000h67z,1da5a97591c582a2902778eddc7b69db
1698,"Earthquake M6.7 - 65 km S of Hualien City, Taiwan","Magnitude 6.7 earthquake at 65 km S of Hualien City, Taiwan. Depth: Nonekm",2022-03-22,2022,2459660.5,721496.5,usgs_earthquake,en,geological_event,https://earthquake.usgs.gov/earthquakes/eventpage/us6000h6nr,c20d2864faeb7072246a5e84635f35b4
1699,Earthquake M6.7 - northern Mid-Atlantic Ridge,Magnitude 6.7 earthquake at northern Mid-Atlantic Ridge. Depth: Nonekm,2022-03-22,2022,2459660.5,721496.5,usgs_earthquake,en,geological_event,https://earthquake.usgs.gov/earthquakes/eventpage/us6000h6ne,9ae284b3af2c2891904e2965a1707753
1697,Earthquake M6 - Vanuatu,Magnitude 6 earthquake at Vanuatu. Depth: Nonekm,2022-03-23,2022,2459661.5,721497.5,usgs_earthquake,en,geological_event,https://earthquake.usgs.gov/earthquakes/eventpage/us7000gwpw,6e367e53d260622bb22f49f9a07ae067
1696,"Earthquake M6.9 - 284 km ESE of Tadine, New Caledonia","Magnitude 6.9 earthquake at 284 km ESE of Tadine, New Caledonia. Depth: Nonekm",2022-03-30,2022,2459668.5,721504.5,usgs_earthquake,en,geological_event,https://earthquake.usgs.gov/earthquakes/eventpage/us7000gyj0,cd2866b1eb079f43f2fccd70bb496d03
1694,Earthquake M6.4 - southeast of the Loyalty Islands,Magnitude 6.4 earthquake at southeast of the Loyalty Islands. Depth: Nonekm,2022-03-31,2022,2459669.5,721505.5,usgs_earthquake,en,geological_event,https://earthquake.usgs.gov/earthquakes/eventpage/us7000gysz,49d46cfd5a42eaf7d8cd84cfe33e5c2c
1695,Earthquake M7 - southeast of the Loyalty Islands,Magnitude 7 earthquake at southeast of the Loyalty Islands. Depth: Nonekm,2022-03-31,2022,2459669.5,721505.5,usgs_earthquake,en,geological_event,https://earthquake.usgs.gov/earthquakes/eventpage/us7000gymk,6d6c4c9b4b6e9373c7d1f567ed36ec13
23,"RLSTATE={""ext.gadget.wikiflex"":""ready"",""ext.gadget.infobox"":""ready"",""ext.gadget.hlist"":""ready"",""ext.","RLSTATE={""ext.gadget.wikiflex"":""ready"",""ext.gadget.infobox"":""ready"",""ext.gadget.hlist"":""ready"",""ext.gadget.darkmode-overrides"":""ready"",""ext.gadget.small-references"":""ready"",""ext.gadget.citation-access-info"":""ready"",""ext.gadget.sprawdz-problemy-szablony"":""ready"",""ext.globalCssJs.user.styles"":""ready"",""site.styles"":""ready"",""user.styles"":""ready"",""ext.globalCssJs.user"":""ready"",""user"":""ready"",""user.options"":""loading"",""ext.cite.styles"":""ready"",""ext.wikimediamessages.styles"":""ready"",""skins.vector.search.codex.styles"":""ready"",""skins.vector.styles"":""ready"",""skins.vector.icons"":""ready"",""jquery.makeCollapsible.styles"":""ready"",""ext.flaggedRevs.basic"":""ready"",""mediawiki.codex.messagebox.styles"":""ready"",""ext.visualEditor.desktopArticleTarget.noscript"":""ready"",""ext.uls.interlanguage"":""ready"",""wikibase.client.init"":""ready"",""ext.wikimediaBadges"":""ready""};RLPAGEMODULES=[""ext.xLab"",""ext.cite.ux-enhancements"",""ext.scribunto.logs"",""site"",""mediawiki.page.ready"",""jquery.makeCollapsible"",""mediawiki.toc"",""skins.vector.js"",""ext.centralNotice.geoIP"",""ext.centralNotice.startUp"",""ext.flaggedRevs.advanced"",""ext.gadget.ll-script-loader"",""ext.gadget.veKeepParameters"",""ext.gadget.szablon-galeria"",""ext.gadget.NavFrame"",""ext.gadget.citoid-overrides"",""ext.gadget.maps"",""ext.gadget.padlock-indicators"",""ext.gadget.interwiki-langlist"",""ext.gadget.edit-summaries"",""ext.gadget.edit-first-section"",""ext.gadget.wikibugs"",""ext.gadget.map-toggler"",""ext.gadget.narrowFootnoteColumns"",""ext.gadget.ally-enhance"",""ext.gadget.WDsearch"",""ext.urlShortener.toolbar"",""ext.centralauth.centralautologin"",""ext.popups"",""ext.visualEditor.desktopArticleTarget.init"",""ext.visualEditor.targetLoader"",""ext.echo.centralauth"",""ext.eventLogging"",""ext.wikimediaEvents"",""ext.navigationTiming"",""ext.uls.interface"",""ext.cx.eventlogging.campaigns"",""ext.cx.uls.quick.actions"",""wikibase.client.vector-2022"",""ext.checkUser.clientHints"",""ext.growthExperiments.SuggestedEditSession""];</script>",2022-04-01,2022,2459670.5,721506.5,wikipedia_pl,pl,wydarzen,https://pl.wikipedia.org/wiki/2022,a070c0391c1c62b84f3202e3caae6cd3
24,8.42%  119.105      1 Szablon:Szablon_nawigacyjny,8.42%  119.105      1 Szablon:Szablon_nawigacyjny,2022-04-01,2022,2459670.5,721506.5,wikipedia_pl,pl,wydarzen,https://pl.wikipedia.org/wiki/2022,1c890c088f9468b093d752293fab168d
25,3.46%   48.871      1 Szablon:Miesiąc,3.46%   48.871      1 Szablon:Miesiąc,2022-04-01,2022,2459670.5,721506.5,wikipedia_pl,pl,wydarzen,https://pl.wikipedia.org/wiki/2022,b4a9df2a88d32b1ca90885861a571b81
26,3.10%   43.789      1 Szablon:Kalendarz,3.10%   43.789      1 Szablon:Kalendarz,2022-04-01,2022,2459670.5,721506.5,wikipedia_pl,pl,wydarzen,https://pl.wikipedia.org/wiki/2022,98c10b20e41533269a007d2c846be37d
27,1.34%   18.981      1 Szablon:Cytuj,1.34%   18.981      1 Szablon:Cytuj,2022-04-01,2022,2459670.5,721506.5,wikipedia_pl,pl,wydarzen,https://pl.wikipedia.org/wiki/2022,5b479852c0c0f99e895ab74da339afbb
28,0.85%   12.028     30 Szablon:Kalendarz/link,0.85%   12.028     30 Szablon:Kalendarz/link,2022-04-01,2022,2459670.5,721506.5,wikipedia_pl,pl,wydarzen,https://pl.wikipedia.org/wiki/2022,e03117064a4a300a0449e49e25219ebb
29,"Zobacz szczegółowe informacje o <a class=""external text"" href=""https://foundation.wikimedia.org/wiki","Zobacz szczegółowe informacje o <a class=""external text"" href=""https://foundation.wikimedia.org/wiki/Policy:Terms_of_Use/pl"">warunkach korzystania</a>.</li>",2022-04-01,2022,2459670.5,721506.5,wikipedia_pl,pl,wydarzen,https://pl.wikipedia.org/wiki/2022,d71d072918a2d117f9cd407800ce7238
399,"class=""vector-toc-list-item vector-toc-level-1 vector-toc-list-item-expanded"">","class=""vector-toc-list-item vector-toc-level-1 vector-toc-list-item-expanded"">",2022-04-01,2022,2459670.5,721506.5,wikipedia_en,en,events,https://en.wikipedia.org/wiki/2022,347a3cb25ca669d61c60d28d8fb5b09f
400,"class=""vector-toc-list-item vector-toc-level-2"">","class=""vector-toc-list-item vector-toc-level-2"">",2022-04-01,2022,2459670.5,721506.5,wikipedia_en,en,events,https://en.wikipedia.org/wiki/2022,6934f892d64c03dc0f9c4db8e6f36af7
401,"Millennium</th></tr><tr><td class=""sidebar-content hlist"">","Millennium</th></tr><tr><td class=""sidebar-content hlist"">",2022-04-01,2022,2459670.5,721506.5,wikipedia_en,en,events,https://en.wikipedia.org/wiki/2022,cea1bd9f7203ddaf75c1f6d8a166c35f
402,"Centuries</th></tr><tr><td class=""sidebar-content hlist"">","Centuries</th></tr><tr><td class=""sidebar-content hlist"">",2022-04-01,2022,2459670.5,721506.5,wikipedia_en,en,events,https://en.wikipedia.org/wiki/2022,4f3cf626d8efa66d5ffb74e7bae0e2c8
403,5.14%  115.653      1 Template:Year_article_header,5.14%  115.653      1 Template:Year_article_header,2022-04-01,2022,2459670.5,721506.5,wikipedia_en,en,events,https://en.wikipedia.org/wiki/2022,2f407afbbdfbd659020cacc088bcc9c3
404,5.08%  114.497      1 Template:Events_by_month_links/box,5.08%  114.497      1 Template:Events_by_month_links/box,2022-04-01,2022,2459670.5,721506.5,wikipedia_en,en,events,https://en.wikipedia.org/wiki/2022,fc986cf4fd9ea1f8e39c4c2b120a60ad
405,4.99%  112.451      1 Template:Navbox,4.99%  112.451      1 Template:Navbox,2022-04-01,2022,2459670.5,721506.5,wikipedia_en,en,events,https://en.wikipedia.org/wiki/2022,2d809ba0564046fd5156d67b55eee0ca
406,4.50%  101.256      1 Template:Sidebar,4.50%  101.256      1 Template:Sidebar,2022-04-01,2022,2459670.5,721506.5,wikipedia_en,en,events,https://en.wikipedia.org/wiki/2022,5534761a4813ec560e191862b74bcec9
407,"additional terms may apply. By using this site, you agree to the <a href=""https://foundation.wikimed","additional terms may apply. By using this site, you agree to the <a href=""https://foundation.wikimedia.org/wiki/Special:MyLanguage/Policy:Terms_of_Use"" class=""extiw"" title=""foundation:Special:MyLanguage/Policy:Terms of Use"">Terms of Use</a> and <a href=""https://foundation.wikimedia.org/wiki/Special:MyLanguage/Policy:Privacy_policy"" class=""extiw"" title=""foundation:Special:MyLanguage/Policy:Privacy policy"">Privacy Policy</a>. Wikipedia® is a registered trademark of the <a rel=""nofollow"" class=""external text"" href=""https://wikimediafoundation.org/"">Wikimedia Foundation, Inc.</a>, a non-profit organization.</li>",2022-04-01,2022,2459670.5,721506.5,wikipedia_en,en,events,https://en.wikipedia.org/wiki/2022,4b11050f627116a2bb3ddb982c83e5fe
408,"Decades</th></tr><tr><td class=""sidebar-content hlist"">","Decades</th></tr><tr><td class=""sidebar-content hlist"">",2022-04-01,2022,2459670.5,721506.5,wikipedia_en,en,death,https://en.wikipedia.org/wiki/2022,739a64d8e429d3556a4ea6812651d563
699,"| <a href=""/wiki/2030er"" title=""2030er"">2030er</a>&#160;| <a href=""/wiki/2040er"" title=""2040er"">2040","| <a href=""/wiki/2030er"" title=""2030er"">2030er</a>&#160;| <a href=""/wiki/2040er"" title=""2040er"">2040er</a><br />",2022-04-01,2022,2459670.5,721506.5,wikipedia_de,de,ereignis,https://de.wikipedia.org/wiki/2022,ade288941880b86e841f73bcf560a608
700,"| <a href=""/wiki/2023"" title=""2023"">2023</a>&#160;| <a href=""/wiki/2024"" title=""2024"">2024</a>&#160;","| <a href=""/wiki/2023"" title=""2023"">2023</a>&#160;| <a href=""/wiki/2024"" title=""2024"">2024</a>&#160;| <a href=""/wiki/2025"" title=""2025"">2025</a>&#160;| <a href=""/wiki/2026"" title=""2026"">2026</a>&#160;| <a href=""/wiki/2027"" title=""2027"">►</a><br />",2022-04-01,2022,2459670.5,721506.5,wikipedia_de,de,ereignis,https://de.wikipedia.org/wiki/2022,9cae3629f330795e0fa31c5790a2eb64
844,"class=""vector-toc-list-item vector-toc-level-1 vector-toc-list-item-expanded"">","class=""vector-toc-list-item vector-toc-level-1 vector-toc-list-item-expanded"">",2022-04-01,2022,2459670.5,721506.5,wikipedia_fr,fr,événement,https://fr.wikipedia.org/wiki/2022,b0601b3afb8ced84522c150d94930bae
1693,"Earthquake M6 - 56 km WNW of Port-Vila, Vanuatu","Magnitude 6 earthquake at 56 km WNW of Port-Vila, Vanuatu. Depth: Nonekm",2022-04-04,2022,2459673.5,721509.5,usgs_earthquake,en,geological_event,https://earthquake.usgs.gov/earthquakes/eventpage/usd000h551,4767dc869cb199d798b7ffd372ceba04
1692,"Earthquake M6.3 - 63 km WSW of Norsup, Vanuatu","Magnitude 6.3 earthquake at 63 km WSW of Norsup, Vanuatu. Depth: Nonekm",2022-04-09,2022,2459678.5,721514.5,usgs_earthquake,en,geological_event,https://earthquake.usgs.gov/earthquakes/eventpage/us7000h0yj,b3a9ae41438b9211fe51bd43961dd0e3
1691,"Earthquake M6.1 - 28 km WSW of Kokopo, Papua New Guinea","Magnitude 6.1 earthquake at 28 km WSW of Kokopo, Papua New Guinea. Depth: Nonekm",2022-04-13,2022,2459682.5,721518.5,usgs_earthquake,en,geological_event,https://earthquake.usgs.gov/earthquakes/eventpage/us7000h1lv,39258448191457f16682dc3661dc01e4
1690,Earthquake M6.1 - Vanuatu,Magnitude 6.1 earthquake at Vanuatu. Depth: Nonekm,2022-04-17,2022,2459686.5,721522.5,usgs_earthquake,en,geological_event,https://earthquake.usgs.gov/earthquakes/eventpage/us7000h2u9,fdea30acd0fad968aea513f6cd78fbe3
1689,"Earthquake M6.1 - 41 km E of Santiago, Philippines","Magnitude 6.1 earthquake at 41 km E of Santiago, Philippines. Depth: Nonekm",2022-04-19,2022,2459688.5,721524.5,usgs_earthquake,en,geological_event,https://earthquake.usgs.gov/earthquakes/eventpage/us7000h373,99988bb8d4650fa4df5b86aa1827c408
1688,"Earthquake M6 - 50 km ESE of Manay, Philippines","Magnitude 6 earthquake at 50 km ESE of Manay, Philippines. Depth: Nonekm",2022-04-20,2022,2459689.5,721525.5,usgs_earthquake,en,geological_event,https://earthquake.usgs.gov/earthquakes/eventpage/us6000hf49,b11d20e9dacc70fb1ca27eedca69ff3d
1687,"Earthquake M6.6 - 55 km WSW of Masachapa, Nicaragua","Magnitude 6.6 earthquake at 55 km WSW of Masachapa, Nicaragua. Depth: Nonekm",2022-04-21,2022,2459690.5,721526.5,usgs_earthquake,en,geological_event,https://earthquake.usgs.gov/earthquakes/eventpage/us6000hf75,51b058e02beb14ab101cc13fb716b09a
1165,"Renumbering of the Antikythera Mechanism Saros cells, resulting from the
  Saros spiral mechanical apokatastasis","After studying the design geometry of the Antikythera Mechanism Saros spiral,
new critical geometrical/mechanical characteristics of the Back plate design
were detected. The geometrical characteristics related to the symmetry of the
Antikythera Mechanism design, are independent to the present irregular
deformation of the Mechanism parts and were used as calibration points for the
Saros spiral cells positional measurements. The Saros cells numbering was
recalculated using the calibration points position. A correction of minus one
to the currently accepted numbering of the Saros cells was applied. Following
the new numbering, a new proper position for the (displaced) Saros pointer
axis-g, in graphic design environment was calculated. The measurements were
tested on a bronze reconstruction of the Back plate, by the authors. This
research leads to a new important result that the Saros does not start in a
random or arbitrary date but only when a solar eclipse occurs within a month.
Additional results were also calculated regarding the symmetry of the eclipse
events/sequence. The new Saros cell numbering strongly affects the calculations
for the initial starting date of the Saros spiral and the eclipse events scheme
of the Antikythera Mechanism.",2022-04-23,2022,2459692.5,721528.5,arxiv,en,scientific_paper,http://arxiv.org/abs/2204.11136v1,c4f986056db11040142a7650d50256fe
1686,"Earthquake M6.1 - 175 km NE of Madang, Papua New Guinea","Magnitude 6.1 earthquake at 175 km NE of Madang, Papua New Guinea. Depth: Nonekm",2022-04-28,2022,2459697.5,721533.5,usgs_earthquake,en,geological_event,https://earthquake.usgs.gov/earthquakes/eventpage/us7000h5mc,e0f9b2e81a17ef14f429ef58b2617f25
30,"RLSTATE={""ext.gadget.wikiflex"":""ready"",""ext.gadget.infobox"":""ready"",""ext.gadget.hlist"":""ready"",""ext.","RLSTATE={""ext.gadget.wikiflex"":""ready"",""ext.gadget.infobox"":""ready"",""ext.gadget.hlist"":""ready"",""ext.gadget.darkmode-overrides"":""ready"",""ext.gadget.small-references"":""ready"",""ext.gadget.citation-access-info"":""ready"",""ext.gadget.sprawdz-problemy-szablony"":""ready"",""ext.globalCssJs.user.styles"":""ready"",""site.styles"":""ready"",""user.styles"":""ready"",""ext.globalCssJs.user"":""ready"",""user"":""ready"",""user.options"":""loading"",""ext.cite.styles"":""ready"",""ext.wikimediamessages.styles"":""ready"",""skins.vector.search.codex.styles"":""ready"",""skins.vector.styles"":""ready"",""skins.vector.icons"":""ready"",""jquery.makeCollapsible.styles"":""ready"",""ext.flaggedRevs.basic"":""ready"",""mediawiki.codex.messagebox.styles"":""ready"",""ext.visualEditor.desktopArticleTarget.noscript"":""ready"",""ext.uls.interlanguage"":""ready"",""wikibase.client.init"":""ready"",""ext.wikimediaBadges"":""ready""};RLPAGEMODULES=[""ext.xLab"",""ext.cite.ux-enhancements"",""mediawiki.page.media"",""ext.scribunto.logs"",""site"",""mediawiki.page.ready"",""jquery.makeCollapsible"",""mediawiki.toc"",""skins.vector.js"",""ext.centralNotice.geoIP"",""ext.centralNotice.startUp"",""ext.flaggedRevs.advanced"",""ext.gadget.ll-script-loader"",""ext.gadget.veKeepParameters"",""ext.gadget.szablon-galeria"",""ext.gadget.NavFrame"",""ext.gadget.citoid-overrides"",""ext.gadget.maps"",""ext.gadget.padlock-indicators"",""ext.gadget.interwiki-langlist"",""ext.gadget.edit-summaries"",""ext.gadget.edit-first-section"",""ext.gadget.wikibugs"",""ext.gadget.map-toggler"",""ext.gadget.narrowFootnoteColumns"",""ext.gadget.ally-enhance"",""ext.gadget.WDsearch"",""ext.urlShortener.toolbar"",""ext.centralauth.centralautologin"",""mmv.bootstrap"",""ext.popups"",""ext.visualEditor.desktopArticleTarget.init"",""ext.visualEditor.targetLoader"",""ext.echo.centralauth"",""ext.eventLogging"",""ext.wikimediaEvents"",""ext.navigationTiming"",""ext.uls.interface"",""ext.cx.eventlogging.campaigns"",""ext.cx.uls.quick.actions"",""wikibase.client.vector-2022"",""ext.checkUser.clientHints"",""ext.growthExperiments.SuggestedEditSession""];</script>",2022-05-01,2022,2459700.5,721536.5,wikipedia_pl,pl,wydarzen,https://pl.wikipedia.org/wiki/2022,4cac1230def29348ea57e256f702cb86
31,8.02%  107.925      1 Szablon:Szablon_nawigacyjny,8.02%  107.925      1 Szablon:Szablon_nawigacyjny,2022-05-01,2022,2459700.5,721536.5,wikipedia_pl,pl,wydarzen,https://pl.wikipedia.org/wiki/2022,2b0633173b5918f6252bc0ed0944d5ce
32,3.64%   49.013      1 Szablon:Miesiąc,3.64%   49.013      1 Szablon:Miesiąc,2022-05-01,2022,2459700.5,721536.5,wikipedia_pl,pl,wydarzen,https://pl.wikipedia.org/wiki/2022,61212b87c06a92e874b451bc3fcd8d8b
33,3.30%   44.439      1 Szablon:Kalendarz,3.30%   44.439      1 Szablon:Kalendarz,2022-05-01,2022,2459700.5,721536.5,wikipedia_pl,pl,wydarzen,https://pl.wikipedia.org/wiki/2022,34cb5a6699e1ab2c3c93e0d39d5dd4d4
34,0.89%   11.980     31 Szablon:Kalendarz/link,0.89%   11.980     31 Szablon:Kalendarz/link,2022-05-01,2022,2459700.5,721536.5,wikipedia_pl,pl,wydarzen,https://pl.wikipedia.org/wiki/2022,89ed6b0fe6cf9d616b1ba8faf2056c71
35,0.73%    9.859      1 Szablon:Spis_treści,0.73%    9.859      1 Szablon:Spis_treści,2022-05-01,2022,2459700.5,721536.5,wikipedia_pl,pl,wydarzen,https://pl.wikipedia.org/wiki/2022,f82b8b72b8bfc76f9f679416ea311adf
36,"Zobacz szczegółowe informacje o <a class=""external text"" href=""https://foundation.wikimedia.org/wiki","Zobacz szczegółowe informacje o <a class=""external text"" href=""https://foundation.wikimedia.org/wiki/Policy:Terms_of_Use/pl"">warunkach korzystania</a>.</li>",2022-05-01,2022,2459700.5,721536.5,wikipedia_pl,pl,wydarzen,https://pl.wikipedia.org/wiki/2022,32e4032263d559b62f3a190f587ca9a3
409,"class=""vector-toc-list-item vector-toc-level-1 vector-toc-list-item-expanded"">","class=""vector-toc-list-item vector-toc-level-1 vector-toc-list-item-expanded"">",2022-05-01,2022,2459700.5,721536.5,wikipedia_en,en,events,https://en.wikipedia.org/wiki/2022,7ede9ca7e309acbbffd0513b96a359db
410,"class=""vector-toc-list-item vector-toc-level-2"">","class=""vector-toc-list-item vector-toc-level-2"">",2022-05-01,2022,2459700.5,721536.5,wikipedia_en,en,events,https://en.wikipedia.org/wiki/2022,8a66d5fe0a0c135f08ff107ee1312bce
411,"Millennium</th></tr><tr><td class=""sidebar-content hlist"">","Millennium</th></tr><tr><td class=""sidebar-content hlist"">",2022-05-01,2022,2459700.5,721536.5,wikipedia_en,en,events,https://en.wikipedia.org/wiki/2022,4a7af5a420d4078cb4af521af814468f
412,"Centuries</th></tr><tr><td class=""sidebar-content hlist"">","Centuries</th></tr><tr><td class=""sidebar-content hlist"">",2022-05-01,2022,2459700.5,721536.5,wikipedia_en,en,events,https://en.wikipedia.org/wiki/2022,fe404da1c09de693d84c0f19b84dead6
413,5.14%  115.653      1 Template:Year_article_header,5.14%  115.653      1 Template:Year_article_header,2022-05-01,2022,2459700.5,721536.5,wikipedia_en,en,events,https://en.wikipedia.org/wiki/2022,fe89ad3cb07e9a556b7672106aa04b94
414,5.08%  114.497      1 Template:Events_by_month_links/box,5.08%  114.497      1 Template:Events_by_month_links/box,2022-05-01,2022,2459700.5,721536.5,wikipedia_en,en,events,https://en.wikipedia.org/wiki/2022,e86bd427a6b0df871b1c122f3bd46baa
415,4.99%  112.451      1 Template:Navbox,4.99%  112.451      1 Template:Navbox,2022-05-01,2022,2459700.5,721536.5,wikipedia_en,en,events,https://en.wikipedia.org/wiki/2022,0459af295989f90faa1c02c25c17d23e
416,4.50%  101.256      1 Template:Sidebar,4.50%  101.256      1 Template:Sidebar,2022-05-01,2022,2459700.5,721536.5,wikipedia_en,en,events,https://en.wikipedia.org/wiki/2022,87d8931bb20f1843d59c1392e9b4385f
417,"additional terms may apply. By using this site, you agree to the <a href=""https://foundation.wikimed","additional terms may apply. By using this site, you agree to the <a href=""https://foundation.wikimedia.org/wiki/Special:MyLanguage/Policy:Terms_of_Use"" class=""extiw"" title=""foundation:Special:MyLanguage/Policy:Terms of Use"">Terms of Use</a> and <a href=""https://foundation.wikimedia.org/wiki/Special:MyLanguage/Policy:Privacy_policy"" class=""extiw"" title=""foundation:Special:MyLanguage/Policy:Privacy policy"">Privacy Policy</a>. Wikipedia® is a registered trademark of the <a rel=""nofollow"" class=""external text"" href=""https://wikimediafoundation.org/"">Wikimedia Foundation, Inc.</a>, a non-profit organization.</li>",2022-05-01,2022,2459700.5,721536.5,wikipedia_en,en,events,https://en.wikipedia.org/wiki/2022,96380106944655b79e458a58a86aadfb
418,"Decades</th></tr><tr><td class=""sidebar-content hlist"">","Decades</th></tr><tr><td class=""sidebar-content hlist"">",2022-05-01,2022,2459700.5,721536.5,wikipedia_en,en,death,https://en.wikipedia.org/wiki/2022,521096a8edf8ae590ad4287af96f0a72
701,"| <a href=""/wiki/2030er"" title=""2030er"">2030er</a>&#160;| <a href=""/wiki/2040er"" title=""2040er"">2040","| <a href=""/wiki/2030er"" title=""2030er"">2030er</a>&#160;| <a href=""/wiki/2040er"" title=""2040er"">2040er</a><br />",2022-05-01,2022,2459700.5,721536.5,wikipedia_de,de,ereignis,https://de.wikipedia.org/wiki/2022,285b8aaba0b90f69989d935d65759500
702,"| <a href=""/wiki/2023"" title=""2023"">2023</a>&#160;| <a href=""/wiki/2024"" title=""2024"">2024</a>&#160;","| <a href=""/wiki/2023"" title=""2023"">2023</a>&#160;| <a href=""/wiki/2024"" title=""2024"">2024</a>&#160;| <a href=""/wiki/2025"" title=""2025"">2025</a>&#160;| <a href=""/wiki/2026"" title=""2026"">2026</a>&#160;| <a href=""/wiki/2027"" title=""2027"">►</a><br />",2022-05-01,2022,2459700.5,721536.5,wikipedia_de,de,ereignis,https://de.wikipedia.org/wiki/2022,a6c92ed6c3c7fb60ace4b2874510d6ac
845,"class=""vector-toc-list-item vector-toc-level-1 vector-toc-list-item-expanded"">","class=""vector-toc-list-item vector-toc-level-1 vector-toc-list-item-expanded"">",2022-05-01,2022,2459700.5,721536.5,wikipedia_fr,fr,événement,https://fr.wikipedia.org/wiki/2022,a3299b8ea260bb533ccbce2ab0aa76e4
1164,"The orientation of Jesuit churches in the Chiquitos missions of eastern
  Bolivia","The Jesuit missions in South America were an important and unique advance in
Christian evangelisation on the continent until the expulsion of the Order in
1767. Although the history and cultural aspects of these missions and their
most iconic buildings have been extensively studied, the archaeoastronomy of
the Guaran\'i peoples of the Province of Paraquaria (Province of Paraguay) has
only been recently considered, with the existing studies focusing primarily on
the orientation of their churches. The paper presented here, which is the first
archaeoastronomical study of the Jesuit missions of Chiquitos in eastern
Bolivia, is an attempt to continue and complement the previous
archaeoastronomical studies of the region. The methodologies employed involved
the analysis of the Jesuit churches that currently exist in this region,
namely, the on-site measurements of the orientations of eight churches
currently standing and the ruins of a ninth church of which only a
free-standing bell tower and parts of the side walls remain preserved. The
orientation measurements of a tenth church, which we were unable to visit, were
determined via the use of satellite maps. The landscape surrounding these
churches was then examined in detail and furthermore, a detailed cultural and
historical study of the characteristics of the villages where the churches are
located was carried out. Our results show that, unlike the churches of the
Province of Paraquaria where meridian orientations in the north-south direction
stand out, half of the studied churches have shown potential canonical
orientations that seem to be aligned to solar phenomena, with three exhibiting
precise equinoctial orientation. We propose reasons for these orientations,
including the possible relevance of illumination effects on significant
internal elements within the churches - effects that were generally sought in
Baroque church architecture.",2022-05-01,2022,2459700.5,721536.5,arxiv,en,scientific_paper,http://arxiv.org/abs/2205.00469v1,fe30512bdfb0fffaa1e40b3f1340b3de
1685,"Earthquake M6 - 94 km SE of Lukatan, Philippines","Magnitude 6 earthquake at 94 km SE of Lukatan, Philippines. Depth: Nonekm",2022-05-05,2022,2459704.5,721540.5,usgs_earthquake,en,geological_event,https://earthquake.usgs.gov/earthquakes/eventpage/us7000h781,17145eb47013b642639c3b2138eac5d7
1684,"Earthquake M6.2 - 70 km SW of Yonakuni, Japan","Magnitude 6.2 earthquake at 70 km SW of Yonakuni, Japan. Depth: Nonekm",2022-05-09,2022,2459708.5,721544.5,usgs_earthquake,en,geological_event,https://earthquake.usgs.gov/earthquakes/eventpage/us7000h82f,b96a4e6f7c58a85dbfe973416132f0dd
1683,"Earthquake M6.3 - 178 km SW of Lorengau, Papua New Guinea","Magnitude 6.3 earthquake at 178 km SW of Lorengau, Papua New Guinea. Depth: Nonekm",2022-05-10,2022,2459709.5,721545.5,usgs_earthquake,en,geological_event,https://earthquake.usgs.gov/earthquakes/eventpage/us7000h87i,025c6771c3e08e4b547cf08cc91f20d8
1682,"Earthquake M6.8 - 86 km NNW of San Antonio de los Cobres, Argentina","Magnitude 6.8 earthquake at 86 km NNW of San Antonio de los Cobres, Argentina. Depth: Nonekm",2022-05-11,2022,2459710.5,721546.5,usgs_earthquake,en,geological_event,https://earthquake.usgs.gov/earthquakes/eventpage/us7000h8g3,78b33f47023185a71e47b32c1d20d450
1681,Earthquake M6.9 - Macquarie Island region,Magnitude 6.9 earthquake at Macquarie Island region. Depth: Nonekm,2022-05-19,2022,2459718.5,721554.5,usgs_earthquake,en,geological_event,https://earthquake.usgs.gov/earthquakes/eventpage/us6000hm9j,25a62fc995eface0844dd27ed252a4f6
1102,Polaris: The Mathematics of Navigation and the Shape of the Earth,"For millenia, sailors have used the empirical rule that the elevation angle
of Polaris, the North Star, as measured by sextant, quadrant or astrolabe, is
approximately equal to latitude. Here, we show using elementary trigonometry
that Empirical Law 1 can be converted from a heuristic to a theorem. A second
ancient empirical law is that the distance in kilometers from the observer to
the North Pole, the geodesic distance measured along the spherical surface of
the planet, is the number of degrees of colatitude multiplied by 111.1
kilometers. Can Empirical Law 2 be similarly rendered rigorous? No; whereas as
the shape of the planet is controlled by trigonometry, the size of our world is
an accident of cosmological history. However, Empirical Law 2, can be
rigorously verified by measurements. The association of 111 km of north-south
distance to one degree of latitude trivially yields the circumference of the
globe as 40,000 km. We also extend these ideas and the parallel ray
approximation to three different ways of modeling a Flat Earth. We show that
photographs from orbit, taken by a very expensive satellite, are unnecessary to
render the Flat Earth untenable; simple mathematics proves Earth a sphere just
as well.",2022-05-20,2022,2459719.5,721555.5,arxiv,en,scientific_paper,http://arxiv.org/abs/2206.07491v1,f7894b7efe15076639bd6e35cbdc11a4
1680,"Earthquake M6.1 - 1 km S of Lian, Philippines","Magnitude 6.1 earthquake at 1 km S of Lian, Philippines. Depth: Nonekm",2022-05-21,2022,2459720.5,721556.5,usgs_earthquake,en,geological_event,https://earthquake.usgs.gov/earthquakes/eventpage/us6000hmz8,f686ec2cc0bc99e375c205aa47c44675
1678,"Earthquake M6 - 235 km SSE of Katsuura, Japan","Magnitude 6 earthquake at 235 km SSE of Katsuura, Japan. Depth: Nonekm",2022-05-22,2022,2459721.5,721557.5,usgs_earthquake,en,geological_event,https://earthquake.usgs.gov/earthquakes/eventpage/us6000hn4d,6452d39c93d13f97201ecba61c86c681
1679,Earthquake M6.3 - south of the Fiji Islands,Magnitude 6.3 earthquake at south of the Fiji Islands. Depth: Nonekm,2022-05-22,2022,2459721.5,721557.5,usgs_earthquake,en,geological_event,https://earthquake.usgs.gov/earthquakes/eventpage/us6000hn1e,d166637e3a1af0403aa0e2c0e5996a6f
1675,Earthquake M6.2 - southern East Pacific Rise,Magnitude 6.2 earthquake at southern East Pacific Rise. Depth: Nonekm,2022-05-26,2022,2459725.5,721561.5,usgs_earthquake,en,geological_event,https://earthquake.usgs.gov/earthquakes/eventpage/us7000hct4,f2275f4d36a2c485af9971edcb236a54
1676,Earthquake M6.6 - southeast of the Loyalty Islands,Magnitude 6.6 earthquake at southeast of the Loyalty Islands. Depth: Nonekm,2022-05-26,2022,2459725.5,721561.5,usgs_earthquake,en,geological_event,https://earthquake.usgs.gov/earthquakes/eventpage/us7000hcqw,ef6e2be844aabc88e1f49a4a7eb09800
1677,"Earthquake M7.2 - 10 km W of Azángaro, Peru","Magnitude 7.2 earthquake at 10 km W of Azángaro, Peru. Depth: Nonekm",2022-05-26,2022,2459725.5,721561.5,usgs_earthquake,en,geological_event,https://earthquake.usgs.gov/earthquakes/eventpage/us7000hcmn,665eb92f37a8fd699626515ca8356ae2
1674,"Earthquake M6.2 - 37 km NE of Lospalos, Timor Leste","Magnitude 6.2 earthquake at 37 km NE of Lospalos, Timor Leste. Depth: Nonekm",2022-05-27,2022,2459726.5,721562.5,usgs_earthquake,en,geological_event,https://earthquake.usgs.gov/earthquakes/eventpage/us7000hcwg,ca30b9b9b6540adadbab5c50c0111192
37,"RLSTATE={""ext.gadget.wikiflex"":""ready"",""ext.gadget.infobox"":""ready"",""ext.gadget.hlist"":""ready"",""ext.","RLSTATE={""ext.gadget.wikiflex"":""ready"",""ext.gadget.infobox"":""ready"",""ext.gadget.hlist"":""ready"",""ext.gadget.darkmode-overrides"":""ready"",""ext.gadget.small-references"":""ready"",""ext.gadget.citation-access-info"":""ready"",""ext.gadget.sprawdz-problemy-szablony"":""ready"",""ext.globalCssJs.user.styles"":""ready"",""site.styles"":""ready"",""user.styles"":""ready"",""ext.globalCssJs.user"":""ready"",""user"":""ready"",""user.options"":""loading"",""ext.cite.styles"":""ready"",""ext.wikimediamessages.styles"":""ready"",""skins.vector.search.codex.styles"":""ready"",""skins.vector.styles"":""ready"",""skins.vector.icons"":""ready"",""jquery.makeCollapsible.styles"":""ready"",""ext.flaggedRevs.basic"":""ready"",""mediawiki.codex.messagebox.styles"":""ready"",""ext.visualEditor.desktopArticleTarget.noscript"":""ready"",""ext.uls.interlanguage"":""ready"",""wikibase.client.init"":""ready"",""ext.wikimediaBadges"":""ready""};RLPAGEMODULES=[""ext.xLab"",""ext.cite.ux-enhancements"",""ext.scribunto.logs"",""site"",""mediawiki.page.ready"",""jquery.makeCollapsible"",""mediawiki.toc"",""skins.vector.js"",""ext.centralNotice.geoIP"",""ext.centralNotice.startUp"",""ext.flaggedRevs.advanced"",""ext.gadget.ll-script-loader"",""ext.gadget.veKeepParameters"",""ext.gadget.szablon-galeria"",""ext.gadget.NavFrame"",""ext.gadget.citoid-overrides"",""ext.gadget.maps"",""ext.gadget.padlock-indicators"",""ext.gadget.interwiki-langlist"",""ext.gadget.edit-summaries"",""ext.gadget.edit-first-section"",""ext.gadget.wikibugs"",""ext.gadget.map-toggler"",""ext.gadget.narrowFootnoteColumns"",""ext.gadget.ally-enhance"",""ext.gadget.WDsearch"",""ext.urlShortener.toolbar"",""ext.centralauth.centralautologin"",""ext.popups"",""ext.visualEditor.desktopArticleTarget.init"",""ext.visualEditor.targetLoader"",""ext.echo.centralauth"",""ext.eventLogging"",""ext.wikimediaEvents"",""ext.navigationTiming"",""ext.uls.interface"",""ext.cx.eventlogging.campaigns"",""ext.cx.uls.quick.actions"",""wikibase.client.vector-2022"",""ext.checkUser.clientHints"",""ext.growthExperiments.SuggestedEditSession""];</script>",2022-06-01,2022,2459731.5,721567.5,wikipedia_pl,pl,wydarzen,https://pl.wikipedia.org/wiki/2022,2c3cac84004cde84ed8201f05afb1ed5
38,20.02%  112.517      1 Szablon:Szablon_nawigacyjny,20.02%  112.517      1 Szablon:Szablon_nawigacyjny,2022-06-01,2022,2459731.5,721567.5,wikipedia_pl,pl,wydarzen,https://pl.wikipedia.org/wiki/2022,cc5e869b50ca9c0c6b90c64d997e06e5
39,10.72%   60.222      1 Szablon:Miesiąc,10.72%   60.222      1 Szablon:Miesiąc,2022-06-01,2022,2459731.5,721567.5,wikipedia_pl,pl,wydarzen,https://pl.wikipedia.org/wiki/2022,ca969e28d8efaff3bd8642214f34a6c9
40,9.84%   55.277     72 Szablon:Lang,9.84%   55.277     72 Szablon:Lang,2022-06-01,2022,2459731.5,721567.5,wikipedia_pl,pl,wydarzen,https://pl.wikipedia.org/wiki/2022,cc62b17f0b40948cbccd9893810882fb
41,9.61%   54.013      1 Szablon:Kalendarz,9.61%   54.013      1 Szablon:Kalendarz,2022-06-01,2022,2459731.5,721567.5,wikipedia_pl,pl,wydarzen,https://pl.wikipedia.org/wiki/2022,58cd6119398a9a95953302310c4a123a
42,2.47%   13.898     30 Szablon:Kalendarz/link,2.47%   13.898     30 Szablon:Kalendarz/link,2022-06-01,2022,2459731.5,721567.5,wikipedia_pl,pl,wydarzen,https://pl.wikipedia.org/wiki/2022,d8e7919162640d528b89ac85ecdda567
43,2.18%   12.265      1 Szablon:Spis_treści,2.18%   12.265      1 Szablon:Spis_treści,2022-06-01,2022,2459731.5,721567.5,wikipedia_pl,pl,wydarzen,https://pl.wikipedia.org/wiki/2022,49d625dffe7fb85f8a2a86e047d3db71
44,"Zobacz szczegółowe informacje o <a class=""external text"" href=""https://foundation.wikimedia.org/wiki","Zobacz szczegółowe informacje o <a class=""external text"" href=""https://foundation.wikimedia.org/wiki/Policy:Terms_of_Use/pl"">warunkach korzystania</a>.</li>",2022-06-01,2022,2459731.5,721567.5,wikipedia_pl,pl,wydarzen,https://pl.wikipedia.org/wiki/2022,36f689206d817f5d5231d43452249f49
419,"class=""vector-toc-list-item vector-toc-level-1 vector-toc-list-item-expanded"">","class=""vector-toc-list-item vector-toc-level-1 vector-toc-list-item-expanded"">",2022-06-01,2022,2459731.5,721567.5,wikipedia_en,en,events,https://en.wikipedia.org/wiki/2022,9ac3c18c8d42fc9d890981fca897472b
420,"class=""vector-toc-list-item vector-toc-level-2"">","class=""vector-toc-list-item vector-toc-level-2"">",2022-06-01,2022,2459731.5,721567.5,wikipedia_en,en,events,https://en.wikipedia.org/wiki/2022,d8c0c85e0a345d3b8c8e6526768d1a13
421,"Millennium</th></tr><tr><td class=""sidebar-content hlist"">","Millennium</th></tr><tr><td class=""sidebar-content hlist"">",2022-06-01,2022,2459731.5,721567.5,wikipedia_en,en,events,https://en.wikipedia.org/wiki/2022,84ced8d9567e171cf0dec8921443bee7
422,"Centuries</th></tr><tr><td class=""sidebar-content hlist"">","Centuries</th></tr><tr><td class=""sidebar-content hlist"">",2022-06-01,2022,2459731.5,721567.5,wikipedia_en,en,events,https://en.wikipedia.org/wiki/2022,3e5cda2ff3f26cde7187e5c446019426
423,5.14%  115.653      1 Template:Year_article_header,5.14%  115.653      1 Template:Year_article_header,2022-06-01,2022,2459731.5,721567.5,wikipedia_en,en,events,https://en.wikipedia.org/wiki/2022,43b669d69da62e3b42265a780f7c5082
424,5.08%  114.497      1 Template:Events_by_month_links/box,5.08%  114.497      1 Template:Events_by_month_links/box,2022-06-01,2022,2459731.5,721567.5,wikipedia_en,en,events,https://en.wikipedia.org/wiki/2022,1e545c43d8d1a086b428f7169ecc716c
425,4.99%  112.451      1 Template:Navbox,4.99%  112.451      1 Template:Navbox,2022-06-01,2022,2459731.5,721567.5,wikipedia_en,en,events,https://en.wikipedia.org/wiki/2022,4814a8245cf7eb41df59946d05fc22d0
426,4.50%  101.256      1 Template:Sidebar,4.50%  101.256      1 Template:Sidebar,2022-06-01,2022,2459731.5,721567.5,wikipedia_en,en,events,https://en.wikipedia.org/wiki/2022,c2f23063f059eb4d05d39c5ebd8f052f
427,"additional terms may apply. By using this site, you agree to the <a href=""https://foundation.wikimed","additional terms may apply. By using this site, you agree to the <a href=""https://foundation.wikimedia.org/wiki/Special:MyLanguage/Policy:Terms_of_Use"" class=""extiw"" title=""foundation:Special:MyLanguage/Policy:Terms of Use"">Terms of Use</a> and <a href=""https://foundation.wikimedia.org/wiki/Special:MyLanguage/Policy:Privacy_policy"" class=""extiw"" title=""foundation:Special:MyLanguage/Policy:Privacy policy"">Privacy Policy</a>. Wikipedia® is a registered trademark of the <a rel=""nofollow"" class=""external text"" href=""https://wikimediafoundation.org/"">Wikimedia Foundation, Inc.</a>, a non-profit organization.</li>",2022-06-01,2022,2459731.5,721567.5,wikipedia_en,en,events,https://en.wikipedia.org/wiki/2022,d4fa3bfcd589a43d2f08b9589a042957
428,"Decades</th></tr><tr><td class=""sidebar-content hlist"">","Decades</th></tr><tr><td class=""sidebar-content hlist"">",2022-06-01,2022,2459731.5,721567.5,wikipedia_en,en,death,https://en.wikipedia.org/wiki/2022,af6459ad7434b2d669422447e7870d31
703,"| <a href=""/wiki/2030er"" title=""2030er"">2030er</a>&#160;| <a href=""/wiki/2040er"" title=""2040er"">2040","| <a href=""/wiki/2030er"" title=""2030er"">2030er</a>&#160;| <a href=""/wiki/2040er"" title=""2040er"">2040er</a><br />",2022-06-01,2022,2459731.5,721567.5,wikipedia_de,de,ereignis,https://de.wikipedia.org/wiki/2022,ffdfb17ec65fdc526d407ee196b3c7a5
704,"| <a href=""/wiki/2023"" title=""2023"">2023</a>&#160;| <a href=""/wiki/2024"" title=""2024"">2024</a>&#160;","| <a href=""/wiki/2023"" title=""2023"">2023</a>&#160;| <a href=""/wiki/2024"" title=""2024"">2024</a>&#160;| <a href=""/wiki/2025"" title=""2025"">2025</a>&#160;| <a href=""/wiki/2026"" title=""2026"">2026</a>&#160;| <a href=""/wiki/2027"" title=""2027"">►</a><br />",2022-06-01,2022,2459731.5,721567.5,wikipedia_de,de,ereignis,https://de.wikipedia.org/wiki/2022,3e728dce69493c94b15877bad66edab5
846,"class=""vector-toc-list-item vector-toc-level-1 vector-toc-list-item-expanded"">","class=""vector-toc-list-item vector-toc-level-1 vector-toc-list-item-expanded"">",2022-06-01,2022,2459731.5,721567.5,wikipedia_fr,fr,événement,https://fr.wikipedia.org/wiki/2022,70f9a842ad4372425ab5c1dd8fbdd101
1672,Earthquake M6.4 - west of Macquarie Island,Magnitude 6.4 earthquake at west of Macquarie Island. Depth: Nonekm,2022-06-04,2022,2459734.5,721570.5,usgs_earthquake,en,geological_event,https://earthquake.usgs.gov/earthquakes/eventpage/us7000hexr,4fda96e85d44e2a481ff04d7d39f86c6
1673,"Earthquake M6.3 - 129 km NW of Neiafu, Tonga","Magnitude 6.3 earthquake at 129 km NW of Neiafu, Tonga. Depth: Nonekm",2022-06-04,2022,2459734.5,721570.5,usgs_earthquake,en,geological_event,https://earthquake.usgs.gov/earthquakes/eventpage/us7000hexp,1441433c856bfdb98a8e4467e6d4285a
1671,"Earthquake M6.3 - Rat Islands, Aleutian Islands, Alaska","Magnitude 6.3 earthquake at Rat Islands, Aleutian Islands, Alaska. Depth: Nonekm",2022-06-05,2022,2459735.5,721571.5,usgs_earthquake,en,geological_event,https://earthquake.usgs.gov/earthquakes/eventpage/us7000hf1u,e5f393765f57ef0e331d70d152135e15
1670,"Earthquake M6.5 - 107 km SSW of Tarauacá, Brazil","Magnitude 6.5 earthquake at 107 km SSW of Tarauacá, Brazil. Depth: Nonekm",2022-06-08,2022,2459738.5,721574.5,usgs_earthquake,en,geological_event,https://earthquake.usgs.gov/earthquakes/eventpage/us7000hfrj,4aa757f1707419fc4da1f24e6355c6b9
1068,"Global apocalypse at the turn of the first Millennium AD? Climate
  fluctuations, astronomic phenomena and socio-political turbulences in 10th
  and 11th century Byzantium and Japan in comparative perspective","Around the turn of the first Millennium AD, both in Christian polities such
as the Byzantine Empire as well as in Buddhist communities such as in Heian
Japan, expectations of an end of times emerged. Although based on different
religious and independent chronological interpretations, they gained attraction
at the same time due to the parallel observation and interpretation of the same
astronomical phenomena (such as sightings of Halley's Comet in 989 AD) or of
simultaneous climate anomalies, which can partly be connected with the Oort
Solar Minimum of the 11th century. This paper explores and compares the
interplay between natural phenomena, political and religious unrest and
apocalyptic interpretations on the basis of historical and natural scientific
evidence.",2022-06-21,2022,2459751.5,721587.5,arxiv,en,scientific_paper,http://arxiv.org/abs/2206.10109v1,47a74af7b4cfe18b33ba43f08de36723
1669,"Earthquake M6 - 55 km SW of Kh?st, Afghanistan","Magnitude 6 earthquake at 55 km SW of Kh?st, Afghanistan. Depth: Nonekm",2022-06-21,2022,2459751.5,721587.5,usgs_earthquake,en,geological_event,https://earthquake.usgs.gov/earthquakes/eventpage/us7000hj3u,d677c009eb219abbb5c01d8298cc5123
1668,"Earthquake M6 - 49 km NNE of Namuac, Philippines","Magnitude 6 earthquake at 49 km NNE of Namuac, Philippines. Depth: Nonekm",2022-06-30,2022,2459760.5,721596.5,usgs_earthquake,en,geological_event,https://earthquake.usgs.gov/earthquakes/eventpage/us6000hywe,bd21a3214f0a0e4bcdbf6f3a62ad7049
45,"RLSTATE={""ext.gadget.wikiflex"":""ready"",""ext.gadget.infobox"":""ready"",""ext.gadget.hlist"":""ready"",""ext.","RLSTATE={""ext.gadget.wikiflex"":""ready"",""ext.gadget.infobox"":""ready"",""ext.gadget.hlist"":""ready"",""ext.gadget.darkmode-overrides"":""ready"",""ext.gadget.small-references"":""ready"",""ext.gadget.citation-access-info"":""ready"",""ext.gadget.sprawdz-problemy-szablony"":""ready"",""ext.globalCssJs.user.styles"":""ready"",""site.styles"":""ready"",""user.styles"":""ready"",""ext.globalCssJs.user"":""ready"",""user"":""ready"",""user.options"":""loading"",""ext.cite.styles"":""ready"",""ext.wikimediamessages.styles"":""ready"",""skins.vector.search.codex.styles"":""ready"",""skins.vector.styles"":""ready"",""skins.vector.icons"":""ready"",""jquery.makeCollapsible.styles"":""ready"",""ext.flaggedRevs.basic"":""ready"",""mediawiki.codex.messagebox.styles"":""ready"",""ext.visualEditor.desktopArticleTarget.noscript"":""ready"",""ext.uls.interlanguage"":""ready"",""wikibase.client.init"":""ready"",""ext.wikimediaBadges"":""ready""};RLPAGEMODULES=[""ext.xLab"",""ext.cite.ux-enhancements"",""ext.scribunto.logs"",""site"",""mediawiki.page.ready"",""jquery.makeCollapsible"",""mediawiki.toc"",""skins.vector.js"",""ext.centralNotice.geoIP"",""ext.centralNotice.startUp"",""ext.flaggedRevs.advanced"",""ext.gadget.ll-script-loader"",""ext.gadget.veKeepParameters"",""ext.gadget.szablon-galeria"",""ext.gadget.NavFrame"",""ext.gadget.citoid-overrides"",""ext.gadget.maps"",""ext.gadget.padlock-indicators"",""ext.gadget.interwiki-langlist"",""ext.gadget.edit-summaries"",""ext.gadget.edit-first-section"",""ext.gadget.wikibugs"",""ext.gadget.map-toggler"",""ext.gadget.narrowFootnoteColumns"",""ext.gadget.ally-enhance"",""ext.gadget.WDsearch"",""ext.urlShortener.toolbar"",""ext.centralauth.centralautologin"",""ext.popups"",""ext.visualEditor.desktopArticleTarget.init"",""ext.visualEditor.targetLoader"",""ext.echo.centralauth"",""ext.eventLogging"",""ext.wikimediaEvents"",""ext.navigationTiming"",""ext.uls.interface"",""ext.cx.eventlogging.campaigns"",""ext.cx.uls.quick.actions"",""wikibase.client.vector-2022"",""ext.checkUser.clientHints"",""ext.growthExperiments.SuggestedEditSession""];</script>",2022-07-01,2022,2459761.5,721597.5,wikipedia_pl,pl,wydarzen,https://pl.wikipedia.org/wiki/2022,a2359598edd772f6352e859dc7a9a08d
46,8.51%  113.098      1 Szablon:Szablon_nawigacyjny,8.51%  113.098      1 Szablon:Szablon_nawigacyjny,2022-07-01,2022,2459761.5,721597.5,wikipedia_pl,pl,wydarzen,https://pl.wikipedia.org/wiki/2022,00390cf8ac8480b69f0661cfcb356e06
47,5.70%   75.737      1 Szablon:Miesiąc,5.70%   75.737      1 Szablon:Miesiąc,2022-07-01,2022,2459761.5,721597.5,wikipedia_pl,pl,wydarzen,https://pl.wikipedia.org/wiki/2022,b8e4970a531381f12cbc3f1b9c56f7fd
48,5.12%   68.044      1 Szablon:Kalendarz,5.12%   68.044      1 Szablon:Kalendarz,2022-07-01,2022,2459761.5,721597.5,wikipedia_pl,pl,wydarzen,https://pl.wikipedia.org/wiki/2022,edb8c23e8e6d13abf86eb840dbbf07ff
49,1.47%   19.495     31 Szablon:Kalendarz/link,1.47%   19.495     31 Szablon:Kalendarz/link,2022-07-01,2022,2459761.5,721597.5,wikipedia_pl,pl,wydarzen,https://pl.wikipedia.org/wiki/2022,1c207c9692245eec18fa2c83ce862835
50,0.90%   11.980     43 Szablon:DAYOFWEEK,0.90%   11.980     43 Szablon:DAYOFWEEK,2022-07-01,2022,2459761.5,721597.5,wikipedia_pl,pl,wydarzen,https://pl.wikipedia.org/wiki/2022,cff547cd8ca8ba3893405d24fb5b652f
51,"Zobacz szczegółowe informacje o <a class=""external text"" href=""https://foundation.wikimedia.org/wiki","Zobacz szczegółowe informacje o <a class=""external text"" href=""https://foundation.wikimedia.org/wiki/Policy:Terms_of_Use/pl"">warunkach korzystania</a>.</li>",2022-07-01,2022,2459761.5,721597.5,wikipedia_pl,pl,wydarzen,https://pl.wikipedia.org/wiki/2022,41aa2de26f335648b5445b72ee981074
429,"class=""vector-toc-list-item vector-toc-level-1 vector-toc-list-item-expanded"">","class=""vector-toc-list-item vector-toc-level-1 vector-toc-list-item-expanded"">",2022-07-01,2022,2459761.5,721597.5,wikipedia_en,en,events,https://en.wikipedia.org/wiki/2022,1ee37af0cafe4add710e3599c31eb102
430,"class=""vector-toc-list-item vector-toc-level-2"">","class=""vector-toc-list-item vector-toc-level-2"">",2022-07-01,2022,2459761.5,721597.5,wikipedia_en,en,events,https://en.wikipedia.org/wiki/2022,68afa575b1782c3b744bdcd990a485b6
431,"Millennium</th></tr><tr><td class=""sidebar-content hlist"">","Millennium</th></tr><tr><td class=""sidebar-content hlist"">",2022-07-01,2022,2459761.5,721597.5,wikipedia_en,en,events,https://en.wikipedia.org/wiki/2022,9ae25217546f68bb7ddc6f27d4084886
432,"Centuries</th></tr><tr><td class=""sidebar-content hlist"">","Centuries</th></tr><tr><td class=""sidebar-content hlist"">",2022-07-01,2022,2459761.5,721597.5,wikipedia_en,en,events,https://en.wikipedia.org/wiki/2022,86e405073a0815006d08cd29a9afe362
433,5.14%  115.653      1 Template:Year_article_header,5.14%  115.653      1 Template:Year_article_header,2022-07-01,2022,2459761.5,721597.5,wikipedia_en,en,events,https://en.wikipedia.org/wiki/2022,5d2a7f3c299c14db9d024d3f29290087
434,5.08%  114.497      1 Template:Events_by_month_links/box,5.08%  114.497      1 Template:Events_by_month_links/box,2022-07-01,2022,2459761.5,721597.5,wikipedia_en,en,events,https://en.wikipedia.org/wiki/2022,372f5026bd4ac971f4bbd4a345a752cd
435,4.99%  112.451      1 Template:Navbox,4.99%  112.451      1 Template:Navbox,2022-07-01,2022,2459761.5,721597.5,wikipedia_en,en,events,https://en.wikipedia.org/wiki/2022,485290ab2fab507e7090e0350e0aca5b
436,4.50%  101.256      1 Template:Sidebar,4.50%  101.256      1 Template:Sidebar,2022-07-01,2022,2459761.5,721597.5,wikipedia_en,en,events,https://en.wikipedia.org/wiki/2022,ef297031ade8d8660bb0e82a3e4edbfd
437,"additional terms may apply. By using this site, you agree to the <a href=""https://foundation.wikimed","additional terms may apply. By using this site, you agree to the <a href=""https://foundation.wikimedia.org/wiki/Special:MyLanguage/Policy:Terms_of_Use"" class=""extiw"" title=""foundation:Special:MyLanguage/Policy:Terms of Use"">Terms of Use</a> and <a href=""https://foundation.wikimedia.org/wiki/Special:MyLanguage/Policy:Privacy_policy"" class=""extiw"" title=""foundation:Special:MyLanguage/Policy:Privacy policy"">Privacy Policy</a>. Wikipedia® is a registered trademark of the <a rel=""nofollow"" class=""external text"" href=""https://wikimediafoundation.org/"">Wikimedia Foundation, Inc.</a>, a non-profit organization.</li>",2022-07-01,2022,2459761.5,721597.5,wikipedia_en,en,events,https://en.wikipedia.org/wiki/2022,2c2b57b5daa36664a0f6c32d962a2a40
438,"Decades</th></tr><tr><td class=""sidebar-content hlist"">","Decades</th></tr><tr><td class=""sidebar-content hlist"">",2022-07-01,2022,2459761.5,721597.5,wikipedia_en,en,death,https://en.wikipedia.org/wiki/2022,5c3633dec996f8a98c6eb763f683a8be
705,"| <a href=""/wiki/2030er"" title=""2030er"">2030er</a>&#160;| <a href=""/wiki/2040er"" title=""2040er"">2040","| <a href=""/wiki/2030er"" title=""2030er"">2030er</a>&#160;| <a href=""/wiki/2040er"" title=""2040er"">2040er</a><br />",2022-07-01,2022,2459761.5,721597.5,wikipedia_de,de,ereignis,https://de.wikipedia.org/wiki/2022,6431f430b93f05ce6f28a4b7820667f2
706,"| <a href=""/wiki/2023"" title=""2023"">2023</a>&#160;| <a href=""/wiki/2024"" title=""2024"">2024</a>&#160;","| <a href=""/wiki/2023"" title=""2023"">2023</a>&#160;| <a href=""/wiki/2024"" title=""2024"">2024</a>&#160;| <a href=""/wiki/2025"" title=""2025"">2025</a>&#160;| <a href=""/wiki/2026"" title=""2026"">2026</a>&#160;| <a href=""/wiki/2027"" title=""2027"">►</a><br />",2022-07-01,2022,2459761.5,721597.5,wikipedia_de,de,ereignis,https://de.wikipedia.org/wiki/2022,7c4b0d94d5b50612edaa7d5a371c88ba
847,"class=""vector-toc-list-item vector-toc-level-1 vector-toc-list-item-expanded"">","class=""vector-toc-list-item vector-toc-level-1 vector-toc-list-item-expanded"">",2022-07-01,2022,2459761.5,721597.5,wikipedia_fr,fr,événement,https://fr.wikipedia.org/wiki/2022,ef35484d0251bda227dfe84657e8e50e
1667,"Earthquake M6 - 52 km NE of Bandar-e Lengeh, Iran","Magnitude 6 earthquake at 52 km NE of Bandar-e Lengeh, Iran. Depth: Nonekm",2022-07-01,2022,2459761.5,721597.5,usgs_earthquake,en,geological_event,https://earthquake.usgs.gov/earthquakes/eventpage/us6000hz8x,b17c6e06caccec95e399e73c01a155ef
1666,"Earthquake M6 - 57 km NE of Bandar-e Lengeh, Iran","Magnitude 6 earthquake at 57 km NE of Bandar-e Lengeh, Iran. Depth: Nonekm",2022-07-02,2022,2459762.5,721598.5,usgs_earthquake,en,geological_event,https://earthquake.usgs.gov/earthquakes/eventpage/us6000hz9v,58753b1e3b108ce529eff95ac380ceac
1665,"Earthquake M6 - 82 km ESE of Port-Vila, Vanuatu","Magnitude 6 earthquake at 82 km ESE of Port-Vila, Vanuatu. Depth: Nonekm",2022-07-11,2022,2459771.5,721607.5,usgs_earthquake,en,geological_event,https://earthquake.usgs.gov/earthquakes/eventpage/us6000i1ms,8769b74e106adf57905615604b294b25
1664,Earthquake M6.8 - Easter Island region,Magnitude 6.8 earthquake at Easter Island region. Depth: Nonekm,2022-07-12,2022,2459772.5,721608.5,usgs_earthquake,en,geological_event,https://earthquake.usgs.gov/earthquakes/eventpage/us6000i1wg,3b81fc9a736a0887f7c1bb3abf1caf6c
1663,"Earthquake M6.4 - Off the coast of Aisen, Chile","Magnitude 6.4 earthquake at Off the coast of Aisen, Chile. Depth: Nonekm",2022-07-15,2022,2459775.5,721611.5,usgs_earthquake,en,geological_event,https://earthquake.usgs.gov/earthquakes/eventpage/us6000i2v0,4a8e79522983afe7b03a0a4e3388d675
1101,"The reconstruction of the Antikythera Mechanism Instruction Manual after
  a diligent study and analysis of the Back cover inscription (Part-1 and
  Part-2)","The Inscriptions which were on the Back Cover of the Antikythera Mechanism
were the Users Manual of the Antikythera Mechanism. In the Back Cover
Inscription Part 1 text, the Presentation, Position, and Operation of the outer
parts of the Mechanism Front face was engraved by the ancient manufacturer.
Although this technical text is partially or poorly preserved, useful
information, results and conclusions were retracted by studying the words and
the sentences adapted on their original geometrical positions, concerning the
image of the Mechanism front face. After the study and the analysis of the
preserved text and its characteristics, the missing text completion is
presented. A significant part of the reconstructed text was reproduced using
the preserved words and phrases. In many cases the reconstructed text can be
considered as definite. The use of the authors Antikythera Mechanism functional
model was critical for the analysis and understanding the preserved text,
contributing to the design and reconstruction of the Mechanism Front Face
parts, which are not preserved nowadays.",2022-07-25,2022,2459785.5,721621.5,arxiv,en,scientific_paper,http://arxiv.org/abs/2207.12009v2,4cec776b75c389048281019e88f22089
1661,"Earthquake M6.2 - Antofagasta, Chile","Magnitude 6.2 earthquake at Antofagasta, Chile. Depth: Nonekm",2022-07-27,2022,2459787.5,721623.5,usgs_earthquake,en,geological_event,https://earthquake.usgs.gov/earthquakes/eventpage/us6000i5zi,1494a116a1b3984cf71d7937c1266591
1662,"Earthquake M7 - 11 km NE of Bantay, Philippines","Magnitude 7 earthquake at 11 km NE of Bantay, Philippines. Depth: Nonekm",2022-07-27,2022,2459787.5,721623.5,usgs_earthquake,en,geological_event,https://earthquake.usgs.gov/earthquakes/eventpage/us6000i5rd,dc1e71542a0027e87a032f17e6466979
1660,"Earthquake M6.1 - 22 km NW of Tocopilla, Chile","Magnitude 6.1 earthquake at 22 km NW of Tocopilla, Chile. Depth: Nonekm",2022-07-28,2022,2459788.5,721624.5,usgs_earthquake,en,geological_event,https://earthquake.usgs.gov/earthquakes/eventpage/us6000i636,559ec0cdff3035cf165472efe06e76de
52,"RLSTATE={""ext.gadget.wikiflex"":""ready"",""ext.gadget.infobox"":""ready"",""ext.gadget.hlist"":""ready"",""ext.","RLSTATE={""ext.gadget.wikiflex"":""ready"",""ext.gadget.infobox"":""ready"",""ext.gadget.hlist"":""ready"",""ext.gadget.darkmode-overrides"":""ready"",""ext.gadget.small-references"":""ready"",""ext.gadget.citation-access-info"":""ready"",""ext.gadget.sprawdz-problemy-szablony"":""ready"",""ext.globalCssJs.user.styles"":""ready"",""site.styles"":""ready"",""user.styles"":""ready"",""ext.globalCssJs.user"":""ready"",""user"":""ready"",""user.options"":""loading"",""ext.cite.styles"":""ready"",""ext.wikimediamessages.styles"":""ready"",""skins.vector.search.codex.styles"":""ready"",""skins.vector.styles"":""ready"",""skins.vector.icons"":""ready"",""jquery.makeCollapsible.styles"":""ready"",""ext.flaggedRevs.basic"":""ready"",""mediawiki.codex.messagebox.styles"":""ready"",""ext.visualEditor.desktopArticleTarget.noscript"":""ready"",""ext.uls.interlanguage"":""ready"",""wikibase.client.init"":""ready"",""ext.wikimediaBadges"":""ready""};RLPAGEMODULES=[""ext.xLab"",""ext.cite.ux-enhancements"",""ext.scribunto.logs"",""site"",""mediawiki.page.ready"",""jquery.makeCollapsible"",""mediawiki.toc"",""skins.vector.js"",""ext.centralNotice.geoIP"",""ext.centralNotice.startUp"",""ext.flaggedRevs.advanced"",""ext.gadget.ll-script-loader"",""ext.gadget.veKeepParameters"",""ext.gadget.szablon-galeria"",""ext.gadget.NavFrame"",""ext.gadget.citoid-overrides"",""ext.gadget.maps"",""ext.gadget.padlock-indicators"",""ext.gadget.interwiki-langlist"",""ext.gadget.edit-summaries"",""ext.gadget.edit-first-section"",""ext.gadget.wikibugs"",""ext.gadget.map-toggler"",""ext.gadget.narrowFootnoteColumns"",""ext.gadget.ally-enhance"",""ext.gadget.WDsearch"",""ext.urlShortener.toolbar"",""ext.centralauth.centralautologin"",""ext.popups"",""ext.visualEditor.desktopArticleTarget.init"",""ext.visualEditor.targetLoader"",""ext.echo.centralauth"",""ext.eventLogging"",""ext.wikimediaEvents"",""ext.navigationTiming"",""ext.uls.interface"",""ext.cx.eventlogging.campaigns"",""ext.cx.uls.quick.actions"",""wikibase.client.vector-2022"",""ext.checkUser.clientHints"",""ext.growthExperiments.SuggestedEditSession""];</script>",2022-08-01,2022,2459792.5,721628.5,wikipedia_pl,pl,wydarzen,https://pl.wikipedia.org/wiki/2022,6b4f4158e3450d45985a5225773c2baa
53,12.22%  136.191      1 Szablon:Szablon_nawigacyjny,12.22%  136.191      1 Szablon:Szablon_nawigacyjny,2022-08-01,2022,2459792.5,721628.5,wikipedia_pl,pl,wydarzen,https://pl.wikipedia.org/wiki/2022,ad20bebdfc6043b9c52466b20c027de7
54,9.61%  107.084    148 Szablon:Lang,9.61%  107.084    148 Szablon:Lang,2022-08-01,2022,2459792.5,721628.5,wikipedia_pl,pl,wydarzen,https://pl.wikipedia.org/wiki/2022,12427e0585b94bf6d4eaf267dae11062
55,4.47%   49.829      1 Szablon:Miesiąc,4.47%   49.829      1 Szablon:Miesiąc,2022-08-01,2022,2459792.5,721628.5,wikipedia_pl,pl,wydarzen,https://pl.wikipedia.org/wiki/2022,3af146b44a82408eaad3a0cf32c7275f
56,4.04%   44.981      1 Szablon:Kalendarz,4.04%   44.981      1 Szablon:Kalendarz,2022-08-01,2022,2459792.5,721628.5,wikipedia_pl,pl,wydarzen,https://pl.wikipedia.org/wiki/2022,10fdcfb2600cb99e5899f76579dc843b
57,1.12%   12.501     31 Szablon:Kalendarz/link,1.12%   12.501     31 Szablon:Kalendarz/link,2022-08-01,2022,2459792.5,721628.5,wikipedia_pl,pl,wydarzen,https://pl.wikipedia.org/wiki/2022,773867cfc6889e64322ee0d4804fe69f
58,0.84%    9.329      1 Szablon:Spis_treści,0.84%    9.329      1 Szablon:Spis_treści,2022-08-01,2022,2459792.5,721628.5,wikipedia_pl,pl,wydarzen,https://pl.wikipedia.org/wiki/2022,fc8e15b0c713f994c7d5c7925403a3a4
59,"Zobacz szczegółowe informacje o <a class=""external text"" href=""https://foundation.wikimedia.org/wiki","Zobacz szczegółowe informacje o <a class=""external text"" href=""https://foundation.wikimedia.org/wiki/Policy:Terms_of_Use/pl"">warunkach korzystania</a>.</li>",2022-08-01,2022,2459792.5,721628.5,wikipedia_pl,pl,wydarzen,https://pl.wikipedia.org/wiki/2022,8277993cc4e0d43d0958fb7cd01235c4
439,"class=""vector-toc-list-item vector-toc-level-1 vector-toc-list-item-expanded"">","class=""vector-toc-list-item vector-toc-level-1 vector-toc-list-item-expanded"">",2022-08-01,2022,2459792.5,721628.5,wikipedia_en,en,events,https://en.wikipedia.org/wiki/2022,349169ecf4d4b11030df973ced4310e5
440,"class=""vector-toc-list-item vector-toc-level-2"">","class=""vector-toc-list-item vector-toc-level-2"">",2022-08-01,2022,2459792.5,721628.5,wikipedia_en,en,events,https://en.wikipedia.org/wiki/2022,b5c621cdc1f3bad8fe9e654e796c3d7e
441,"Millennium</th></tr><tr><td class=""sidebar-content hlist"">","Millennium</th></tr><tr><td class=""sidebar-content hlist"">",2022-08-01,2022,2459792.5,721628.5,wikipedia_en,en,events,https://en.wikipedia.org/wiki/2022,a1acad6344e723474823df3843ba48d9
442,"Centuries</th></tr><tr><td class=""sidebar-content hlist"">","Centuries</th></tr><tr><td class=""sidebar-content hlist"">",2022-08-01,2022,2459792.5,721628.5,wikipedia_en,en,events,https://en.wikipedia.org/wiki/2022,a7f4d5cf8918f8cc3b9184dfd245c500
443,5.14%  115.653      1 Template:Year_article_header,5.14%  115.653      1 Template:Year_article_header,2022-08-01,2022,2459792.5,721628.5,wikipedia_en,en,events,https://en.wikipedia.org/wiki/2022,057a46720f08526f80753e523fcb1fef
444,5.08%  114.497      1 Template:Events_by_month_links/box,5.08%  114.497      1 Template:Events_by_month_links/box,2022-08-01,2022,2459792.5,721628.5,wikipedia_en,en,events,https://en.wikipedia.org/wiki/2022,7d4bf136629d7c8145d0c25a2e98f30f
445,4.99%  112.451      1 Template:Navbox,4.99%  112.451      1 Template:Navbox,2022-08-01,2022,2459792.5,721628.5,wikipedia_en,en,events,https://en.wikipedia.org/wiki/2022,6a173feadb2dabfb39967dc45c093a84
446,4.50%  101.256      1 Template:Sidebar,4.50%  101.256      1 Template:Sidebar,2022-08-01,2022,2459792.5,721628.5,wikipedia_en,en,events,https://en.wikipedia.org/wiki/2022,19a42320c2fb2b0a195a544116e5d894
447,"additional terms may apply. By using this site, you agree to the <a href=""https://foundation.wikimed","additional terms may apply. By using this site, you agree to the <a href=""https://foundation.wikimedia.org/wiki/Special:MyLanguage/Policy:Terms_of_Use"" class=""extiw"" title=""foundation:Special:MyLanguage/Policy:Terms of Use"">Terms of Use</a> and <a href=""https://foundation.wikimedia.org/wiki/Special:MyLanguage/Policy:Privacy_policy"" class=""extiw"" title=""foundation:Special:MyLanguage/Policy:Privacy policy"">Privacy Policy</a>. Wikipedia® is a registered trademark of the <a rel=""nofollow"" class=""external text"" href=""https://wikimediafoundation.org/"">Wikimedia Foundation, Inc.</a>, a non-profit organization.</li>",2022-08-01,2022,2459792.5,721628.5,wikipedia_en,en,events,https://en.wikipedia.org/wiki/2022,005da81fa314516fbace81b6463841a4
448,"Decades</th></tr><tr><td class=""sidebar-content hlist"">","Decades</th></tr><tr><td class=""sidebar-content hlist"">",2022-08-01,2022,2459792.5,721628.5,wikipedia_en,en,death,https://en.wikipedia.org/wiki/2022,c9162878bf2927421d0c96388ed0eec6
707,"| <a href=""/wiki/2030er"" title=""2030er"">2030er</a>&#160;| <a href=""/wiki/2040er"" title=""2040er"">2040","| <a href=""/wiki/2030er"" title=""2030er"">2030er</a>&#160;| <a href=""/wiki/2040er"" title=""2040er"">2040er</a><br />",2022-08-01,2022,2459792.5,721628.5,wikipedia_de,de,ereignis,https://de.wikipedia.org/wiki/2022,c5edbd21c0c5c0d96762b2f51d569078
708,"| <a href=""/wiki/2023"" title=""2023"">2023</a>&#160;| <a href=""/wiki/2024"" title=""2024"">2024</a>&#160;","| <a href=""/wiki/2023"" title=""2023"">2023</a>&#160;| <a href=""/wiki/2024"" title=""2024"">2024</a>&#160;| <a href=""/wiki/2025"" title=""2025"">2025</a>&#160;| <a href=""/wiki/2026"" title=""2026"">2026</a>&#160;| <a href=""/wiki/2027"" title=""2027"">►</a><br />",2022-08-01,2022,2459792.5,721628.5,wikipedia_de,de,ereignis,https://de.wikipedia.org/wiki/2022,d79ec1142b6eabd562e09771b8f71923
848,"class=""vector-toc-list-item vector-toc-level-1 vector-toc-list-item-expanded"">","class=""vector-toc-list-item vector-toc-level-1 vector-toc-list-item-expanded"">",2022-08-01,2022,2459792.5,721628.5,wikipedia_fr,fr,événement,https://fr.wikipedia.org/wiki/2022,74c468c03881524cbe569f4b161a39a0
1100,From heliocentrism to epicycles: A commentary on pre-Ptolemaic astronomy,"If one wants to translate the heliocentric picture of planets moving
uniformly on circular orbits about the sun to the perspective of a terrestrial
observer, using classical (ancient) geometric means only, one is naturally led
to the investigation of epicyclic constructions. The announcement of the
heliocentric hypothesis by Aristarchos of Samos and the invention of the method
of epicycles happened during the 3rd and 2nd centuries BC. The latter developed
into the central tool of Hellenistic and Ptolemaic astronomy. In the present
literature on the history of astronomy the parallel rise of the heliocentric
view and the methods of epicycles is usually considered as a pure contingency.
Here I explain why I do not find this view convincing.",2022-08-03,2022,2459794.5,721630.5,arxiv,en,scientific_paper,http://arxiv.org/abs/2208.02137v2,273cd2208d7544ceb2b5fff63579e170
1658,Earthquake M6.4 - southeast of the Loyalty Islands,Magnitude 6.4 earthquake at southeast of the Loyalty Islands. Depth: Nonekm,2022-08-14,2022,2459805.5,721641.5,usgs_earthquake,en,geological_event,https://earthquake.usgs.gov/earthquakes/eventpage/us6000iav7,5f33672b4214c3e199719696b15a8e3a
1659,Earthquake M6.6 - south of the Kermadec Islands,Magnitude 6.6 earthquake at south of the Kermadec Islands. Depth: Nonekm,2022-08-14,2022,2459805.5,721641.5,usgs_earthquake,en,geological_event,https://earthquake.usgs.gov/earthquakes/eventpage/us6000iasi,92e255debfec956b2f395a5183f692be
1099,"Reconstructing the lost eclipse events of the Saros spiral applying the
  Draconic gearing on the Antikythera Mechanism. The impact of the gearing
  errors on the pointers position","We present new observations concerning the procedure for the reconstruction
of the lost eclipse events engraved in the Saros spiral cells of the
Antikythera Mechanism. For the reconstructed eclipse events we applied the
assumed, albeit missing, Draconic gearing of the Antikythera Mechanism, which
was probably a part of the Mechanism gearing, representing the fourth lunar
motion, the Draconic cycle. The Draconic gearing is very critical for the
eclipse prediction and defines whether an eclipse will occur. For our research
we created a program which presents the phase of the four lunar cycles and the
position of the Draconic pointer relative to the ecliptic limits. After
calibrating the software according to the preserved eclipse events, the lost
eclipse events of the Saros spiral were calculated and discussed. The procedure
for the calculation of the events times by using solely the Mechanism is also
presented. The eccentricity error of a gear which is preserved on the ancient
prototype is discussed. An experimental setup facilitated the analysis of the
mechanical characteristics of gears with triangular teeth and the errors. The
experimental study of the gears errors revealed the strong impact the
Antikythera Mechanism pointers have on the results.",2022-08-23,2022,2459814.5,721650.5,arxiv,en,scientific_paper,http://arxiv.org/abs/2208.10997v1,2d37ef58e1fa4461e312b68165f453e7
1657,"Earthquake M6.2 - 119 km S of Pagar Alam, Indonesia","Magnitude 6.2 earthquake at 119 km S of Pagar Alam, Indonesia. Depth: Nonekm",2022-08-23,2022,2459814.5,721650.5,usgs_earthquake,en,geological_event,https://earthquake.usgs.gov/earthquakes/eventpage/us6000id0t,75106ccc2102abc91b7c55a74acca626
1656,"Earthquake M6.2 - 173 km WSW of Pariaman, Indonesia","Magnitude 6.2 earthquake at 173 km WSW of Pariaman, Indonesia. Depth: Nonekm",2022-08-29,2022,2459820.5,721656.5,usgs_earthquake,en,geological_event,https://earthquake.usgs.gov/earthquakes/eventpage/us7000i38s,b5e5ee037be439f6c4d763bb0262664b
1655,Earthquake M6.3 - Pacific-Antarctic Ridge,Magnitude 6.3 earthquake at Pacific-Antarctic Ridge. Depth: Nonekm,2022-08-30,2022,2459821.5,721657.5,usgs_earthquake,en,geological_event,https://earthquake.usgs.gov/earthquakes/eventpage/us7000i3mp,36b4473b1c33210c07d39809b8bc8ad1
60,"RLSTATE={""ext.gadget.wikiflex"":""ready"",""ext.gadget.infobox"":""ready"",""ext.gadget.hlist"":""ready"",""ext.","RLSTATE={""ext.gadget.wikiflex"":""ready"",""ext.gadget.infobox"":""ready"",""ext.gadget.hlist"":""ready"",""ext.gadget.darkmode-overrides"":""ready"",""ext.gadget.small-references"":""ready"",""ext.gadget.citation-access-info"":""ready"",""ext.gadget.sprawdz-problemy-szablony"":""ready"",""ext.globalCssJs.user.styles"":""ready"",""site.styles"":""ready"",""user.styles"":""ready"",""ext.globalCssJs.user"":""ready"",""user"":""ready"",""user.options"":""loading"",""ext.cite.styles"":""ready"",""ext.wikimediamessages.styles"":""ready"",""skins.vector.search.codex.styles"":""ready"",""skins.vector.styles"":""ready"",""skins.vector.icons"":""ready"",""jquery.makeCollapsible.styles"":""ready"",""ext.flaggedRevs.basic"":""ready"",""mediawiki.codex.messagebox.styles"":""ready"",""ext.visualEditor.desktopArticleTarget.noscript"":""ready"",""ext.uls.interlanguage"":""ready"",""wikibase.client.init"":""ready"",""ext.wikimediaBadges"":""ready""};RLPAGEMODULES=[""ext.xLab"",""ext.cite.ux-enhancements"",""ext.scribunto.logs"",""site"",""mediawiki.page.ready"",""jquery.makeCollapsible"",""mediawiki.toc"",""skins.vector.js"",""ext.centralNotice.geoIP"",""ext.centralNotice.startUp"",""ext.flaggedRevs.advanced"",""ext.gadget.ll-script-loader"",""ext.gadget.veKeepParameters"",""ext.gadget.szablon-galeria"",""ext.gadget.NavFrame"",""ext.gadget.citoid-overrides"",""ext.gadget.maps"",""ext.gadget.padlock-indicators"",""ext.gadget.interwiki-langlist"",""ext.gadget.edit-summaries"",""ext.gadget.edit-first-section"",""ext.gadget.wikibugs"",""ext.gadget.map-toggler"",""ext.gadget.narrowFootnoteColumns"",""ext.gadget.ally-enhance"",""ext.gadget.WDsearch"",""ext.urlShortener.toolbar"",""ext.centralauth.centralautologin"",""mmv.bootstrap"",""ext.popups"",""ext.visualEditor.desktopArticleTarget.init"",""ext.visualEditor.targetLoader"",""ext.echo.centralauth"",""ext.eventLogging"",""ext.wikimediaEvents"",""ext.navigationTiming"",""ext.uls.interface"",""ext.cx.eventlogging.campaigns"",""ext.cx.uls.quick.actions"",""wikibase.client.vector-2022"",""ext.checkUser.clientHints"",""ext.growthExperiments.SuggestedEditSession""];</script>",2022-09-01,2022,2459823.5,721659.5,wikipedia_pl,pl,wydarzen,https://pl.wikipedia.org/wiki/2022,3fe81167542a201672dc4251e237b8eb
61,11.03%  140.082      1 Szablon:Szablon_nawigacyjny,11.03%  140.082      1 Szablon:Szablon_nawigacyjny,2022-09-01,2022,2459823.5,721659.5,wikipedia_pl,pl,wydarzen,https://pl.wikipedia.org/wiki/2022,b4ec180e046be3abfc9d0ea5e3700e49
62,10.49%  133.149    188 Szablon:Lang,10.49%  133.149    188 Szablon:Lang,2022-09-01,2022,2459823.5,721659.5,wikipedia_pl,pl,wydarzen,https://pl.wikipedia.org/wiki/2022,8996ae13291b916d25c48aba46648c7a
63,4.67%   59.332      1 Szablon:Miesiąc,4.67%   59.332      1 Szablon:Miesiąc,2022-09-01,2022,2459823.5,721659.5,wikipedia_pl,pl,wydarzen,https://pl.wikipedia.org/wiki/2022,cfcdb0b10c567e85cf5d7687986a2157
64,4.18%   53.043      1 Szablon:Kalendarz,4.18%   53.043      1 Szablon:Kalendarz,2022-09-01,2022,2459823.5,721659.5,wikipedia_pl,pl,wydarzen,https://pl.wikipedia.org/wiki/2022,e3eab369d593210b2093aa77001edf9d
65,1.91%   24.274      1 Szablon:Commonscat,1.91%   24.274      1 Szablon:Commonscat,2022-09-01,2022,2459823.5,721659.5,wikipedia_pl,pl,wydarzen,https://pl.wikipedia.org/wiki/2022,8a280148e8d2473f95005d8594228d83
66,1.77%   22.484      1 Szablon:Projekt_siostrzany,1.77%   22.484      1 Szablon:Projekt_siostrzany,2022-09-01,2022,2459823.5,721659.5,wikipedia_pl,pl,wydarzen,https://pl.wikipedia.org/wiki/2022,9d7b8ecd345ef80af317c1d92423035b
67,"Zobacz szczegółowe informacje o <a class=""external text"" href=""https://foundation.wikimedia.org/wiki","Zobacz szczegółowe informacje o <a class=""external text"" href=""https://foundation.wikimedia.org/wiki/Policy:Terms_of_Use/pl"">warunkach korzystania</a>.</li>",2022-09-01,2022,2459823.5,721659.5,wikipedia_pl,pl,wydarzen,https://pl.wikipedia.org/wiki/2022,cbb4a290f705364d62ae70cd0520db5e
449,"class=""vector-toc-list-item vector-toc-level-1 vector-toc-list-item-expanded"">","class=""vector-toc-list-item vector-toc-level-1 vector-toc-list-item-expanded"">",2022-09-01,2022,2459823.5,721659.5,wikipedia_en,en,events,https://en.wikipedia.org/wiki/2022,8ef4801c0efa1a17d258470f7299c6b7
450,"class=""vector-toc-list-item vector-toc-level-2"">","class=""vector-toc-list-item vector-toc-level-2"">",2022-09-01,2022,2459823.5,721659.5,wikipedia_en,en,events,https://en.wikipedia.org/wiki/2022,b22cd54c98e17fc37a41402e254e7dae
451,"Millennium</th></tr><tr><td class=""sidebar-content hlist"">","Millennium</th></tr><tr><td class=""sidebar-content hlist"">",2022-09-01,2022,2459823.5,721659.5,wikipedia_en,en,events,https://en.wikipedia.org/wiki/2022,a74b5fcf615f0f0f70d6dc3ebe299b3a
452,"Centuries</th></tr><tr><td class=""sidebar-content hlist"">","Centuries</th></tr><tr><td class=""sidebar-content hlist"">",2022-09-01,2022,2459823.5,721659.5,wikipedia_en,en,events,https://en.wikipedia.org/wiki/2022,bffa9b9b95708c27ba7056057f1b6996
453,5.14%  115.653      1 Template:Year_article_header,5.14%  115.653      1 Template:Year_article_header,2022-09-01,2022,2459823.5,721659.5,wikipedia_en,en,events,https://en.wikipedia.org/wiki/2022,872f969dc0bb0aa16cb2d7beecade3dd
454,5.08%  114.497      1 Template:Events_by_month_links/box,5.08%  114.497      1 Template:Events_by_month_links/box,2022-09-01,2022,2459823.5,721659.5,wikipedia_en,en,events,https://en.wikipedia.org/wiki/2022,8fc5ed92a20c72d80ae04c602a95b9a4
455,4.99%  112.451      1 Template:Navbox,4.99%  112.451      1 Template:Navbox,2022-09-01,2022,2459823.5,721659.5,wikipedia_en,en,events,https://en.wikipedia.org/wiki/2022,66cd1c6c6d39ef21bde30acac16baebb
456,4.50%  101.256      1 Template:Sidebar,4.50%  101.256      1 Template:Sidebar,2022-09-01,2022,2459823.5,721659.5,wikipedia_en,en,events,https://en.wikipedia.org/wiki/2022,7c29960e34318624661206c36684aab9
457,"additional terms may apply. By using this site, you agree to the <a href=""https://foundation.wikimed","additional terms may apply. By using this site, you agree to the <a href=""https://foundation.wikimedia.org/wiki/Special:MyLanguage/Policy:Terms_of_Use"" class=""extiw"" title=""foundation:Special:MyLanguage/Policy:Terms of Use"">Terms of Use</a> and <a href=""https://foundation.wikimedia.org/wiki/Special:MyLanguage/Policy:Privacy_policy"" class=""extiw"" title=""foundation:Special:MyLanguage/Policy:Privacy policy"">Privacy Policy</a>. Wikipedia® is a registered trademark of the <a rel=""nofollow"" class=""external text"" href=""https://wikimediafoundation.org/"">Wikimedia Foundation, Inc.</a>, a non-profit organization.</li>",2022-09-01,2022,2459823.5,721659.5,wikipedia_en,en,events,https://en.wikipedia.org/wiki/2022,7f1d019d017615f5e3af2c5395fc83cb
458,"Decades</th></tr><tr><td class=""sidebar-content hlist"">","Decades</th></tr><tr><td class=""sidebar-content hlist"">",2022-09-01,2022,2459823.5,721659.5,wikipedia_en,en,death,https://en.wikipedia.org/wiki/2022,24a8e6d6b538cc93b07f10740676c063
709,"| <a href=""/wiki/2030er"" title=""2030er"">2030er</a>&#160;| <a href=""/wiki/2040er"" title=""2040er"">2040","| <a href=""/wiki/2030er"" title=""2030er"">2030er</a>&#160;| <a href=""/wiki/2040er"" title=""2040er"">2040er</a><br />",2022-09-01,2022,2459823.5,721659.5,wikipedia_de,de,ereignis,https://de.wikipedia.org/wiki/2022,3129f7255545a93709e568fe8d14e593
710,"| <a href=""/wiki/2023"" title=""2023"">2023</a>&#160;| <a href=""/wiki/2024"" title=""2024"">2024</a>&#160;","| <a href=""/wiki/2023"" title=""2023"">2023</a>&#160;| <a href=""/wiki/2024"" title=""2024"">2024</a>&#160;| <a href=""/wiki/2025"" title=""2025"">2025</a>&#160;| <a href=""/wiki/2026"" title=""2026"">2026</a>&#160;| <a href=""/wiki/2027"" title=""2027"">►</a><br />",2022-09-01,2022,2459823.5,721659.5,wikipedia_de,de,ereignis,https://de.wikipedia.org/wiki/2022,4e70edbe13becd1406f1fd62deef7431
849,"class=""vector-toc-list-item vector-toc-level-1 vector-toc-list-item-expanded"">","class=""vector-toc-list-item vector-toc-level-1 vector-toc-list-item-expanded"">",2022-09-01,2022,2459823.5,721659.5,wikipedia_fr,fr,événement,https://fr.wikipedia.org/wiki/2022,299c163efc7c6170cb9bacdbcba46d05
1654,"Earthquake M6.1 - 110 km WNW of Kandrian, Papua New Guinea","Magnitude 6.1 earthquake at 110 km WNW of Kandrian, Papua New Guinea. Depth: Nonekm",2022-09-03,2022,2459825.5,721661.5,usgs_earthquake,en,geological_event,https://earthquake.usgs.gov/earthquakes/eventpage/us7000i4st,d09f18c6a947a744b3eace6f71aafb81
1653,Earthquake M6.9 - central Mid-Atlantic Ridge,Magnitude 6.9 earthquake at central Mid-Atlantic Ridge. Depth: Nonekm,2022-09-04,2022,2459826.5,721662.5,usgs_earthquake,en,geological_event,https://earthquake.usgs.gov/earthquakes/eventpage/us7000i53f,dbc46681be174f4353c35be4934c82e5
1651,"Earthquake M6.6 - 44 km SE of Kangding, China","Magnitude 6.6 earthquake at 44 km SE of Kangding, China. Depth: Nonekm",2022-09-05,2022,2459827.5,721663.5,usgs_earthquake,en,geological_event,https://earthquake.usgs.gov/earthquakes/eventpage/us7000i59t,b548217b2317ff75182771e5445fc27a
1652,Earthquake M6.2 - southern East Pacific Rise,Magnitude 6.2 earthquake at southern East Pacific Rise. Depth: Nonekm,2022-09-05,2022,2459827.5,721663.5,usgs_earthquake,en,geological_event,https://earthquake.usgs.gov/earthquakes/eventpage/us7000i585,da47c3cabc302167a9ce88a040f015c5
1098,The beginning of celestial navigation,"The use of the observed positions of celestial bodies to determine the
location of a navigator and to direct vessels, was an aspiration of ancient
seafarers. Various peoples, in the Mediterranean as much as in the Indian
Ocean, in China as much as in the Pacific, looked up to the sky as a guide for
ships, but there is no convincing evidence this was achieved until the Modern
Age. It was not before the Modern Age that two techniques were developed by the
Portuguese, the measurement of the altitude of the North Star and that of the
meridian altitude of the Sun, which, adapted and simplified for the use of
sailors, enabled them to achieve good accuracy at least as far as the
measurement of latitude was concerned. To this end, instruments that had
already been used by astronomers for several centuries were also adapted and
simplified: the quadrant, the astrolabe and, later, the cross-staff.",2022-09-06,2022,2459828.5,721664.5,arxiv,en,scientific_paper,http://arxiv.org/abs/2209.02371v1,d47cc4194d6aef4cc7653700bc92fc8b
1067,"The Medieval Climate Anomaly, the Oort Minimum and Socio-Political
  Dynamics in the Eastern Mediterranean and the Byzantine Empire, 10th to 12th
  Century","The study examines the palaeoclimatic background and the regional
manifestations of the Medieval Climate Anomaly in the Eastern Mediterranean,
with a focus on the Byzantine Empire, but also including neighbouring polities.
It explores the interplay between climatic factors and the socioeconomic
dynamics between the 10th and 12th centuries, concentrating on the late 10th
and 11th centuries, also overlapping with the Oort Solar Minimum. In particular
it contrasts scenarios of an economic boom and of an collapse of the Eastern
Mediterranean created in recent scholarship for this period and evaluates these
notions based on a close reading and citation of historiographical and other
written sources. Thereby, both potentials as well as problems of a combination
of archives of society and archives of nature become evident.",2022-09-08,2022,2459830.5,721666.5,arxiv,en,scientific_paper,http://arxiv.org/abs/2209.03605v1,c75fb0b59c9fe7237d51d59ce699251b
1649,"Earthquake M6.2 - 260 km ESE of Biak, Indonesia","Magnitude 6.2 earthquake at 260 km ESE of Biak, Indonesia. Depth: Nonekm",2022-09-10,2022,2459832.5,721668.5,usgs_earthquake,en,geological_event,https://earthquake.usgs.gov/earthquakes/eventpage/us6000iikp,f8a2e07d22b7ecc5ce586ab015a48267
1650,"Earthquake M6.2 - Papua, Indonesia","Magnitude 6.2 earthquake at Papua, Indonesia. Depth: Nonekm",2022-09-10,2022,2459832.5,721668.5,usgs_earthquake,en,geological_event,https://earthquake.usgs.gov/earthquakes/eventpage/us6000iika,a91dfcf4f98916c41f98b274606e3348
1647,"Earthquake M7.6 - 70 km E of Kainantu, Papua New Guinea","Magnitude 7.6 earthquake at 70 km E of Kainantu, Papua New Guinea. Depth: Nonekm",2022-09-11,2022,2459833.5,721669.5,usgs_earthquake,en,geological_event,https://earthquake.usgs.gov/earthquakes/eventpage/us6000iitd,f4587641b8a0ef799787819007a44306
1648,"Earthquake M6 - 173 km WSW of Pariaman, Indonesia","Magnitude 6 earthquake at 173 km WSW of Pariaman, Indonesia. Depth: Nonekm",2022-09-11,2022,2459833.5,721669.5,usgs_earthquake,en,geological_event,https://earthquake.usgs.gov/earthquakes/eventpage/us6000iisb,177366f61ae1086e57b2c3f49e012801
1646,"Earthquake M7 - 209 km SSE of Isangel, Vanuatu","Magnitude 7 earthquake at 209 km SSE of Isangel, Vanuatu. Depth: Nonekm",2022-09-14,2022,2459836.5,721672.5,usgs_earthquake,en,geological_event,https://earthquake.usgs.gov/earthquakes/eventpage/us7000i7ya,83439a208794f404cca2716e11864e4a
1645,"Earthquake M6.5 - 96 km SE of Lugu, Taiwan","Magnitude 6.5 earthquake at 96 km SE of Lugu, Taiwan. Depth: Nonekm",2022-09-17,2022,2459839.5,721675.5,usgs_earthquake,en,geological_event,https://earthquake.usgs.gov/earthquakes/eventpage/us7000i8ui,d54e7e8b3ae44e5cab4dd53325a11814
1644,"Earthquake M6.9 - 90 km E of Yujing, Taiwan","Magnitude 6.9 earthquake at 90 km E of Yujing, Taiwan. Depth: Nonekm",2022-09-18,2022,2459840.5,721676.5,usgs_earthquake,en,geological_event,https://earthquake.usgs.gov/earthquakes/eventpage/us7000i90q,d8cfb3af5eb8c6618dfcbe7b3d7cd1dd
1643,"Earthquake M7.6 - 35 km SSW of Aguililla, Mexico","Magnitude 7.6 earthquake at 35 km SSW of Aguililla, Mexico. Depth: Nonekm",2022-09-19,2022,2459841.5,721677.5,usgs_earthquake,en,geological_event,https://earthquake.usgs.gov/earthquakes/eventpage/us7000i9bw,a14e1e5bdafdb0271ae69b266c94f588
1642,"Earthquake M6 - 254 km ESE of Ust’-Kamchatsk Staryy, Russia","Magnitude 6 earthquake at 254 km ESE of Ust’-Kamchatsk Staryy, Russia. Depth: Nonekm",2022-09-20,2022,2459842.5,721678.5,usgs_earthquake,en,geological_event,https://earthquake.usgs.gov/earthquakes/eventpage/us7000i9l5,8fe2538aab6792c1514fb1984fbe8118
1641,"Earthquake M6.8 - 55 km SSW of Aguililla, Mexico","Magnitude 6.8 earthquake at 55 km SSW of Aguililla, Mexico. Depth: Nonekm",2022-09-22,2022,2459844.5,721680.5,usgs_earthquake,en,geological_event,https://earthquake.usgs.gov/earthquakes/eventpage/us7000ia36,52f724091af63dcdfc55a592a6fff6a8
1640,"Earthquake M6.2 - 37 km SSW of Meulaboh, Indonesia","Magnitude 6.2 earthquake at 37 km SSW of Meulaboh, Indonesia. Depth: Nonekm",2022-09-23,2022,2459845.5,721681.5,usgs_earthquake,en,geological_event,https://earthquake.usgs.gov/earthquakes/eventpage/us7000iaka,b1255ce970fa437d93b14bd0d97a5be4
1639,"Earthquake M6.1 - 156 km WNW of Ancud, Chile","Magnitude 6.1 earthquake at 156 km WNW of Ancud, Chile. Depth: Nonekm",2022-09-24,2022,2459846.5,721682.5,usgs_earthquake,en,geological_event,https://earthquake.usgs.gov/earthquakes/eventpage/us7000iam0,9d62a9476055ccf322f1d7a8f08368fc
1638,Earthquake M6.5 - east of the South Sandwich Islands,Magnitude 6.5 earthquake at east of the South Sandwich Islands. Depth: Nonekm,2022-09-29,2022,2459851.5,721687.5,usgs_earthquake,en,geological_event,https://earthquake.usgs.gov/earthquakes/eventpage/us6000ip57,b4af2aaea23f5d13bd09dd256b8b089f
68,"RLSTATE={""ext.gadget.wikiflex"":""ready"",""ext.gadget.infobox"":""ready"",""ext.gadget.hlist"":""ready"",""ext.","RLSTATE={""ext.gadget.wikiflex"":""ready"",""ext.gadget.infobox"":""ready"",""ext.gadget.hlist"":""ready"",""ext.gadget.darkmode-overrides"":""ready"",""ext.gadget.small-references"":""ready"",""ext.gadget.citation-access-info"":""ready"",""ext.gadget.sprawdz-problemy-szablony"":""ready"",""ext.globalCssJs.user.styles"":""ready"",""site.styles"":""ready"",""user.styles"":""ready"",""ext.globalCssJs.user"":""ready"",""user"":""ready"",""user.options"":""loading"",""ext.cite.styles"":""ready"",""ext.wikimediamessages.styles"":""ready"",""skins.vector.search.codex.styles"":""ready"",""skins.vector.styles"":""ready"",""skins.vector.icons"":""ready"",""jquery.makeCollapsible.styles"":""ready"",""ext.flaggedRevs.basic"":""ready"",""mediawiki.codex.messagebox.styles"":""ready"",""ext.visualEditor.desktopArticleTarget.noscript"":""ready"",""ext.uls.interlanguage"":""ready"",""wikibase.client.init"":""ready"",""ext.wikimediaBadges"":""ready""};RLPAGEMODULES=[""ext.xLab"",""ext.cite.ux-enhancements"",""ext.scribunto.logs"",""site"",""mediawiki.page.ready"",""jquery.makeCollapsible"",""mediawiki.toc"",""skins.vector.js"",""ext.centralNotice.geoIP"",""ext.centralNotice.startUp"",""ext.flaggedRevs.advanced"",""ext.gadget.ll-script-loader"",""ext.gadget.veKeepParameters"",""ext.gadget.szablon-galeria"",""ext.gadget.NavFrame"",""ext.gadget.citoid-overrides"",""ext.gadget.maps"",""ext.gadget.padlock-indicators"",""ext.gadget.interwiki-langlist"",""ext.gadget.edit-summaries"",""ext.gadget.edit-first-section"",""ext.gadget.wikibugs"",""ext.gadget.map-toggler"",""ext.gadget.narrowFootnoteColumns"",""ext.gadget.ally-enhance"",""ext.gadget.WDsearch"",""ext.urlShortener.toolbar"",""ext.centralauth.centralautologin"",""mmv.bootstrap"",""ext.popups"",""ext.visualEditor.desktopArticleTarget.init"",""ext.visualEditor.targetLoader"",""ext.echo.centralauth"",""ext.eventLogging"",""ext.wikimediaEvents"",""ext.navigationTiming"",""ext.uls.interface"",""ext.cx.eventlogging.campaigns"",""ext.cx.uls.quick.actions"",""wikibase.client.vector-2022"",""ext.checkUser.clientHints"",""ext.growthExperiments.SuggestedEditSession""];</script>",2022-10-01,2022,2459853.5,721689.5,wikipedia_pl,pl,wydarzen,https://pl.wikipedia.org/wiki/2022,6fd8de0e2a2f42589ad99f8c771a1d4d
69,7.11%  109.311      1 Szablon:Szablon_nawigacyjny,7.11%  109.311      1 Szablon:Szablon_nawigacyjny,2022-10-01,2022,2459853.5,721689.5,wikipedia_pl,pl,wydarzen,https://pl.wikipedia.org/wiki/2022,30e67d3e9650dfa3eb7034464abdb858
70,3.97%   60.977      1 Szablon:Miesiąc,3.97%   60.977      1 Szablon:Miesiąc,2022-10-01,2022,2459853.5,721689.5,wikipedia_pl,pl,wydarzen,https://pl.wikipedia.org/wiki/2022,378fe93fadb8d895ac8beb89b058b2ea
71,3.52%   54.183      1 Szablon:Kalendarz,3.52%   54.183      1 Szablon:Kalendarz,2022-10-01,2022,2459853.5,721689.5,wikipedia_pl,pl,wydarzen,https://pl.wikipedia.org/wiki/2022,c397dc9132d44e242fd3346723881c09
72,1.57%   24.132      1 Szablon:Commonscat,1.57%   24.132      1 Szablon:Commonscat,2022-10-01,2022,2459853.5,721689.5,wikipedia_pl,pl,wydarzen,https://pl.wikipedia.org/wiki/2022,21814ed6baea2e570a2763a58eea6a0f
73,1.46%   22.394      1 Szablon:Projekt_siostrzany,1.46%   22.394      1 Szablon:Projekt_siostrzany,2022-10-01,2022,2459853.5,721689.5,wikipedia_pl,pl,wydarzen,https://pl.wikipedia.org/wiki/2022,1aefed956260ce541f8bf94fb69f56d7
74,"Zobacz szczegółowe informacje o <a class=""external text"" href=""https://foundation.wikimedia.org/wiki","Zobacz szczegółowe informacje o <a class=""external text"" href=""https://foundation.wikimedia.org/wiki/Policy:Terms_of_Use/pl"">warunkach korzystania</a>.</li>",2022-10-01,2022,2459853.5,721689.5,wikipedia_pl,pl,wydarzen,https://pl.wikipedia.org/wiki/2022,f8f5216ba9ed9603559d9ad806286272
459,"class=""vector-toc-list-item vector-toc-level-1 vector-toc-list-item-expanded"">","class=""vector-toc-list-item vector-toc-level-1 vector-toc-list-item-expanded"">",2022-10-01,2022,2459853.5,721689.5,wikipedia_en,en,events,https://en.wikipedia.org/wiki/2022,70ce1b8ce9715ce7fcd4a12a08224d14
460,"class=""vector-toc-list-item vector-toc-level-2"">","class=""vector-toc-list-item vector-toc-level-2"">",2022-10-01,2022,2459853.5,721689.5,wikipedia_en,en,events,https://en.wikipedia.org/wiki/2022,793649008ff4074a4a40d8bc3aaabf9f
461,"Millennium</th></tr><tr><td class=""sidebar-content hlist"">","Millennium</th></tr><tr><td class=""sidebar-content hlist"">",2022-10-01,2022,2459853.5,721689.5,wikipedia_en,en,events,https://en.wikipedia.org/wiki/2022,30bfdff2e10f29168a900eeb5267adf1
462,"Centuries</th></tr><tr><td class=""sidebar-content hlist"">","Centuries</th></tr><tr><td class=""sidebar-content hlist"">",2022-10-01,2022,2459853.5,721689.5,wikipedia_en,en,events,https://en.wikipedia.org/wiki/2022,4835fb72e5578a5129234c9d159d4a8a
463,5.14%  115.653      1 Template:Year_article_header,5.14%  115.653      1 Template:Year_article_header,2022-10-01,2022,2459853.5,721689.5,wikipedia_en,en,events,https://en.wikipedia.org/wiki/2022,87ac1e362d5e508f85d4a4964771196a
464,5.08%  114.497      1 Template:Events_by_month_links/box,5.08%  114.497      1 Template:Events_by_month_links/box,2022-10-01,2022,2459853.5,721689.5,wikipedia_en,en,events,https://en.wikipedia.org/wiki/2022,6a679d61c6f860ff828a2efa218e8d84
465,4.99%  112.451      1 Template:Navbox,4.99%  112.451      1 Template:Navbox,2022-10-01,2022,2459853.5,721689.5,wikipedia_en,en,events,https://en.wikipedia.org/wiki/2022,48f73ade2f6b23f9594925d5f7b634fb
466,4.50%  101.256      1 Template:Sidebar,4.50%  101.256      1 Template:Sidebar,2022-10-01,2022,2459853.5,721689.5,wikipedia_en,en,events,https://en.wikipedia.org/wiki/2022,b46a87f3e0f6298cf64dd33a4bfcdfda
467,"additional terms may apply. By using this site, you agree to the <a href=""https://foundation.wikimed","additional terms may apply. By using this site, you agree to the <a href=""https://foundation.wikimedia.org/wiki/Special:MyLanguage/Policy:Terms_of_Use"" class=""extiw"" title=""foundation:Special:MyLanguage/Policy:Terms of Use"">Terms of Use</a> and <a href=""https://foundation.wikimedia.org/wiki/Special:MyLanguage/Policy:Privacy_policy"" class=""extiw"" title=""foundation:Special:MyLanguage/Policy:Privacy policy"">Privacy Policy</a>. Wikipedia® is a registered trademark of the <a rel=""nofollow"" class=""external text"" href=""https://wikimediafoundation.org/"">Wikimedia Foundation, Inc.</a>, a non-profit organization.</li>",2022-10-01,2022,2459853.5,721689.5,wikipedia_en,en,events,https://en.wikipedia.org/wiki/2022,e59222e1aeeb5f1d6cbd31bf1a8abaa6
468,"Decades</th></tr><tr><td class=""sidebar-content hlist"">","Decades</th></tr><tr><td class=""sidebar-content hlist"">",2022-10-01,2022,2459853.5,721689.5,wikipedia_en,en,death,https://en.wikipedia.org/wiki/2022,8c9eeb337148103231edb73bdc3c256c
711,"| <a href=""/wiki/2030er"" title=""2030er"">2030er</a>&#160;| <a href=""/wiki/2040er"" title=""2040er"">2040","| <a href=""/wiki/2030er"" title=""2030er"">2030er</a>&#160;| <a href=""/wiki/2040er"" title=""2040er"">2040er</a><br />",2022-10-01,2022,2459853.5,721689.5,wikipedia_de,de,ereignis,https://de.wikipedia.org/wiki/2022,c3401a7b51cae9055693a3eab30b1bac
712,"| <a href=""/wiki/2023"" title=""2023"">2023</a>&#160;| <a href=""/wiki/2024"" title=""2024"">2024</a>&#160;","| <a href=""/wiki/2023"" title=""2023"">2023</a>&#160;| <a href=""/wiki/2024"" title=""2024"">2024</a>&#160;| <a href=""/wiki/2025"" title=""2025"">2025</a>&#160;| <a href=""/wiki/2026"" title=""2026"">2026</a>&#160;| <a href=""/wiki/2027"" title=""2027"">►</a><br />",2022-10-01,2022,2459853.5,721689.5,wikipedia_de,de,ereignis,https://de.wikipedia.org/wiki/2022,c51cf73f6027d25fcd7cf6de78fb0b47
850,"class=""vector-toc-list-item vector-toc-level-1 vector-toc-list-item-expanded"">","class=""vector-toc-list-item vector-toc-level-1 vector-toc-list-item-expanded"">",2022-10-01,2022,2459853.5,721689.5,wikipedia_fr,fr,événement,https://fr.wikipedia.org/wiki/2022,801d9a03e70cf2d651224cb67ed82e41
1637,Earthquake M6 - Reykjanes Ridge,Magnitude 6 earthquake at Reykjanes Ridge. Depth: Nonekm,2022-10-01,2022,2459853.5,721689.5,usgs_earthquake,en,geological_event,https://earthquake.usgs.gov/earthquakes/eventpage/us6000ipva,3978d22f189d141598c99bdeda009f2e
1636,Earthquake M6.2 - central Mid-Atlantic Ridge,Magnitude 6.2 earthquake at central Mid-Atlantic Ridge. Depth: Nonekm,2022-10-09,2022,2459861.5,721697.5,usgs_earthquake,en,geological_event,https://earthquake.usgs.gov/earthquakes/eventpage/us6000isau,b86e61da80fc37e273d52b73acb73567
1635,"Earthquake M6.4 - 155 km ESE of Kokopo, Papua New Guinea","Magnitude 6.4 earthquake at 155 km ESE of Kokopo, Papua New Guinea. Depth: Nonekm",2022-10-14,2022,2459866.5,721702.5,usgs_earthquake,en,geological_event,https://earthquake.usgs.gov/earthquakes/eventpage/us6000itgv,a22e784f8a8802f877b2fabc0b568b7d
1634,Earthquake M6.3 - off the coast of Central America,Magnitude 6.3 earthquake at off the coast of Central America. Depth: Nonekm,2022-10-16,2022,2459868.5,721704.5,usgs_earthquake,en,geological_event,https://earthquake.usgs.gov/earthquakes/eventpage/us6000iu4b,e4c20c50a76d74b011c1f91839e47071
1633,"Earthquake M6.7 - 60 km SSW of Boca Chica, Panama","Magnitude 6.7 earthquake at 60 km SSW of Boca Chica, Panama. Depth: Nonekm",2022-10-20,2022,2459872.5,721708.5,usgs_earthquake,en,geological_event,https://earthquake.usgs.gov/earthquakes/eventpage/us6000iv6c,bed02011e9b6ca11aee870d625cd1bbd
1631,"Earthquake M6.4 - 11 km E of Dolores, Philippines","Magnitude 6.4 earthquake at 11 km E of Dolores, Philippines. Depth: Nonekm",2022-10-25,2022,2459877.5,721713.5,usgs_earthquake,en,geological_event,https://earthquake.usgs.gov/earthquakes/eventpage/us6000iwds,dd04dc66a092416f7cd4fc21f2bad6e3
1632,Earthquake M6.3 - South Sandwich Islands region,Magnitude 6.3 earthquake at South Sandwich Islands region. Depth: Nonekm,2022-10-25,2022,2459877.5,721713.5,usgs_earthquake,en,geological_event,https://earthquake.usgs.gov/earthquakes/eventpage/us6000iw74,a62e616e72f23b0a3283c1e7f2e816ac
1066,"""The sun was darkened for seventeen days (AD 797)"". An interdisciplinary
  exploration of celestial phenomena between Byzantium, Charlemagne, and a
  volcanic eruption","The blinding of the Byzantine Emperor Constantine VI in Constantinople in
August 797 and his overthrow by his mother Eirene, who then until 802 ruled as
first female emperor of the Eastern Roman Empire, was used as legitimation for
the coronation of the Frankish King Charlemagne as emperor of the Romans on
December 25, 800, by contemporaries in Western Europe. Some observers in the
West may have even interpreted the downfall of the Eastern Roman emperor and
his replacement by a woman as sign of an impending collapse of the Roman Empire
and the entire world order as already expected, based on chiliastic
calculations. We equally find indications of apocalyptic expectations in
Constantinople, where the blinding of Constantine was linked with a spectacular
celestial manifestation of divine disapproval, a darkening of the sun for 17
days. In this paper, this obfuscation of the sun is compared with the
description of other atmospheric and climatic phenomena in the 8th and 9th
century as well as before and after this period. In addition, natural
scientific data is used to disprove earlier hypotheses on the physical
background to this event and to present a more probable scenario, i. e., the
impacts of one or more volcanic eruptions, for the darkening of 797 and other
phenomena, which provided a peculiar atmospheric framework for the
interpretation of the events between the downfall of Constantine VI and the
coronation of Charlemagne by contemporaries.",2022-10-27,2022,2459879.5,721715.5,arxiv,en,scientific_paper,http://arxiv.org/abs/2210.15328v2,9ee67f86e2f3ed96c6c2848c3b8125b9
75,"RLSTATE={""ext.gadget.wikiflex"":""ready"",""ext.gadget.infobox"":""ready"",""ext.gadget.hlist"":""ready"",""ext.","RLSTATE={""ext.gadget.wikiflex"":""ready"",""ext.gadget.infobox"":""ready"",""ext.gadget.hlist"":""ready"",""ext.gadget.darkmode-overrides"":""ready"",""ext.gadget.small-references"":""ready"",""ext.gadget.citation-access-info"":""ready"",""ext.gadget.sprawdz-problemy-szablony"":""ready"",""ext.globalCssJs.user.styles"":""ready"",""site.styles"":""ready"",""user.styles"":""ready"",""ext.globalCssJs.user"":""ready"",""user"":""ready"",""user.options"":""loading"",""ext.cite.styles"":""ready"",""ext.wikimediamessages.styles"":""ready"",""skins.vector.search.codex.styles"":""ready"",""skins.vector.styles"":""ready"",""skins.vector.icons"":""ready"",""jquery.makeCollapsible.styles"":""ready"",""ext.flaggedRevs.basic"":""ready"",""mediawiki.codex.messagebox.styles"":""ready"",""ext.visualEditor.desktopArticleTarget.noscript"":""ready"",""ext.uls.interlanguage"":""ready"",""wikibase.client.init"":""ready"",""ext.wikimediaBadges"":""ready""};RLPAGEMODULES=[""ext.xLab"",""ext.cite.ux-enhancements"",""ext.scribunto.logs"",""site"",""mediawiki.page.ready"",""jquery.makeCollapsible"",""mediawiki.toc"",""skins.vector.js"",""ext.centralNotice.geoIP"",""ext.centralNotice.startUp"",""ext.flaggedRevs.advanced"",""ext.gadget.ll-script-loader"",""ext.gadget.veKeepParameters"",""ext.gadget.szablon-galeria"",""ext.gadget.NavFrame"",""ext.gadget.citoid-overrides"",""ext.gadget.maps"",""ext.gadget.padlock-indicators"",""ext.gadget.interwiki-langlist"",""ext.gadget.edit-summaries"",""ext.gadget.edit-first-section"",""ext.gadget.wikibugs"",""ext.gadget.map-toggler"",""ext.gadget.narrowFootnoteColumns"",""ext.gadget.ally-enhance"",""ext.gadget.WDsearch"",""ext.urlShortener.toolbar"",""ext.centralauth.centralautologin"",""mmv.bootstrap"",""ext.popups"",""ext.visualEditor.desktopArticleTarget.init"",""ext.visualEditor.targetLoader"",""ext.echo.centralauth"",""ext.eventLogging"",""ext.wikimediaEvents"",""ext.navigationTiming"",""ext.uls.interface"",""ext.cx.eventlogging.campaigns"",""ext.cx.uls.quick.actions"",""wikibase.client.vector-2022"",""ext.checkUser.clientHints"",""ext.growthExperiments.SuggestedEditSession""];</script>",2022-11-01,2022,2459884.5,721720.5,wikipedia_pl,pl,wydarzen,https://pl.wikipedia.org/wiki/2022,1920c750a181abaee4430d0689e027b2
76,24.79%  103.718      1 Szablon:Szablon_nawigacyjny,24.79%  103.718      1 Szablon:Szablon_nawigacyjny,2022-11-01,2022,2459884.5,721720.5,wikipedia_pl,pl,wydarzen,https://pl.wikipedia.org/wiki/2022,974b772393020cd56bf9d83137335c38
77,16.99%   71.100      1 Szablon:Miesiąc,16.99%   71.100      1 Szablon:Miesiąc,2022-11-01,2022,2459884.5,721720.5,wikipedia_pl,pl,wydarzen,https://pl.wikipedia.org/wiki/2022,c60855b948fa7a71672daf370c1412f6
78,15.39%   64.414      1 Szablon:Kalendarz,15.39%   64.414      1 Szablon:Kalendarz,2022-11-01,2022,2459884.5,721720.5,wikipedia_pl,pl,wydarzen,https://pl.wikipedia.org/wiki/2022,d6a30ed43804d829f1300a2d8e5822d6
79,8.64%   36.164     40 Szablon:Lang,8.64%   36.164     40 Szablon:Lang,2022-11-01,2022,2459884.5,721720.5,wikipedia_pl,pl,wydarzen,https://pl.wikipedia.org/wiki/2022,0719e9543ad76b264c5397a205af6ae8
80,6.60%   27.607      1 Szablon:Commonscat,6.60%   27.607      1 Szablon:Commonscat,2022-11-01,2022,2459884.5,721720.5,wikipedia_pl,pl,wydarzen,https://pl.wikipedia.org/wiki/2022,21771c06d219e12364542ed151620d66
81,6.13%   25.660      1 Szablon:Projekt_siostrzany,6.13%   25.660      1 Szablon:Projekt_siostrzany,2022-11-01,2022,2459884.5,721720.5,wikipedia_pl,pl,wydarzen,https://pl.wikipedia.org/wiki/2022,74def76e873bab81260bcc111656ce5f
82,"Zobacz szczegółowe informacje o <a class=""external text"" href=""https://foundation.wikimedia.org/wiki","Zobacz szczegółowe informacje o <a class=""external text"" href=""https://foundation.wikimedia.org/wiki/Policy:Terms_of_Use/pl"">warunkach korzystania</a>.</li>",2022-11-01,2022,2459884.5,721720.5,wikipedia_pl,pl,wydarzen,https://pl.wikipedia.org/wiki/2022,9d973571c0f6356ab665c152ed5014cd
469,"class=""vector-toc-list-item vector-toc-level-1 vector-toc-list-item-expanded"">","class=""vector-toc-list-item vector-toc-level-1 vector-toc-list-item-expanded"">",2022-11-01,2022,2459884.5,721720.5,wikipedia_en,en,events,https://en.wikipedia.org/wiki/2022,755f2a8596922186e50acb37cc216182
470,"class=""vector-toc-list-item vector-toc-level-2"">","class=""vector-toc-list-item vector-toc-level-2"">",2022-11-01,2022,2459884.5,721720.5,wikipedia_en,en,events,https://en.wikipedia.org/wiki/2022,e7deabd0ddbfc86b0d8bc0bcf16b4029
471,"Millennium</th></tr><tr><td class=""sidebar-content hlist"">","Millennium</th></tr><tr><td class=""sidebar-content hlist"">",2022-11-01,2022,2459884.5,721720.5,wikipedia_en,en,events,https://en.wikipedia.org/wiki/2022,42937fe230114c60ae6ebef0fc92a9c3
472,"Centuries</th></tr><tr><td class=""sidebar-content hlist"">","Centuries</th></tr><tr><td class=""sidebar-content hlist"">",2022-11-01,2022,2459884.5,721720.5,wikipedia_en,en,events,https://en.wikipedia.org/wiki/2022,279a1c90067d93e47264a790bad8523e
473,5.14%  115.653      1 Template:Year_article_header,5.14%  115.653      1 Template:Year_article_header,2022-11-01,2022,2459884.5,721720.5,wikipedia_en,en,events,https://en.wikipedia.org/wiki/2022,315e2d8bb7f4603e0f676e8d7d856e29
474,5.08%  114.497      1 Template:Events_by_month_links/box,5.08%  114.497      1 Template:Events_by_month_links/box,2022-11-01,2022,2459884.5,721720.5,wikipedia_en,en,events,https://en.wikipedia.org/wiki/2022,3586214c85ecb67576e5a596ad3ce9b8
475,4.99%  112.451      1 Template:Navbox,4.99%  112.451      1 Template:Navbox,2022-11-01,2022,2459884.5,721720.5,wikipedia_en,en,events,https://en.wikipedia.org/wiki/2022,b9a195608a6c3c608f3153d05155ee69
476,4.50%  101.256      1 Template:Sidebar,4.50%  101.256      1 Template:Sidebar,2022-11-01,2022,2459884.5,721720.5,wikipedia_en,en,events,https://en.wikipedia.org/wiki/2022,64d8b71eafb5b9fe8496b29f68c1cfed
477,"additional terms may apply. By using this site, you agree to the <a href=""https://foundation.wikimed","additional terms may apply. By using this site, you agree to the <a href=""https://foundation.wikimedia.org/wiki/Special:MyLanguage/Policy:Terms_of_Use"" class=""extiw"" title=""foundation:Special:MyLanguage/Policy:Terms of Use"">Terms of Use</a> and <a href=""https://foundation.wikimedia.org/wiki/Special:MyLanguage/Policy:Privacy_policy"" class=""extiw"" title=""foundation:Special:MyLanguage/Policy:Privacy policy"">Privacy Policy</a>. Wikipedia® is a registered trademark of the <a rel=""nofollow"" class=""external text"" href=""https://wikimediafoundation.org/"">Wikimedia Foundation, Inc.</a>, a non-profit organization.</li>",2022-11-01,2022,2459884.5,721720.5,wikipedia_en,en,events,https://en.wikipedia.org/wiki/2022,894e84ca09b5df5c17a1dd015f3c33e3
478,"Decades</th></tr><tr><td class=""sidebar-content hlist"">","Decades</th></tr><tr><td class=""sidebar-content hlist"">",2022-11-01,2022,2459884.5,721720.5,wikipedia_en,en,death,https://en.wikipedia.org/wiki/2022,6e3fd6dcd3856b64564d85793786cbd8
713,"| <a href=""/wiki/2030er"" title=""2030er"">2030er</a>&#160;| <a href=""/wiki/2040er"" title=""2040er"">2040","| <a href=""/wiki/2030er"" title=""2030er"">2030er</a>&#160;| <a href=""/wiki/2040er"" title=""2040er"">2040er</a><br />",2022-11-01,2022,2459884.5,721720.5,wikipedia_de,de,ereignis,https://de.wikipedia.org/wiki/2022,bf76eb5d6c36cdc8f107b3c14aefd415
714,"| <a href=""/wiki/2023"" title=""2023"">2023</a>&#160;| <a href=""/wiki/2024"" title=""2024"">2024</a>&#160;","| <a href=""/wiki/2023"" title=""2023"">2023</a>&#160;| <a href=""/wiki/2024"" title=""2024"">2024</a>&#160;| <a href=""/wiki/2025"" title=""2025"">2025</a>&#160;| <a href=""/wiki/2026"" title=""2026"">2026</a>&#160;| <a href=""/wiki/2027"" title=""2027"">►</a><br />",2022-11-01,2022,2459884.5,721720.5,wikipedia_de,de,ereignis,https://de.wikipedia.org/wiki/2022,5b743bda015e9692718f2eb98bb5841d
851,"class=""vector-toc-list-item vector-toc-level-1 vector-toc-list-item-expanded"">","class=""vector-toc-list-item vector-toc-level-1 vector-toc-list-item-expanded"">",2022-11-01,2022,2459884.5,721720.5,wikipedia_fr,fr,événement,https://fr.wikipedia.org/wiki/2022,a3ad9db022265aa15e046047b0957ab2
1629,Earthquake M6.1 - South Sandwich Islands region,Magnitude 6.1 earthquake at South Sandwich Islands region. Depth: Nonekm,2022-11-02,2022,2459885.5,721721.5,usgs_earthquake,en,geological_event,https://earthquake.usgs.gov/earthquakes/eventpage/us7000ilyk,abb9374c51ff09ff4b36ea6d0e3394f3
1630,Earthquake M6 - North Pacific Ocean,Magnitude 6 earthquake at North Pacific Ocean. Depth: Nonekm,2022-11-02,2022,2459885.5,721721.5,usgs_earthquake,en,geological_event,https://earthquake.usgs.gov/earthquakes/eventpage/us7000ilwt,a8330deca72090e044ff5c3e2ed09dcf
1628,"Earthquake M6.1 - 82 km SSW of Bahía de Kino, Mexico","Magnitude 6.1 earthquake at 82 km SSW of Bahía de Kino, Mexico. Depth: Nonekm",2022-11-04,2022,2459887.5,721723.5,usgs_earthquake,en,geological_event,https://earthquake.usgs.gov/earthquakes/eventpage/us7000imgl,ac2feb829ca7182f7fc18147b8535ce0
1625,Earthquake M6.6 - south of the Fiji Islands,Magnitude 6.6 earthquake at south of the Fiji Islands. Depth: Nonekm,2022-11-09,2022,2459892.5,721728.5,usgs_earthquake,en,geological_event,https://earthquake.usgs.gov/earthquakes/eventpage/us7000inht,d551a67f347ed32c7e2405294ae715b5
1626,Earthquake M7 - south of the Fiji Islands,Magnitude 7 earthquake at south of the Fiji Islands. Depth: Nonekm,2022-11-09,2022,2459892.5,721728.5,usgs_earthquake,en,geological_event,https://earthquake.usgs.gov/earthquakes/eventpage/us7000ingi,418bb13dee306b818712dceb3b8a3a0f
1627,Earthquake M6.8 - south of the Fiji Islands,Magnitude 6.8 earthquake at south of the Fiji Islands. Depth: Nonekm,2022-11-09,2022,2459892.5,721728.5,usgs_earthquake,en,geological_event,https://earthquake.usgs.gov/earthquakes/eventpage/us7000ingh,c7930fd6920a7970baee897234120e8e
1624,"Earthquake M7.3 - 205 km ESE of Neiafu, Tonga","Magnitude 7.3 earthquake at 205 km ESE of Neiafu, Tonga. Depth: Nonekm",2022-11-11,2022,2459894.5,721730.5,usgs_earthquake,en,geological_event,https://earthquake.usgs.gov/earthquakes/eventpage/us7000ip0l,46cb6d9e67abf321e71adb238d002674
1623,Earthquake M7 - Fiji region,Magnitude 7 earthquake at Fiji region. Depth: Nonekm,2022-11-12,2022,2459895.5,721731.5,usgs_earthquake,en,geological_event,https://earthquake.usgs.gov/earthquakes/eventpage/us7000ip8h,b81a7bbff9ac21c22b912118a340d1a7
1622,"Earthquake M6.2 - Near the coast of Bio-Bio, Chile","Magnitude 6.2 earthquake at Near the coast of Bio-Bio, Chile. Depth: Nonekm",2022-11-13,2022,2459896.5,721732.5,usgs_earthquake,en,geological_event,https://earthquake.usgs.gov/earthquakes/eventpage/us7000ipe4,9d1d6bfd63e1ce2c48e6555e6fc2e895
1620,"Earthquake M6.1 - 85 km SSE of Toba, Japan","Magnitude 6.1 earthquake at 85 km SSE of Toba, Japan. Depth: Nonekm",2022-11-14,2022,2459897.5,721733.5,usgs_earthquake,en,geological_event,https://earthquake.usgs.gov/earthquakes/eventpage/us7000ipkm,1a4c039ea68322df48e06a31b7b43745
1621,Earthquake M6.1 - south of the Fiji Islands,Magnitude 6.1 earthquake at south of the Fiji Islands. Depth: Nonekm,2022-11-14,2022,2459897.5,721733.5,usgs_earthquake,en,geological_event,https://earthquake.usgs.gov/earthquakes/eventpage/us7000ipkb,346f889e1f37d97bf8177b82bc4db10a
1097,"Centenary of Alexander Friedmann's Prediction of the Universe Expansion
  and the Quantum Vacuum","We review the main scientific pictures of the universe developed from ancient
times to Albert Einstein and underline that all of them treated the universe as
a stationary system with unchanged physical properties. In contrast to this,
100 years ago Alexander Friedmann predicted that the universe expands starting
from the point of infinitely large energy density. We briefly discuss the
physical meaning of this prediction and its experimental confirmation
consisting of the discovery of redshift in the spectra of remote galaxies and
relic radiation. After mentioning the horizon problem in the theory of the hot
universe, the inflationary model is considered in connection with the concept
of quantum vacuum as an alternative to the inflaton field. The accelerated
expansion of the universe is discussed as powered by the cosmological constant
originating from the quantum vacuum. The conclusion is made that since
Alexander Friedmann's prediction of the universe expansion radically altered
our picture of the world in comparison with the previous epochs, his name
should be put on a par with the names of Ptolemy and Copernicus.",2022-11-18,2022,2459901.5,721737.5,arxiv,en,scientific_paper,http://arxiv.org/abs/2211.17101v1,b32f75ada75da22fe300ca35cf594a92
1619,"Earthquake M6.9 - 204 km SW of Bengkulu, Indonesia","Magnitude 6.9 earthquake at 204 km SW of Bengkulu, Indonesia. Depth: Nonekm",2022-11-18,2022,2459901.5,721737.5,usgs_earthquake,en,geological_event,https://earthquake.usgs.gov/earthquakes/eventpage/us7000iqpn,e55b5a2139ab2ea44011d1d31ba27999
1616,"Earthquake M6.2 - 28 km SW of Las Brisas, Mexico","Magnitude 6.2 earthquake at 28 km SW of Las Brisas, Mexico. Depth: Nonekm",2022-11-22,2022,2459905.5,721741.5,usgs_earthquake,en,geological_event,https://earthquake.usgs.gov/earthquakes/eventpage/us7000irjd,d676d0f9c2ee8c6508d1c2da50663566
1617,Earthquake M6 - Solomon Islands,Magnitude 6 earthquake at Solomon Islands. Depth: Nonekm,2022-11-22,2022,2459905.5,721741.5,usgs_earthquake,en,geological_event,https://earthquake.usgs.gov/earthquakes/eventpage/us7000irfm,7464ae47038d0edc09c097848b906636
1618,"Earthquake M7 - 18 km SW of Malango, Solomon Islands","Magnitude 7 earthquake at 18 km SW of Malango, Solomon Islands. Depth: Nonekm",2022-11-22,2022,2459905.5,721741.5,usgs_earthquake,en,geological_event,https://earthquake.usgs.gov/earthquakes/eventpage/us7000irfb,57ec479feb1fc4d9205700df5ceec000
1615,"Earthquake M6.1 - 15 km W of Düzce, Turkey","Magnitude 6.1 earthquake at 15 km W of Düzce, Turkey. Depth: Nonekm",2022-11-23,2022,2459906.5,721742.5,usgs_earthquake,en,geological_event,https://earthquake.usgs.gov/earthquakes/eventpage/us7000irp8,95fd5b7fc6bee8090c4c3731e1b63027
83,"RLSTATE={""ext.gadget.wikiflex"":""ready"",""ext.gadget.infobox"":""ready"",""ext.gadget.hlist"":""ready"",""ext.","RLSTATE={""ext.gadget.wikiflex"":""ready"",""ext.gadget.infobox"":""ready"",""ext.gadget.hlist"":""ready"",""ext.gadget.darkmode-overrides"":""ready"",""ext.gadget.small-references"":""ready"",""ext.gadget.citation-access-info"":""ready"",""ext.gadget.sprawdz-problemy-szablony"":""ready"",""ext.globalCssJs.user.styles"":""ready"",""site.styles"":""ready"",""user.styles"":""ready"",""ext.globalCssJs.user"":""ready"",""user"":""ready"",""user.options"":""loading"",""ext.cite.styles"":""ready"",""ext.wikimediamessages.styles"":""ready"",""skins.vector.search.codex.styles"":""ready"",""skins.vector.styles"":""ready"",""skins.vector.icons"":""ready"",""jquery.makeCollapsible.styles"":""ready"",""ext.flaggedRevs.basic"":""ready"",""mediawiki.codex.messagebox.styles"":""ready"",""ext.visualEditor.desktopArticleTarget.noscript"":""ready"",""ext.uls.interlanguage"":""ready"",""wikibase.client.init"":""ready"",""ext.wikimediaBadges"":""ready""};RLPAGEMODULES=[""ext.xLab"",""ext.cite.ux-enhancements"",""ext.scribunto.logs"",""site"",""mediawiki.page.ready"",""jquery.makeCollapsible"",""mediawiki.toc"",""skins.vector.js"",""ext.centralNotice.geoIP"",""ext.centralNotice.startUp"",""ext.flaggedRevs.advanced"",""ext.gadget.ll-script-loader"",""ext.gadget.veKeepParameters"",""ext.gadget.szablon-galeria"",""ext.gadget.NavFrame"",""ext.gadget.citoid-overrides"",""ext.gadget.maps"",""ext.gadget.padlock-indicators"",""ext.gadget.interwiki-langlist"",""ext.gadget.edit-summaries"",""ext.gadget.edit-first-section"",""ext.gadget.wikibugs"",""ext.gadget.map-toggler"",""ext.gadget.narrowFootnoteColumns"",""ext.gadget.ally-enhance"",""ext.gadget.WDsearch"",""ext.urlShortener.toolbar"",""ext.centralauth.centralautologin"",""mmv.bootstrap"",""ext.popups"",""ext.visualEditor.desktopArticleTarget.init"",""ext.visualEditor.targetLoader"",""ext.echo.centralauth"",""ext.eventLogging"",""ext.wikimediaEvents"",""ext.navigationTiming"",""ext.uls.interface"",""ext.cx.eventlogging.campaigns"",""ext.cx.uls.quick.actions"",""wikibase.client.vector-2022"",""ext.checkUser.clientHints"",""ext.growthExperiments.SuggestedEditSession""];</script>",2022-12-01,2022,2459914.5,721750.5,wikipedia_pl,pl,wydarzen,https://pl.wikipedia.org/wiki/2022,b624c4b1a6f0dfc0a539cdd675aafcaa
84,11.06%   98.081      1 Szablon:Szablon_nawigacyjny,11.06%   98.081      1 Szablon:Szablon_nawigacyjny,2022-12-01,2022,2459914.5,721750.5,wikipedia_pl,pl,wydarzen,https://pl.wikipedia.org/wiki/2022,a0fd25274720c0311f1edd28de8239f0
85,10.75%   95.298    136 Szablon:Lang,10.75%   95.298    136 Szablon:Lang,2022-12-01,2022,2459914.5,721750.5,wikipedia_pl,pl,wydarzen,https://pl.wikipedia.org/wiki/2022,fab50e356d2a6e04ff169e76db0c77b6
86,7.30%   64.688      1 Szablon:Miesiąc,7.30%   64.688      1 Szablon:Miesiąc,2022-12-01,2022,2459914.5,721750.5,wikipedia_pl,pl,wydarzen,https://pl.wikipedia.org/wiki/2022,4fc37741b3b4083489d6f336c221fdde
87,6.80%   60.305      1 Szablon:Kalendarz,6.80%   60.305      1 Szablon:Kalendarz,2022-12-01,2022,2459914.5,721750.5,wikipedia_pl,pl,wydarzen,https://pl.wikipedia.org/wiki/2022,eeed5dc0f65c0f05810c232e0b2ded89
88,2.23%   19.732      1 Szablon:Commonscat,2.23%   19.732      1 Szablon:Commonscat,2022-12-01,2022,2459914.5,721750.5,wikipedia_pl,pl,wydarzen,https://pl.wikipedia.org/wiki/2022,8a409d31666d1ad451aa0c194d596d52
89,2.18%   19.316     31 Szablon:Kalendarz/link,2.18%   19.316     31 Szablon:Kalendarz/link,2022-12-01,2022,2459914.5,721750.5,wikipedia_pl,pl,wydarzen,https://pl.wikipedia.org/wiki/2022,6ddfae1f562e1e282124476564445d51
90,"Zobacz szczegółowe informacje o <a class=""external text"" href=""https://foundation.wikimedia.org/wiki","Zobacz szczegółowe informacje o <a class=""external text"" href=""https://foundation.wikimedia.org/wiki/Policy:Terms_of_Use/pl"">warunkach korzystania</a>.</li>",2022-12-01,2022,2459914.5,721750.5,wikipedia_pl,pl,wydarzen,https://pl.wikipedia.org/wiki/2022,68b3ca685a4f88ae5b92d817c55cec7e
479,"class=""vector-toc-list-item vector-toc-level-1 vector-toc-list-item-expanded"">","class=""vector-toc-list-item vector-toc-level-1 vector-toc-list-item-expanded"">",2022-12-01,2022,2459914.5,721750.5,wikipedia_en,en,events,https://en.wikipedia.org/wiki/2022,3a45921c767fa6819c9626c0a678e727
480,"class=""vector-toc-list-item vector-toc-level-2"">","class=""vector-toc-list-item vector-toc-level-2"">",2022-12-01,2022,2459914.5,721750.5,wikipedia_en,en,events,https://en.wikipedia.org/wiki/2022,3679c54c3dc85a5823bb4d945fe1dc76
481,"Millennium</th></tr><tr><td class=""sidebar-content hlist"">","Millennium</th></tr><tr><td class=""sidebar-content hlist"">",2022-12-01,2022,2459914.5,721750.5,wikipedia_en,en,events,https://en.wikipedia.org/wiki/2022,c535aaed923d9452b963f7d0cdff93d9
482,"Centuries</th></tr><tr><td class=""sidebar-content hlist"">","Centuries</th></tr><tr><td class=""sidebar-content hlist"">",2022-12-01,2022,2459914.5,721750.5,wikipedia_en,en,events,https://en.wikipedia.org/wiki/2022,f4d69d148fd4fb48c34b58bc8228945f
483,5.14%  115.653      1 Template:Year_article_header,5.14%  115.653      1 Template:Year_article_header,2022-12-01,2022,2459914.5,721750.5,wikipedia_en,en,events,https://en.wikipedia.org/wiki/2022,b06dab50d49f9ea834c551138abb7a93
484,5.08%  114.497      1 Template:Events_by_month_links/box,5.08%  114.497      1 Template:Events_by_month_links/box,2022-12-01,2022,2459914.5,721750.5,wikipedia_en,en,events,https://en.wikipedia.org/wiki/2022,8de8e5b09df7e5d6fa03f26bbef2232a
485,4.99%  112.451      1 Template:Navbox,4.99%  112.451      1 Template:Navbox,2022-12-01,2022,2459914.5,721750.5,wikipedia_en,en,events,https://en.wikipedia.org/wiki/2022,87901a49e7faab24bef0414277b5c669
486,4.50%  101.256      1 Template:Sidebar,4.50%  101.256      1 Template:Sidebar,2022-12-01,2022,2459914.5,721750.5,wikipedia_en,en,events,https://en.wikipedia.org/wiki/2022,c666ba76fe3b3f913c10b230ec33b071
487,"additional terms may apply. By using this site, you agree to the <a href=""https://foundation.wikimed","additional terms may apply. By using this site, you agree to the <a href=""https://foundation.wikimedia.org/wiki/Special:MyLanguage/Policy:Terms_of_Use"" class=""extiw"" title=""foundation:Special:MyLanguage/Policy:Terms of Use"">Terms of Use</a> and <a href=""https://foundation.wikimedia.org/wiki/Special:MyLanguage/Policy:Privacy_policy"" class=""extiw"" title=""foundation:Special:MyLanguage/Policy:Privacy policy"">Privacy Policy</a>. Wikipedia® is a registered trademark of the <a rel=""nofollow"" class=""external text"" href=""https://wikimediafoundation.org/"">Wikimedia Foundation, Inc.</a>, a non-profit organization.</li>",2022-12-01,2022,2459914.5,721750.5,wikipedia_en,en,events,https://en.wikipedia.org/wiki/2022,975b2b57b534fab8b648d7205a1c5dea
488,"Decades</th></tr><tr><td class=""sidebar-content hlist"">","Decades</th></tr><tr><td class=""sidebar-content hlist"">",2022-12-01,2022,2459914.5,721750.5,wikipedia_en,en,death,https://en.wikipedia.org/wiki/2022,2d49f94340b0fd59b9e5e8796b1c57ff
715,"| <a href=""/wiki/2030er"" title=""2030er"">2030er</a>&#160;| <a href=""/wiki/2040er"" title=""2040er"">2040","| <a href=""/wiki/2030er"" title=""2030er"">2030er</a>&#160;| <a href=""/wiki/2040er"" title=""2040er"">2040er</a><br />",2022-12-01,2022,2459914.5,721750.5,wikipedia_de,de,ereignis,https://de.wikipedia.org/wiki/2022,919f126cf3a687ab7078e7419c5e30a7
716,"| <a href=""/wiki/2023"" title=""2023"">2023</a>&#160;| <a href=""/wiki/2024"" title=""2024"">2024</a>&#160;","| <a href=""/wiki/2023"" title=""2023"">2023</a>&#160;| <a href=""/wiki/2024"" title=""2024"">2024</a>&#160;| <a href=""/wiki/2025"" title=""2025"">2025</a>&#160;| <a href=""/wiki/2026"" title=""2026"">2026</a>&#160;| <a href=""/wiki/2027"" title=""2027"">►</a><br />",2022-12-01,2022,2459914.5,721750.5,wikipedia_de,de,ereignis,https://de.wikipedia.org/wiki/2022,823baf40b3dc25cb9e258513062667c7
717,Parsed by mw‐web.codfw.main‐8686cb9db6‐fmrj5,Parsed by mw‐web.codfw.main‐8686cb9db6‐fmrj5,2022-12-01,2022,2459914.5,721750.5,wikipedia_de,de,death,https://de.wikipedia.org/wiki/2022,2d1b89bb64d67416831ffe15ed51e283
718,Cached time: 20251102091225,Cached time: 20251102091225,2022-12-01,2022,2459914.5,721750.5,wikipedia_de,de,death,https://de.wikipedia.org/wiki/2022,8010299a59603debcc11301c1fe7031d
719,Cache expiry: 2468866,Cache expiry: 2468866,2022-12-01,2022,2459914.5,721750.5,wikipedia_de,de,death,https://de.wikipedia.org/wiki/2022,f12882cbfdbf71e85fb7946a221eeae8
720,Complications: [show‐toc],Complications: [show‐toc],2022-12-01,2022,2459914.5,721750.5,wikipedia_de,de,death,https://de.wikipedia.org/wiki/2022,c116bc3219fb7bf8fc5bc5aeeb8b5846
721,CPU time usage: 0.652 seconds,CPU time usage: 0.652 seconds,2022-12-01,2022,2459914.5,721750.5,wikipedia_de,de,death,https://de.wikipedia.org/wiki/2022,bb2374684ad6c4f45bdd0d7758bb5f9c
722,Real time usage: 0.754 seconds,Real time usage: 0.754 seconds,2022-12-01,2022,2459914.5,721750.5,wikipedia_de,de,death,https://de.wikipedia.org/wiki/2022,1c77bda5abb354d6f16b7e3d67b524ff
723,Preprocessor visited node count: 13234/1000000,Preprocessor visited node count: 13234/1000000,2022-12-01,2022,2459914.5,721750.5,wikipedia_de,de,death,https://de.wikipedia.org/wiki/2022,a1bbebaebc28b76aeefba9bbd75c54e5
852,"class=""vector-toc-list-item vector-toc-level-1 vector-toc-list-item-expanded"">","class=""vector-toc-list-item vector-toc-level-1 vector-toc-list-item-expanded"">",2022-12-01,2022,2459914.5,721750.5,wikipedia_fr,fr,événement,https://fr.wikipedia.org/wiki/2022,01622cc78e90c9ca31fd981ea509b935
1614,"Earthquake M6.8 - 109 km NE of Hihifo, Tonga","Magnitude 6.8 earthquake at 109 km NE of Hihifo, Tonga. Depth: Nonekm",2022-12-04,2022,2459917.5,721753.5,usgs_earthquake,en,geological_event,https://earthquake.usgs.gov/earthquakes/eventpage/us6000j6w8,732b1d0b27d2cde228b7bdc597d7aa7b
1613,"Earthquake M6 - 7 km W of Corral Falso, Mexico","Magnitude 6 earthquake at 7 km W of Corral Falso, Mexico. Depth: Nonekm",2022-12-11,2022,2459924.5,721760.5,usgs_earthquake,en,geological_event,https://earthquake.usgs.gov/earthquakes/eventpage/us6000j8lp,8a20d03ad71f80e492ce393563704e98
1612,"Earthquake M6.3 - Rat Islands, Aleutian Islands, Alaska","Magnitude 6.3 earthquake at Rat Islands, Aleutian Islands, Alaska. Depth: Nonekm",2022-12-14,2022,2459927.5,721763.5,usgs_earthquake,en,geological_event,https://earthquake.usgs.gov/earthquakes/eventpage/us6000j985,a3f6a3cd579a91ec1652d712f09aa8c5
1611,"Earthquake M6.4 - 15km WSW of Ferndale, CA","Magnitude 6.4 earthquake at 15km WSW of Ferndale, CA. Depth: Nonekm",2022-12-20,2022,2459933.5,721769.5,usgs_earthquake,en,geological_event,https://earthquake.usgs.gov/earthquakes/eventpage/nc73821036,a1b363f007379811d52599f656852ed2
1610,"Earthquake M6.1 - 289 km SE of Isangel, Vanuatu","Magnitude 6.1 earthquake at 289 km SE of Isangel, Vanuatu. Depth: Nonekm",2022-12-28,2022,2459941.5,721777.5,usgs_earthquake,en,geological_event,https://earthquake.usgs.gov/earthquakes/eventpage/us7000j0n4,6f984884d4ab785283263fa258f802e4
91,"RLSTATE={""ext.gadget.wikiflex"":""ready"",""ext.gadget.infobox"":""ready"",""ext.gadget.hlist"":""ready"",""ext.","RLSTATE={""ext.gadget.wikiflex"":""ready"",""ext.gadget.infobox"":""ready"",""ext.gadget.hlist"":""ready"",""ext.gadget.darkmode-overrides"":""ready"",""ext.gadget.small-references"":""ready"",""ext.gadget.citation-access-info"":""ready"",""ext.gadget.sprawdz-problemy-szablony"":""ready"",""ext.globalCssJs.user.styles"":""ready"",""site.styles"":""ready"",""user.styles"":""ready"",""ext.globalCssJs.user"":""ready"",""user"":""ready"",""user.options"":""loading"",""ext.cite.styles"":""ready"",""ext.wikimediamessages.styles"":""ready"",""skins.vector.search.codex.styles"":""ready"",""skins.vector.styles"":""ready"",""skins.vector.icons"":""ready"",""jquery.makeCollapsible.styles"":""ready"",""ext.flaggedRevs.basic"":""ready"",""mediawiki.codex.messagebox.styles"":""ready"",""ext.visualEditor.desktopArticleTarget.noscript"":""ready"",""ext.uls.interlanguage"":""ready"",""wikibase.client.init"":""ready"",""ext.wikimediaBadges"":""ready""};RLPAGEMODULES=[""ext.xLab"",""ext.cite.ux-enhancements"",""ext.scribunto.logs"",""site"",""mediawiki.page.ready"",""jquery.makeCollapsible"",""mediawiki.toc"",""skins.vector.js"",""ext.centralNotice.geoIP"",""ext.centralNotice.startUp"",""ext.flaggedRevs.advanced"",""ext.gadget.ll-script-loader"",""ext.gadget.veKeepParameters"",""ext.gadget.szablon-galeria"",""ext.gadget.NavFrame"",""ext.gadget.citoid-overrides"",""ext.gadget.maps"",""ext.gadget.padlock-indicators"",""ext.gadget.interwiki-langlist"",""ext.gadget.edit-summaries"",""ext.gadget.edit-first-section"",""ext.gadget.wikibugs"",""ext.gadget.map-toggler"",""ext.gadget.narrowFootnoteColumns"",""ext.gadget.ally-enhance"",""ext.gadget.WDsearch"",""ext.urlShortener.toolbar"",""ext.centralauth.centralautologin"",""mmv.bootstrap"",""ext.popups"",""ext.visualEditor.desktopArticleTarget.init"",""ext.visualEditor.targetLoader"",""ext.echo.centralauth"",""ext.eventLogging"",""ext.wikimediaEvents"",""ext.navigationTiming"",""ext.uls.interface"",""ext.cx.eventlogging.campaigns"",""ext.cx.uls.quick.actions"",""wikibase.client.vector-2022"",""ext.checkUser.clientHints"",""ext.growthExperiments.SuggestedEditSession""];</script>",2023-01-01,2023,2459945.5,721781.5,wikipedia_pl,pl,wydarzen,https://pl.wikipedia.org/wiki/2023,6c50cc262735463c94c660988070824e
92,21.70%  116.274      1 Szablon:Szablon_nawigacyjny,21.70%  116.274      1 Szablon:Szablon_nawigacyjny,2023-01-01,2023,2459945.5,721781.5,wikipedia_pl,pl,wydarzen,https://pl.wikipedia.org/wiki/2023,682ea34118f98694c9899a5d78000a89
93,9.11%   48.843      1 Szablon:Miesiąc,9.11%   48.843      1 Szablon:Miesiąc,2023-01-01,2023,2459945.5,721781.5,wikipedia_pl,pl,wydarzen,https://pl.wikipedia.org/wiki/2023,76859e85b06e5fd1496355683d3861ae
94,9.09%   48.717     60 Szablon:Lang,9.09%   48.717     60 Szablon:Lang,2023-01-01,2023,2459945.5,721781.5,wikipedia_pl,pl,wydarzen,https://pl.wikipedia.org/wiki/2023,0bb2ac28b2cbf91ad2aa086d8c5bdc62
95,8.12%   43.504      1 Szablon:Kalendarz,8.12%   43.504      1 Szablon:Kalendarz,2023-01-01,2023,2459945.5,721781.5,wikipedia_pl,pl,wydarzen,https://pl.wikipedia.org/wiki/2023,d6d624adf3e53bf145eb8e2c4c1bea91
96,4.28%   22.926      1 Szablon:Commonscat,4.28%   22.926      1 Szablon:Commonscat,2023-01-01,2023,2459945.5,721781.5,wikipedia_pl,pl,wydarzen,https://pl.wikipedia.org/wiki/2023,964244e52ab794ca9ff651440fbfcf61
97,4.01%   21.474      1 Szablon:Projekt_siostrzany,4.01%   21.474      1 Szablon:Projekt_siostrzany,2023-01-01,2023,2459945.5,721781.5,wikipedia_pl,pl,wydarzen,https://pl.wikipedia.org/wiki/2023,b8ffaa5ceafb422a29a3d6280ad1eccb
98,"Zobacz szczegółowe informacje o <a class=""external text"" href=""https://foundation.wikimedia.org/wiki","Zobacz szczegółowe informacje o <a class=""external text"" href=""https://foundation.wikimedia.org/wiki/Policy:Terms_of_Use/pl"">warunkach korzystania</a>.</li>",2023-01-01,2023,2459945.5,721781.5,wikipedia_pl,pl,wydarzen,https://pl.wikipedia.org/wiki/2023,6c2716f4c389e7aa8dc0d1a4c1082534
489,"class=""vector-toc-list-item vector-toc-level-1 vector-toc-list-item-expanded"">","class=""vector-toc-list-item vector-toc-level-1 vector-toc-list-item-expanded"">",2023-01-01,2023,2459945.5,721781.5,wikipedia_en,en,events,https://en.wikipedia.org/wiki/2023,7bc96d8db3e84ef1cdf7b9fb9aff67be
490,"class=""vector-toc-list-item vector-toc-level-2"">","class=""vector-toc-list-item vector-toc-level-2"">",2023-01-01,2023,2459945.5,721781.5,wikipedia_en,en,events,https://en.wikipedia.org/wiki/2023,aab45239ef6b7b4ee27fe05657b28d5b
491,"Millennium</th></tr><tr><td class=""sidebar-content hlist"">","Millennium</th></tr><tr><td class=""sidebar-content hlist"">",2023-01-01,2023,2459945.5,721781.5,wikipedia_en,en,events,https://en.wikipedia.org/wiki/2023,05249dcaccaf08cff8290ce87a50e18e
492,"Centuries</th></tr><tr><td class=""sidebar-content hlist"">","Centuries</th></tr><tr><td class=""sidebar-content hlist"">",2023-01-01,2023,2459945.5,721781.5,wikipedia_en,en,events,https://en.wikipedia.org/wiki/2023,80eddc94362651ef86933377f70decd5
493,5.04%  116.495      1 Template:Events_by_month_links/box,5.04%  116.495      1 Template:Events_by_month_links/box,2023-01-01,2023,2459945.5,721781.5,wikipedia_en,en,events,https://en.wikipedia.org/wiki/2023,09b447f9de48a2142e5b124b99667ecc
494,4.97%  114.690      1 Template:Navbox,4.97%  114.690      1 Template:Navbox,2023-01-01,2023,2459945.5,721781.5,wikipedia_en,en,events,https://en.wikipedia.org/wiki/2023,c8323dd769d6cf1dd502417247ea5190
495,"additional terms may apply. By using this site, you agree to the <a href=""https://foundation.wikimed","additional terms may apply. By using this site, you agree to the <a href=""https://foundation.wikimedia.org/wiki/Special:MyLanguage/Policy:Terms_of_Use"" class=""extiw"" title=""foundation:Special:MyLanguage/Policy:Terms of Use"">Terms of Use</a> and <a href=""https://foundation.wikimedia.org/wiki/Special:MyLanguage/Policy:Privacy_policy"" class=""extiw"" title=""foundation:Special:MyLanguage/Policy:Privacy policy"">Privacy Policy</a>. Wikipedia® is a registered trademark of the <a rel=""nofollow"" class=""external text"" href=""https://wikimediafoundation.org/"">Wikimedia Foundation, Inc.</a>, a non-profit organization.</li>",2023-01-01,2023,2459945.5,721781.5,wikipedia_en,en,events,https://en.wikipedia.org/wiki/2023,d24792e4cb23563e44def72aedd3d186
724,"| <a href=""/wiki/2030er"" title=""2030er"">2030er</a>&#160;| <a href=""/wiki/2040er"" title=""2040er"">2040","| <a href=""/wiki/2030er"" title=""2030er"">2030er</a>&#160;| <a href=""/wiki/2040er"" title=""2040er"">2040er</a><br />",2023-01-01,2023,2459945.5,721781.5,wikipedia_de,de,ereignis,https://de.wikipedia.org/wiki/2023,3a900b006d3247429ca257780f161823
725,"| <a href=""/wiki/2024"" title=""2024"">2024</a>&#160;| <a href=""/wiki/2025"" title=""2025"">2025</a>&#160;","| <a href=""/wiki/2024"" title=""2024"">2024</a>&#160;| <a href=""/wiki/2025"" title=""2025"">2025</a>&#160;| <a href=""/wiki/2026"" title=""2026"">2026</a>&#160;| <a href=""/wiki/2027"" title=""2027"">2027</a>&#160;| <a href=""/wiki/2028"" title=""2028"">►</a><br />",2023-01-01,2023,2459945.5,721781.5,wikipedia_de,de,ereignis,https://de.wikipedia.org/wiki/2023,0ff091e75746b0a5319a1e9fba5e711e
853,"class=""vector-toc-list-item vector-toc-level-1 vector-toc-list-item-expanded"">","class=""vector-toc-list-item vector-toc-level-1 vector-toc-list-item-expanded"">",2023-01-01,2023,2459945.5,721781.5,wikipedia_fr,fr,événement,https://fr.wikipedia.org/wiki/2023,3a6906a0c9ade042ca8ba7ff59078c1d
1609,"Earthquake M6 - 44 km S of Jurm, Afghanistan","Magnitude 6 earthquake at 44 km S of Jurm, Afghanistan. Depth: Nonekm",2023-01-05,2023,2459949.5,721785.5,usgs_earthquake,en,geological_event,https://earthquake.usgs.gov/earthquakes/eventpage/us7000j2b9,45337cdd2af2a4285ecbe6f958926891
1608,"Earthquake M7 - 23 km WNW of Port-Olry, Vanuatu","Magnitude 7 earthquake at 23 km WNW of Port-Olry, Vanuatu. Depth: Nonekm",2023-01-08,2023,2459952.5,721788.5,usgs_earthquake,en,geological_event,https://earthquake.usgs.gov/earthquakes/eventpage/us7000j2yw,b592ea849c638acb13b0d8e443b0d3e5
1607,"Earthquake M7.6 - Pulau Pulau Tanimbar, Indonesia","Magnitude 7.6 earthquake at Pulau Pulau Tanimbar, Indonesia. Depth: Nonekm",2023-01-09,2023,2459953.5,721789.5,usgs_earthquake,en,geological_event,https://earthquake.usgs.gov/earthquakes/eventpage/us7000j36j,4bd54d175f9e71c4bf828d1c339c3528
1606,"Earthquake M6.1 - 40 km SE of Singkil, Indonesia","Magnitude 6.1 earthquake at 40 km SE of Singkil, Indonesia. Depth: Nonekm",2023-01-15,2023,2459959.5,721795.5,usgs_earthquake,en,geological_event,https://earthquake.usgs.gov/earthquakes/eventpage/us7000j4kr,a4c20208a4686201b12eb7194b1fa1e4
1605,"Earthquake M6.3 - Bonin Islands, Japan region","Magnitude 6.3 earthquake at Bonin Islands, Japan region. Depth: Nonekm",2023-01-16,2023,2459960.5,721796.5,usgs_earthquake,en,geological_event,https://earthquake.usgs.gov/earthquakes/eventpage/us7000j4mj,e9ff542b075688d489f7365c56765cb6
1603,"Earthquake M7 - 156 km NW of Tobelo, Indonesia","Magnitude 7 earthquake at 156 km NW of Tobelo, Indonesia. Depth: Nonekm",2023-01-18,2023,2459962.5,721798.5,usgs_earthquake,en,geological_event,https://earthquake.usgs.gov/earthquakes/eventpage/us7000j553,ebe28c0d33f1c9cd8d43a2515bbb74db
1604,"Earthquake M6 - 62 km SSE of Gorontalo, Indonesia","Magnitude 6 earthquake at 62 km SSE of Gorontalo, Indonesia. Depth: Nonekm",2023-01-18,2023,2459962.5,721798.5,usgs_earthquake,en,geological_event,https://earthquake.usgs.gov/earthquakes/eventpage/us7000j511,8fd69985684e87734ad3119a1186edfd
1601,"Earthquake M6.8 - 29 km SW of Campo Gallo, Argentina","Magnitude 6.8 earthquake at 29 km SW of Campo Gallo, Argentina. Depth: Nonekm",2023-01-20,2023,2459964.5,721800.5,usgs_earthquake,en,geological_event,https://earthquake.usgs.gov/earthquakes/eventpage/us7000j5x2,b90f24ffb06030ee854b03ac6371bf1c
1602,"Earthquake M6.1 - 40 km WSW of Pointe-Noire, Guadeloupe","Magnitude 6.1 earthquake at 40 km WSW of Pointe-Noire, Guadeloupe. Depth: Nonekm",2023-01-20,2023,2459964.5,721800.5,usgs_earthquake,en,geological_event,https://earthquake.usgs.gov/earthquakes/eventpage/us7000j5sc,87c99ee2a7c9e7100168021a6260a7fb
1600,"Earthquake M6.4 - Santiago del Estero, Argentina","Magnitude 6.4 earthquake at Santiago del Estero, Argentina. Depth: Nonekm",2023-01-24,2023,2459968.5,721804.5,usgs_earthquake,en,geological_event,https://earthquake.usgs.gov/earthquakes/eventpage/us6000jiyj,aeae948a9d6abdd6b4500495c6e45bad
1599,"Earthquake M6 - Kermadec Islands, New Zealand","Magnitude 6 earthquake at Kermadec Islands, New Zealand. Depth: Nonekm",2023-01-26,2023,2459970.5,721806.5,usgs_earthquake,en,geological_event,https://earthquake.usgs.gov/earthquakes/eventpage/us6000jjcy,49a3d22e10cead8472fdab3efd2948f1
99,"RLSTATE={""ext.gadget.wikiflex"":""ready"",""ext.gadget.infobox"":""ready"",""ext.gadget.hlist"":""ready"",""ext.","RLSTATE={""ext.gadget.wikiflex"":""ready"",""ext.gadget.infobox"":""ready"",""ext.gadget.hlist"":""ready"",""ext.gadget.darkmode-overrides"":""ready"",""ext.gadget.small-references"":""ready"",""ext.gadget.citation-access-info"":""ready"",""ext.gadget.sprawdz-problemy-szablony"":""ready"",""ext.globalCssJs.user.styles"":""ready"",""site.styles"":""ready"",""user.styles"":""ready"",""ext.globalCssJs.user"":""ready"",""user"":""ready"",""user.options"":""loading"",""ext.cite.styles"":""ready"",""ext.wikimediamessages.styles"":""ready"",""skins.vector.search.codex.styles"":""ready"",""skins.vector.styles"":""ready"",""skins.vector.icons"":""ready"",""jquery.makeCollapsible.styles"":""ready"",""ext.flaggedRevs.basic"":""ready"",""mediawiki.codex.messagebox.styles"":""ready"",""ext.visualEditor.desktopArticleTarget.noscript"":""ready"",""ext.uls.interlanguage"":""ready"",""wikibase.client.init"":""ready"",""ext.wikimediaBadges"":""ready""};RLPAGEMODULES=[""ext.xLab"",""ext.cite.ux-enhancements"",""ext.scribunto.logs"",""site"",""mediawiki.page.ready"",""jquery.makeCollapsible"",""mediawiki.toc"",""skins.vector.js"",""ext.centralNotice.geoIP"",""ext.centralNotice.startUp"",""ext.flaggedRevs.advanced"",""ext.gadget.ll-script-loader"",""ext.gadget.veKeepParameters"",""ext.gadget.szablon-galeria"",""ext.gadget.NavFrame"",""ext.gadget.citoid-overrides"",""ext.gadget.maps"",""ext.gadget.padlock-indicators"",""ext.gadget.interwiki-langlist"",""ext.gadget.edit-summaries"",""ext.gadget.edit-first-section"",""ext.gadget.wikibugs"",""ext.gadget.map-toggler"",""ext.gadget.narrowFootnoteColumns"",""ext.gadget.ally-enhance"",""ext.gadget.WDsearch"",""ext.urlShortener.toolbar"",""ext.centralauth.centralautologin"",""ext.popups"",""ext.visualEditor.desktopArticleTarget.init"",""ext.visualEditor.targetLoader"",""ext.echo.centralauth"",""ext.eventLogging"",""ext.wikimediaEvents"",""ext.navigationTiming"",""ext.uls.interface"",""ext.cx.eventlogging.campaigns"",""ext.cx.uls.quick.actions"",""wikibase.client.vector-2022"",""ext.checkUser.clientHints"",""ext.growthExperiments.SuggestedEditSession""];</script>",2023-02-01,2023,2459976.5,721812.5,wikipedia_pl,pl,wydarzen,https://pl.wikipedia.org/wiki/2023,6415fd6345c3894f40c521d6ad76257a
100,19.81%  131.936      1 Szablon:Szablon_nawigacyjny,19.81%  131.936      1 Szablon:Szablon_nawigacyjny,2023-02-01,2023,2459976.5,721812.5,wikipedia_pl,pl,wydarzen,https://pl.wikipedia.org/wiki/2023,456dae2c1da4aeb9ed4268566a741083
101,9.96%   66.344      1 Szablon:Miesiąc,9.96%   66.344      1 Szablon:Miesiąc,2023-02-01,2023,2459976.5,721812.5,wikipedia_pl,pl,wydarzen,https://pl.wikipedia.org/wiki/2023,336fe6ab7ebe207c24fd5a85601173f2
102,9.33%   62.124      1 Szablon:Kalendarz,9.33%   62.124      1 Szablon:Kalendarz,2023-02-01,2023,2459976.5,721812.5,wikipedia_pl,pl,wydarzen,https://pl.wikipedia.org/wiki/2023,a8ff76a3144fa46a64fb679e9937c8a7
103,8.90%   59.237     82 Szablon:Lang,8.90%   59.237     82 Szablon:Lang,2023-02-01,2023,2459976.5,721812.5,wikipedia_pl,pl,wydarzen,https://pl.wikipedia.org/wiki/2023,5a12557760bc15bed641316e065d8797
104,2.21%   14.711     28 Szablon:Kalendarz/link,2.21%   14.711     28 Szablon:Kalendarz/link,2023-02-01,2023,2459976.5,721812.5,wikipedia_pl,pl,wydarzen,https://pl.wikipedia.org/wiki/2023,919863ecc7669035099a65a29177df35
105,1.66%   11.083      1 Szablon:Spis_treści,1.66%   11.083      1 Szablon:Spis_treści,2023-02-01,2023,2459976.5,721812.5,wikipedia_pl,pl,wydarzen,https://pl.wikipedia.org/wiki/2023,4e334c420017270d8f704deefe00e91a
106,"Zobacz szczegółowe informacje o <a class=""external text"" href=""https://foundation.wikimedia.org/wiki","Zobacz szczegółowe informacje o <a class=""external text"" href=""https://foundation.wikimedia.org/wiki/Policy:Terms_of_Use/pl"">warunkach korzystania</a>.</li>",2023-02-01,2023,2459976.5,721812.5,wikipedia_pl,pl,wydarzen,https://pl.wikipedia.org/wiki/2023,047774f619cb34e4cbd005ed45a9c0a9
496,"class=""vector-toc-list-item vector-toc-level-1 vector-toc-list-item-expanded"">","class=""vector-toc-list-item vector-toc-level-1 vector-toc-list-item-expanded"">",2023-02-01,2023,2459976.5,721812.5,wikipedia_en,en,events,https://en.wikipedia.org/wiki/2023,0249df6b6b761abce23d8db6853e0197
497,"class=""vector-toc-list-item vector-toc-level-2"">","class=""vector-toc-list-item vector-toc-level-2"">",2023-02-01,2023,2459976.5,721812.5,wikipedia_en,en,events,https://en.wikipedia.org/wiki/2023,a75517ce1e7df9656dfc099f74bdbe71
498,"Millennium</th></tr><tr><td class=""sidebar-content hlist"">","Millennium</th></tr><tr><td class=""sidebar-content hlist"">",2023-02-01,2023,2459976.5,721812.5,wikipedia_en,en,events,https://en.wikipedia.org/wiki/2023,d3cbfdeebe8366fbc88cb7bedadd5813
499,"Centuries</th></tr><tr><td class=""sidebar-content hlist"">","Centuries</th></tr><tr><td class=""sidebar-content hlist"">",2023-02-01,2023,2459976.5,721812.5,wikipedia_en,en,events,https://en.wikipedia.org/wiki/2023,8d8e4e80fe32f43c34b4abce7f07797c
500,5.04%  116.495      1 Template:Events_by_month_links/box,5.04%  116.495      1 Template:Events_by_month_links/box,2023-02-01,2023,2459976.5,721812.5,wikipedia_en,en,events,https://en.wikipedia.org/wiki/2023,f84aca6fa971495418bd721306935b9f
501,4.97%  114.690      1 Template:Navbox,4.97%  114.690      1 Template:Navbox,2023-02-01,2023,2459976.5,721812.5,wikipedia_en,en,events,https://en.wikipedia.org/wiki/2023,330477b9245c3178f978180b97f765f3
502,"additional terms may apply. By using this site, you agree to the <a href=""https://foundation.wikimed","additional terms may apply. By using this site, you agree to the <a href=""https://foundation.wikimedia.org/wiki/Special:MyLanguage/Policy:Terms_of_Use"" class=""extiw"" title=""foundation:Special:MyLanguage/Policy:Terms of Use"">Terms of Use</a> and <a href=""https://foundation.wikimedia.org/wiki/Special:MyLanguage/Policy:Privacy_policy"" class=""extiw"" title=""foundation:Special:MyLanguage/Policy:Privacy policy"">Privacy Policy</a>. Wikipedia® is a registered trademark of the <a rel=""nofollow"" class=""external text"" href=""https://wikimediafoundation.org/"">Wikimedia Foundation, Inc.</a>, a non-profit organization.</li>",2023-02-01,2023,2459976.5,721812.5,wikipedia_en,en,events,https://en.wikipedia.org/wiki/2023,fd5bb7da72bc148f58a913f630819fdf
726,"| <a href=""/wiki/2030er"" title=""2030er"">2030er</a>&#160;| <a href=""/wiki/2040er"" title=""2040er"">2040","| <a href=""/wiki/2030er"" title=""2030er"">2030er</a>&#160;| <a href=""/wiki/2040er"" title=""2040er"">2040er</a><br />",2023-02-01,2023,2459976.5,721812.5,wikipedia_de,de,ereignis,https://de.wikipedia.org/wiki/2023,9aa56a40ed994a22993bfcf9a21ea14a
727,"| <a href=""/wiki/2024"" title=""2024"">2024</a>&#160;| <a href=""/wiki/2025"" title=""2025"">2025</a>&#160;","| <a href=""/wiki/2024"" title=""2024"">2024</a>&#160;| <a href=""/wiki/2025"" title=""2025"">2025</a>&#160;| <a href=""/wiki/2026"" title=""2026"">2026</a>&#160;| <a href=""/wiki/2027"" title=""2027"">2027</a>&#160;| <a href=""/wiki/2028"" title=""2028"">►</a><br />",2023-02-01,2023,2459976.5,721812.5,wikipedia_de,de,ereignis,https://de.wikipedia.org/wiki/2023,5208f678dabad9650558a6e18b07ab88
854,"class=""vector-toc-list-item vector-toc-level-1 vector-toc-list-item-expanded"">","class=""vector-toc-list-item vector-toc-level-1 vector-toc-list-item-expanded"">",2023-02-01,2023,2459976.5,721812.5,wikipedia_fr,fr,événement,https://fr.wikipedia.org/wiki/2023,fb4967ff9b3abfa35d93a34369389e50
1598,"Earthquake M6 - 1 km NW of Babag, Philippines","Magnitude 6 earthquake at 1 km NW of Babag, Philippines. Depth: Nonekm",2023-02-01,2023,2459976.5,721812.5,usgs_earthquake,en,geological_event,https://earthquake.usgs.gov/earthquakes/eventpage/us6000jkpr,a2d33e5325abe5c9dd4a025ff41752d1
1593,"Earthquake M6 - 4 km NNE of Göksun, Turkey","Magnitude 6 earthquake at 4 km NNE of Göksun, Turkey. Depth: Nonekm",2023-02-06,2023,2459981.5,721817.5,usgs_earthquake,en,geological_event,https://earthquake.usgs.gov/earthquakes/eventpage/us6000jlrc,240235639900a98c596c874f4ff2820d
1594,"Earthquake M6 - 12 km W of Çelikhan, Turkey","Magnitude 6 earthquake at 12 km W of Çelikhan, Turkey. Depth: Nonekm",2023-02-06,2023,2459981.5,721817.5,usgs_earthquake,en,geological_event,https://earthquake.usgs.gov/earthquakes/eventpage/us6000jm1y,2b444c5f2906f50082a22a3aaf30b94f
1595,"Earthquake M7.5 - Elbistan earthquake, Kahramanmaras earthquake sequence","Magnitude 7.5 earthquake at Elbistan earthquake, Kahramanmaras earthquake sequence. Depth: Nonekm",2023-02-06,2023,2459981.5,721817.5,usgs_earthquake,en,geological_event,https://earthquake.usgs.gov/earthquakes/eventpage/us6000jlqa,f725bcee8c808ada8da6c49d40a78720
1596,"Earthquake M6.7 - 14 km E of Nurda??, Turkey","Magnitude 6.7 earthquake at 14 km E of Nurda??, Turkey. Depth: Nonekm",2023-02-06,2023,2459981.5,721817.5,usgs_earthquake,en,geological_event,https://earthquake.usgs.gov/earthquakes/eventpage/us6000jlm1,9bdf2c84d314c5a9a35553971eb3a7e7
1597,"Earthquake M7.8 - Pazarcik earthquake, Kahramanmaras earthquake sequence","Magnitude 7.8 earthquake at Pazarcik earthquake, Kahramanmaras earthquake sequence. Depth: Nonekm",2023-02-06,2023,2459981.5,721817.5,usgs_earthquake,en,geological_event,https://earthquake.usgs.gov/earthquakes/eventpage/us6000jllz,6a8ed814612661bf9a16775a11b3f305
1592,"Earthquake M6.1 - Kermadec Islands, New Zealand","Magnitude 6.1 earthquake at Kermadec Islands, New Zealand. Depth: Nonekm",2023-02-13,2023,2459988.5,721824.5,usgs_earthquake,en,geological_event,https://earthquake.usgs.gov/earthquakes/eventpage/us6000jnk5,9bec849a04f93532818d6a249cb2f9c1
1591,"Earthquake M6.1 - 9 km NNE of Miaga, Philippines","Magnitude 6.1 earthquake at 9 km NNE of Miaga, Philippines. Depth: Nonekm",2023-02-15,2023,2459990.5,721826.5,usgs_earthquake,en,geological_event,https://earthquake.usgs.gov/earthquakes/eventpage/us6000jp76,39ebbcbeb26df032e284a9cdd0dd7a92
1590,"Earthquake M6.1 - 130 km SSW of Tual, Indonesia","Magnitude 6.1 earthquake at 130 km SSW of Tual, Indonesia. Depth: Nonekm",2023-02-17,2023,2459992.5,721828.5,usgs_earthquake,en,geological_event,https://earthquake.usgs.gov/earthquakes/eventpage/us6000jpl7,9831d6e536c6a21ba78939db8d62fcbc
1589,"Earthquake M6.3 - 2 km NNW of Uzunba?, Turkey","Magnitude 6.3 earthquake at 2 km NNW of Uzunba?, Turkey. Depth: Nonekm",2023-02-20,2023,2459995.5,721831.5,usgs_earthquake,en,geological_event,https://earthquake.usgs.gov/earthquakes/eventpage/us6000jqcn,942b195aed794507d8f3974839ba7884
1587,"Earthquake M6.3 - 172 km N of Tobelo, Indonesia","Magnitude 6.3 earthquake at 172 km N of Tobelo, Indonesia. Depth: Nonekm",2023-02-23,2023,2459998.5,721834.5,usgs_earthquake,en,geological_event,https://earthquake.usgs.gov/earthquakes/eventpage/us6000jr32,d02fd09f766c1e35eab9ed2311ce497f
1588,"Earthquake M6.9 - 65 km WSW of Murghob, Tajikistan","Magnitude 6.9 earthquake at 65 km WSW of Murghob, Tajikistan. Depth: Nonekm",2023-02-23,2023,2459998.5,721834.5,usgs_earthquake,en,geological_event,https://earthquake.usgs.gov/earthquakes/eventpage/us6000jqxc,df12c5d8855b9f937eea6722c0f8047f
1585,"Earthquake M6.2 - 33 km ENE of Kandrian, Papua New Guinea","Magnitude 6.2 earthquake at 33 km ENE of Kandrian, Papua New Guinea. Depth: Nonekm",2023-02-25,2023,2460000.5,721836.5,usgs_earthquake,en,geological_event,https://earthquake.usgs.gov/earthquakes/eventpage/us6000jrlp,9e0c58a2a1d6c038a3cf8638db4565dd
1586,"Earthquake M6 - Hokkaido, Japan region","Magnitude 6 earthquake at Hokkaido, Japan region. Depth: Nonekm",2023-02-25,2023,2460000.5,721836.5,usgs_earthquake,en,geological_event,https://earthquake.usgs.gov/earthquakes/eventpage/us6000jrjl,39d5fb4a82b0afd532ae6bd27e738c3f
107,"RLSTATE={""ext.gadget.wikiflex"":""ready"",""ext.gadget.infobox"":""ready"",""ext.gadget.hlist"":""ready"",""ext.","RLSTATE={""ext.gadget.wikiflex"":""ready"",""ext.gadget.infobox"":""ready"",""ext.gadget.hlist"":""ready"",""ext.gadget.darkmode-overrides"":""ready"",""ext.gadget.small-references"":""ready"",""ext.gadget.citation-access-info"":""ready"",""ext.gadget.sprawdz-problemy-szablony"":""ready"",""ext.globalCssJs.user.styles"":""ready"",""site.styles"":""ready"",""user.styles"":""ready"",""ext.globalCssJs.user"":""ready"",""user"":""ready"",""user.options"":""loading"",""ext.cite.styles"":""ready"",""ext.wikimediamessages.styles"":""ready"",""skins.vector.search.codex.styles"":""ready"",""skins.vector.styles"":""ready"",""skins.vector.icons"":""ready"",""jquery.makeCollapsible.styles"":""ready"",""ext.flaggedRevs.basic"":""ready"",""mediawiki.codex.messagebox.styles"":""ready"",""ext.visualEditor.desktopArticleTarget.noscript"":""ready"",""ext.uls.interlanguage"":""ready"",""wikibase.client.init"":""ready"",""ext.wikimediaBadges"":""ready""};RLPAGEMODULES=[""ext.xLab"",""ext.cite.ux-enhancements"",""ext.scribunto.logs"",""site"",""mediawiki.page.ready"",""jquery.makeCollapsible"",""mediawiki.toc"",""skins.vector.js"",""ext.centralNotice.geoIP"",""ext.centralNotice.startUp"",""ext.flaggedRevs.advanced"",""ext.gadget.ll-script-loader"",""ext.gadget.veKeepParameters"",""ext.gadget.szablon-galeria"",""ext.gadget.NavFrame"",""ext.gadget.citoid-overrides"",""ext.gadget.maps"",""ext.gadget.padlock-indicators"",""ext.gadget.interwiki-langlist"",""ext.gadget.edit-summaries"",""ext.gadget.edit-first-section"",""ext.gadget.wikibugs"",""ext.gadget.map-toggler"",""ext.gadget.narrowFootnoteColumns"",""ext.gadget.ally-enhance"",""ext.gadget.WDsearch"",""ext.urlShortener.toolbar"",""ext.centralauth.centralautologin"",""ext.popups"",""ext.visualEditor.desktopArticleTarget.init"",""ext.visualEditor.targetLoader"",""ext.echo.centralauth"",""ext.eventLogging"",""ext.wikimediaEvents"",""ext.navigationTiming"",""ext.uls.interface"",""ext.cx.eventlogging.campaigns"",""ext.cx.uls.quick.actions"",""wikibase.client.vector-2022"",""ext.checkUser.clientHints"",""ext.growthExperiments.SuggestedEditSession""];</script>",2023-03-01,2023,2460004.5,721840.5,wikipedia_pl,pl,wydarzen,https://pl.wikipedia.org/wiki/2023,1b30426d480d206802692d75525a1dc2
108,15.32%   99.536      1 Szablon:Szablon_nawigacyjny,15.32%   99.536      1 Szablon:Szablon_nawigacyjny,2023-03-01,2023,2460004.5,721840.5,wikipedia_pl,pl,wydarzen,https://pl.wikipedia.org/wiki/2023,08971ac9ec63768df3f41afd13ced30f
109,10.16%   65.993    108 Szablon:Lang,10.16%   65.993    108 Szablon:Lang,2023-03-01,2023,2460004.5,721840.5,wikipedia_pl,pl,wydarzen,https://pl.wikipedia.org/wiki/2023,feeb5372bf0cf6b50def47b7afdd9592
110,9.00%   58.456      1 Szablon:Miesiąc,9.00%   58.456      1 Szablon:Miesiąc,2023-03-01,2023,2460004.5,721840.5,wikipedia_pl,pl,wydarzen,https://pl.wikipedia.org/wiki/2023,251867cf1259f25ef6af5dc6c49cb4e1
111,7.99%   51.949      1 Szablon:Kalendarz,7.99%   51.949      1 Szablon:Kalendarz,2023-03-01,2023,2460004.5,721840.5,wikipedia_pl,pl,wydarzen,https://pl.wikipedia.org/wiki/2023,6064281f705aa82c9814dba9570e42d9
112,1.86%   12.083      1 Szablon:Spis_treści,1.86%   12.083      1 Szablon:Spis_treści,2023-03-01,2023,2460004.5,721840.5,wikipedia_pl,pl,wydarzen,https://pl.wikipedia.org/wiki/2023,0bcc6e52f41c0d2ac867b904ee5d8ba6
113,1.86%   12.073     31 Szablon:Kalendarz/link,1.86%   12.073     31 Szablon:Kalendarz/link,2023-03-01,2023,2460004.5,721840.5,wikipedia_pl,pl,wydarzen,https://pl.wikipedia.org/wiki/2023,f1339747d0b1ba8a4bbb188e91057d25
114,"Zobacz szczegółowe informacje o <a class=""external text"" href=""https://foundation.wikimedia.org/wiki","Zobacz szczegółowe informacje o <a class=""external text"" href=""https://foundation.wikimedia.org/wiki/Policy:Terms_of_Use/pl"">warunkach korzystania</a>.</li>",2023-03-01,2023,2460004.5,721840.5,wikipedia_pl,pl,wydarzen,https://pl.wikipedia.org/wiki/2023,5e43723631a3926c51462b699a41b1d4
503,"class=""vector-toc-list-item vector-toc-level-1 vector-toc-list-item-expanded"">","class=""vector-toc-list-item vector-toc-level-1 vector-toc-list-item-expanded"">",2023-03-01,2023,2460004.5,721840.5,wikipedia_en,en,events,https://en.wikipedia.org/wiki/2023,17c0149fcd397522771c480061f4de54
504,"class=""vector-toc-list-item vector-toc-level-2"">","class=""vector-toc-list-item vector-toc-level-2"">",2023-03-01,2023,2460004.5,721840.5,wikipedia_en,en,events,https://en.wikipedia.org/wiki/2023,d045bda8c5907dab36af344ddf963f09
505,"Millennium</th></tr><tr><td class=""sidebar-content hlist"">","Millennium</th></tr><tr><td class=""sidebar-content hlist"">",2023-03-01,2023,2460004.5,721840.5,wikipedia_en,en,events,https://en.wikipedia.org/wiki/2023,becbbb2934653740b2cd28e80e088be0
506,"Centuries</th></tr><tr><td class=""sidebar-content hlist"">","Centuries</th></tr><tr><td class=""sidebar-content hlist"">",2023-03-01,2023,2460004.5,721840.5,wikipedia_en,en,events,https://en.wikipedia.org/wiki/2023,3d2857c26068cb1e0266655117e4fd12
507,5.04%  116.495      1 Template:Events_by_month_links/box,5.04%  116.495      1 Template:Events_by_month_links/box,2023-03-01,2023,2460004.5,721840.5,wikipedia_en,en,events,https://en.wikipedia.org/wiki/2023,de6078dbf426431effa4713dd54928d8
508,4.97%  114.690      1 Template:Navbox,4.97%  114.690      1 Template:Navbox,2023-03-01,2023,2460004.5,721840.5,wikipedia_en,en,events,https://en.wikipedia.org/wiki/2023,0382f5b999dc913f7dab142f684589f3
509,"additional terms may apply. By using this site, you agree to the <a href=""https://foundation.wikimed","additional terms may apply. By using this site, you agree to the <a href=""https://foundation.wikimedia.org/wiki/Special:MyLanguage/Policy:Terms_of_Use"" class=""extiw"" title=""foundation:Special:MyLanguage/Policy:Terms of Use"">Terms of Use</a> and <a href=""https://foundation.wikimedia.org/wiki/Special:MyLanguage/Policy:Privacy_policy"" class=""extiw"" title=""foundation:Special:MyLanguage/Policy:Privacy policy"">Privacy Policy</a>. Wikipedia® is a registered trademark of the <a rel=""nofollow"" class=""external text"" href=""https://wikimediafoundation.org/"">Wikimedia Foundation, Inc.</a>, a non-profit organization.</li>",2023-03-01,2023,2460004.5,721840.5,wikipedia_en,en,events,https://en.wikipedia.org/wiki/2023,db9698ed85099ebe64a2e1c021d0ddd5
728,"| <a href=""/wiki/2030er"" title=""2030er"">2030er</a>&#160;| <a href=""/wiki/2040er"" title=""2040er"">2040","| <a href=""/wiki/2030er"" title=""2030er"">2030er</a>&#160;| <a href=""/wiki/2040er"" title=""2040er"">2040er</a><br />",2023-03-01,2023,2460004.5,721840.5,wikipedia_de,de,ereignis,https://de.wikipedia.org/wiki/2023,38f89f8a01ca1d502a4ad87c1a24c84a
729,"| <a href=""/wiki/2024"" title=""2024"">2024</a>&#160;| <a href=""/wiki/2025"" title=""2025"">2025</a>&#160;","| <a href=""/wiki/2024"" title=""2024"">2024</a>&#160;| <a href=""/wiki/2025"" title=""2025"">2025</a>&#160;| <a href=""/wiki/2026"" title=""2026"">2026</a>&#160;| <a href=""/wiki/2027"" title=""2027"">2027</a>&#160;| <a href=""/wiki/2028"" title=""2028"">►</a><br />",2023-03-01,2023,2460004.5,721840.5,wikipedia_de,de,ereignis,https://de.wikipedia.org/wiki/2023,a0888641bb45ee6c244148964723c49d
855,"class=""vector-toc-list-item vector-toc-level-1 vector-toc-list-item-expanded"">","class=""vector-toc-list-item vector-toc-level-1 vector-toc-list-item-expanded"">",2023-03-01,2023,2460004.5,721840.5,wikipedia_fr,fr,événement,https://fr.wikipedia.org/wiki/2023,c227181628b48ed5b011b8b464717505
1584,"Earthquake M6.6 - 106 km NW of Kimbe, Papua New Guinea","Magnitude 6.6 earthquake at 106 km NW of Kimbe, Papua New Guinea. Depth: Nonekm",2023-03-01,2023,2460004.5,721840.5,usgs_earthquake,en,geological_event,https://earthquake.usgs.gov/earthquakes/eventpage/us7000jgfd,ee1b97fff831feffd8420d9d6753f95f
1583,"Earthquake M6.5 - 83 km WSW of Port-Olry, Vanuatu","Magnitude 6.5 earthquake at 83 km WSW of Port-Olry, Vanuatu. Depth: Nonekm",2023-03-02,2023,2460005.5,721841.5,usgs_earthquake,en,geological_event,https://earthquake.usgs.gov/earthquakes/eventpage/usd000j5jt,0fb67f40a45d9f5077dfdead3bf241c6
1582,"Earthquake M6.9 - Kermadec Islands, New Zealand","Magnitude 6.9 earthquake at Kermadec Islands, New Zealand. Depth: Nonekm",2023-03-04,2023,2460007.5,721843.5,usgs_earthquake,en,geological_event,https://earthquake.usgs.gov/earthquakes/eventpage/us7000jh99,aa7f3af3a29ad1e50c6e355c8e549787
1581,"Earthquake M6.3 - 118 km E of Madang, Papua New Guinea","Magnitude 6.3 earthquake at 118 km E of Madang, Papua New Guinea. Depth: Nonekm",2023-03-14,2023,2460017.5,721853.5,usgs_earthquake,en,geological_event,https://earthquake.usgs.gov/earthquakes/eventpage/us7000jjp7,20c37929876fbfba7d4154aa27118624
1580,Earthquake M7 - Kermadec Islands region,Magnitude 7 earthquake at Kermadec Islands region. Depth: Nonekm,2023-03-16,2023,2460019.5,721855.5,usgs_earthquake,en,geological_event,https://earthquake.usgs.gov/earthquakes/eventpage/us7000jkbd,83dce5ab6a0b8fc79606a4a490db7094
1579,"Earthquake M6.8 - 14 km NNW of Baláo, Ecuador","Magnitude 6.8 earthquake at 14 km NNW of Baláo, Ecuador. Depth: Nonekm",2023-03-18,2023,2460021.5,721857.5,usgs_earthquake,en,geological_event,https://earthquake.usgs.gov/earthquakes/eventpage/us7000jl3s,836696ea7ffce90e82dadca12f2c3fa7
1578,"Earthquake M6.5 - 40 km SSE of Jurm, Afghanistan","Magnitude 6.5 earthquake at 40 km SSE of Jurm, Afghanistan. Depth: Nonekm",2023-03-21,2023,2460024.5,721860.5,usgs_earthquake,en,geological_event,https://earthquake.usgs.gov/earthquakes/eventpage/us7000jln7,701b90a22a98795db2ec11ef9030139b
1096,Classical Thought in Newton's General Scholium,"Isaac Newton, in popular imagination the Ur-scientist, was an outstanding
humanist scholar. His researches on, among others, ancient philosophy, are
thorough and appear to be connected to and fit within his larger philosophical
and theological agenda. It is therefore relevant to take a closer look at
Newton's intellectual choices, at how and why precisely he would occupy himself
with specific text-sources, and how this interest fits into the larger picture
of his scientific and intellectual endeavours. In what follows, we shall follow
Newton into his study and look over his shoulder while reading compendia and
original source-texts in his personal library at Cambridge, meticulously
investigating and comparing fragments and commentaries, and carefully keeping
track in private notes of how they support his own developing ideas. Indeed,
Newton was convinced that precursors to his own insights and discoveries were
present already in Antiquity, even before the Greeks, in ancient Egypt, and he
puts a lot of time and effort into making the point, especially, and not
incidentially, in the period between the first and the second edition of the
Principia. A clear understanding of his reading of the classic sources
therefore matters to our understanding of its content and gestation process. In
what follows we will confine ourselves to the classical legacy, and investigate
Newton's intellectual intercourse with it.",2023-03-22,2023,2460025.5,721861.5,arxiv,en,scientific_paper,http://arxiv.org/abs/2303.12945v1,08bb633b81cd2ad44f3f89f900c97fe7
1577,"Earthquake M6.4 - 86 km WSW of El Aguilar, Argentina","Magnitude 6.4 earthquake at 86 km WSW of El Aguilar, Argentina. Depth: Nonekm",2023-03-22,2023,2460025.5,721861.5,usgs_earthquake,en,geological_event,https://earthquake.usgs.gov/earthquakes/eventpage/us7000jlxu,c3f9c7afc8ee19d89b3fbf3292a53745
1575,"Earthquake M6 - Hokkaido, Japan region","Magnitude 6 earthquake at Hokkaido, Japan region. Depth: Nonekm",2023-03-28,2023,2460031.5,721867.5,usgs_earthquake,en,geological_event,https://earthquake.usgs.gov/earthquakes/eventpage/us6000k09q,aba457bf728f52abf22ef7b8c31875ee
1576,Earthquake M6.2 - Solomon Islands,Magnitude 6.2 earthquake at Solomon Islands. Depth: Nonekm,2023-03-28,2023,2460031.5,721867.5,usgs_earthquake,en,geological_event,https://earthquake.usgs.gov/earthquakes/eventpage/us6000k05c,5bab9aa60fd86deccd2ea45523551e8e
1574,"Earthquake M6.3 - 105 km WSW of Constitución, Chile","Magnitude 6.3 earthquake at 105 km WSW of Constitución, Chile. Depth: Nonekm",2023-03-30,2023,2460033.5,721869.5,usgs_earthquake,en,geological_event,https://earthquake.usgs.gov/earthquakes/eventpage/us6000k0xf,36b8ab5d9cbed3e12c0a6d313885bfa3
115,"RLSTATE={""ext.gadget.wikiflex"":""ready"",""ext.gadget.infobox"":""ready"",""ext.gadget.hlist"":""ready"",""ext.","RLSTATE={""ext.gadget.wikiflex"":""ready"",""ext.gadget.infobox"":""ready"",""ext.gadget.hlist"":""ready"",""ext.gadget.darkmode-overrides"":""ready"",""ext.gadget.small-references"":""ready"",""ext.gadget.citation-access-info"":""ready"",""ext.gadget.sprawdz-problemy-szablony"":""ready"",""ext.globalCssJs.user.styles"":""ready"",""site.styles"":""ready"",""user.styles"":""ready"",""ext.globalCssJs.user"":""ready"",""user"":""ready"",""user.options"":""loading"",""ext.cite.styles"":""ready"",""ext.wikimediamessages.styles"":""ready"",""skins.vector.search.codex.styles"":""ready"",""skins.vector.styles"":""ready"",""skins.vector.icons"":""ready"",""jquery.makeCollapsible.styles"":""ready"",""ext.flaggedRevs.basic"":""ready"",""mediawiki.codex.messagebox.styles"":""ready"",""ext.visualEditor.desktopArticleTarget.noscript"":""ready"",""ext.uls.interlanguage"":""ready"",""wikibase.client.init"":""ready"",""ext.wikimediaBadges"":""ready""};RLPAGEMODULES=[""ext.xLab"",""ext.cite.ux-enhancements"",""ext.scribunto.logs"",""site"",""mediawiki.page.ready"",""jquery.makeCollapsible"",""mediawiki.toc"",""skins.vector.js"",""ext.centralNotice.geoIP"",""ext.centralNotice.startUp"",""ext.flaggedRevs.advanced"",""ext.gadget.ll-script-loader"",""ext.gadget.veKeepParameters"",""ext.gadget.szablon-galeria"",""ext.gadget.NavFrame"",""ext.gadget.citoid-overrides"",""ext.gadget.maps"",""ext.gadget.padlock-indicators"",""ext.gadget.interwiki-langlist"",""ext.gadget.edit-summaries"",""ext.gadget.edit-first-section"",""ext.gadget.wikibugs"",""ext.gadget.map-toggler"",""ext.gadget.narrowFootnoteColumns"",""ext.gadget.ally-enhance"",""ext.gadget.WDsearch"",""ext.urlShortener.toolbar"",""ext.centralauth.centralautologin"",""ext.popups"",""ext.visualEditor.desktopArticleTarget.init"",""ext.visualEditor.targetLoader"",""ext.echo.centralauth"",""ext.eventLogging"",""ext.wikimediaEvents"",""ext.navigationTiming"",""ext.uls.interface"",""ext.cx.eventlogging.campaigns"",""ext.cx.uls.quick.actions"",""wikibase.client.vector-2022"",""ext.checkUser.clientHints"",""ext.growthExperiments.SuggestedEditSession""];</script>",2023-04-01,2023,2460035.5,721871.5,wikipedia_pl,pl,wydarzen,https://pl.wikipedia.org/wiki/2023,7e951cf4d62125d7b7b595ac1ecc83ff
116,16.21%  111.047      1 Szablon:Szablon_nawigacyjny,16.21%  111.047      1 Szablon:Szablon_nawigacyjny,2023-04-01,2023,2460035.5,721871.5,wikipedia_pl,pl,wydarzen,https://pl.wikipedia.org/wiki/2023,a7858b9c82af83589e60152e9274495f
117,9.89%   67.785     92 Szablon:Lang,9.89%   67.785     92 Szablon:Lang,2023-04-01,2023,2460035.5,721871.5,wikipedia_pl,pl,wydarzen,https://pl.wikipedia.org/wiki/2023,0124d5d456c595a893499d2c2364e2ac
118,8.62%   59.038      1 Szablon:Miesiąc,8.62%   59.038      1 Szablon:Miesiąc,2023-04-01,2023,2460035.5,721871.5,wikipedia_pl,pl,wydarzen,https://pl.wikipedia.org/wiki/2023,5c3275f80de180be0881b8cc0b0b4345
119,7.74%   53.049      1 Szablon:Kalendarz,7.74%   53.049      1 Szablon:Kalendarz,2023-04-01,2023,2460035.5,721871.5,wikipedia_pl,pl,wydarzen,https://pl.wikipedia.org/wiki/2023,d7eb3e6fd8eebe289ef6a8d22bc6116d
120,2.96%   20.306      1 Szablon:Cytuj,2.96%   20.306      1 Szablon:Cytuj,2023-04-01,2023,2460035.5,721871.5,wikipedia_pl,pl,wydarzen,https://pl.wikipedia.org/wiki/2023,a59f3c5a2f36e686236a6d5081f6670c
121,1.98%   13.578     30 Szablon:Kalendarz/link,1.98%   13.578     30 Szablon:Kalendarz/link,2023-04-01,2023,2460035.5,721871.5,wikipedia_pl,pl,wydarzen,https://pl.wikipedia.org/wiki/2023,8da4d1fd406a57fa8e12d7ea6b9fc86f
122,"Zobacz szczegółowe informacje o <a class=""external text"" href=""https://foundation.wikimedia.org/wiki","Zobacz szczegółowe informacje o <a class=""external text"" href=""https://foundation.wikimedia.org/wiki/Policy:Terms_of_Use/pl"">warunkach korzystania</a>.</li>",2023-04-01,2023,2460035.5,721871.5,wikipedia_pl,pl,wydarzen,https://pl.wikipedia.org/wiki/2023,ccf164ee52df4f011aae871a0fa79eb1
510,"class=""vector-toc-list-item vector-toc-level-1 vector-toc-list-item-expanded"">","class=""vector-toc-list-item vector-toc-level-1 vector-toc-list-item-expanded"">",2023-04-01,2023,2460035.5,721871.5,wikipedia_en,en,events,https://en.wikipedia.org/wiki/2023,3b07a700b9859e13e55c77e63087c31a
511,"class=""vector-toc-list-item vector-toc-level-2"">","class=""vector-toc-list-item vector-toc-level-2"">",2023-04-01,2023,2460035.5,721871.5,wikipedia_en,en,events,https://en.wikipedia.org/wiki/2023,1867b965dce022d2f7ae99b2ea10c72b
512,"Millennium</th></tr><tr><td class=""sidebar-content hlist"">","Millennium</th></tr><tr><td class=""sidebar-content hlist"">",2023-04-01,2023,2460035.5,721871.5,wikipedia_en,en,events,https://en.wikipedia.org/wiki/2023,3e04ef9ce661255e427e63a6cd0e1bb0
513,"Centuries</th></tr><tr><td class=""sidebar-content hlist"">","Centuries</th></tr><tr><td class=""sidebar-content hlist"">",2023-04-01,2023,2460035.5,721871.5,wikipedia_en,en,events,https://en.wikipedia.org/wiki/2023,4ae50fd68760de1c1dadbe11698c1966
514,5.04%  116.495      1 Template:Events_by_month_links/box,5.04%  116.495      1 Template:Events_by_month_links/box,2023-04-01,2023,2460035.5,721871.5,wikipedia_en,en,events,https://en.wikipedia.org/wiki/2023,1b6eebcb8c03c0df332a64781824487c
515,4.97%  114.690      1 Template:Navbox,4.97%  114.690      1 Template:Navbox,2023-04-01,2023,2460035.5,721871.5,wikipedia_en,en,events,https://en.wikipedia.org/wiki/2023,0cf2e93ca0c4a24d832166e325b72b7f
516,"additional terms may apply. By using this site, you agree to the <a href=""https://foundation.wikimed","additional terms may apply. By using this site, you agree to the <a href=""https://foundation.wikimedia.org/wiki/Special:MyLanguage/Policy:Terms_of_Use"" class=""extiw"" title=""foundation:Special:MyLanguage/Policy:Terms of Use"">Terms of Use</a> and <a href=""https://foundation.wikimedia.org/wiki/Special:MyLanguage/Policy:Privacy_policy"" class=""extiw"" title=""foundation:Special:MyLanguage/Policy:Privacy policy"">Privacy Policy</a>. Wikipedia® is a registered trademark of the <a rel=""nofollow"" class=""external text"" href=""https://wikimediafoundation.org/"">Wikimedia Foundation, Inc.</a>, a non-profit organization.</li>",2023-04-01,2023,2460035.5,721871.5,wikipedia_en,en,events,https://en.wikipedia.org/wiki/2023,d048d072f2552e2cc778cedd1331987a
730,"| <a href=""/wiki/2030er"" title=""2030er"">2030er</a>&#160;| <a href=""/wiki/2040er"" title=""2040er"">2040","| <a href=""/wiki/2030er"" title=""2030er"">2030er</a>&#160;| <a href=""/wiki/2040er"" title=""2040er"">2040er</a><br />",2023-04-01,2023,2460035.5,721871.5,wikipedia_de,de,ereignis,https://de.wikipedia.org/wiki/2023,69c0c59ccdcd761ba53a1124e34e2534
731,"| <a href=""/wiki/2024"" title=""2024"">2024</a>&#160;| <a href=""/wiki/2025"" title=""2025"">2025</a>&#160;","| <a href=""/wiki/2024"" title=""2024"">2024</a>&#160;| <a href=""/wiki/2025"" title=""2025"">2025</a>&#160;| <a href=""/wiki/2026"" title=""2026"">2026</a>&#160;| <a href=""/wiki/2027"" title=""2027"">2027</a>&#160;| <a href=""/wiki/2028"" title=""2028"">►</a><br />",2023-04-01,2023,2460035.5,721871.5,wikipedia_de,de,ereignis,https://de.wikipedia.org/wiki/2023,2dbfb04fd9452da8bb58c66e40edf45a
856,"class=""vector-toc-list-item vector-toc-level-1 vector-toc-list-item-expanded"">","class=""vector-toc-list-item vector-toc-level-1 vector-toc-list-item-expanded"">",2023-04-01,2023,2460035.5,721871.5,wikipedia_fr,fr,événement,https://fr.wikipedia.org/wiki/2023,3e6baafc267c07bab9a4793aff15945c
1573,"Earthquake M7 - 40 km ESE of Ambunti, Papua New Guinea","Magnitude 7 earthquake at 40 km ESE of Ambunti, Papua New Guinea. Depth: Nonekm",2023-04-02,2023,2460036.5,721872.5,usgs_earthquake,en,geological_event,https://earthquake.usgs.gov/earthquakes/eventpage/us6000k1id,4131e766c48250ab8d51279e16e3c8b5
1163,"Nuevas estrategias de enseñanza: unidades didácticas basadas en
  temas de la Astronomía Cultural","One of the main difficulties that students have in learning astronomy topics
is that they fail to relate theoretical information with what they experience
in the world around them. The construction by students of a conceptual
framework in accordance with the astronomical scientific model demands changes
in the current teaching approach. Within this framework, Cultural Astronomy
(CA) is a discipline that we can use to rethink new didactic strategies. This
paper presents two contextualized proposals from CA. In the first one, the
teaching of space and time concepts is approached through traditional examples
of orientation by the stars and the use of the calendar, using the case of
historical ocean navigation without advanced instruments already highlighted in
ethnoastronomical studies. In the second, these concepts are worked on from a
case study, this time archaeoastronomical: the monumental horizon calendar of
the Chankillo archaeological site, and then continue with the local
identification of horizon markers that allow students to build their own
calendars. The aim is to illustrate ways of introducing CA elements in didactic
units that have as one of their main objectives that the students manage to
establish correspondences between constructions of the micro to the mega-space
that surrounds them.",2023-04-03,2023,2460037.5,721873.5,arxiv,en,scientific_paper,http://arxiv.org/abs/2304.01131v1,d202076e635dfc24bb68e62dfb8b746c
1571,"Earthquake M6.1 - 77 km SW of Padangsidempuan, Indonesia","Magnitude 6.1 earthquake at 77 km SW of Padangsidempuan, Indonesia. Depth: Nonekm",2023-04-03,2023,2460037.5,721873.5,usgs_earthquake,en,geological_event,https://earthquake.usgs.gov/earthquakes/eventpage/us6000k1qa,a5fd946d52f83d3d2ed23f1dd4bbd227
1572,"Earthquake M6.5 - 23 km SSE of Vilyuchinsk, Russia","Magnitude 6.5 earthquake at 23 km SSE of Vilyuchinsk, Russia. Depth: Nonekm",2023-04-03,2023,2460037.5,721873.5,usgs_earthquake,en,geological_event,https://earthquake.usgs.gov/earthquakes/eventpage/us6000k1mn,d25f1b6c9bc87c42a927529e9a8cdcb7
1570,"Earthquake M6.2 - 124 km E of Gigmoto, Philippines","Magnitude 6.2 earthquake at 124 km E of Gigmoto, Philippines. Depth: Nonekm",2023-04-04,2023,2460038.5,721874.5,usgs_earthquake,en,geological_event,https://earthquake.usgs.gov/earthquakes/eventpage/us6000k1x2,7ed7feed86f44d8aed940e50d29b135c
1569,"Earthquake M6.3 - 73 km S of Boca Chica, Panama","Magnitude 6.3 earthquake at 73 km S of Boca Chica, Panama. Depth: Nonekm",2023-04-05,2023,2460039.5,721875.5,usgs_earthquake,en,geological_event,https://earthquake.usgs.gov/earthquakes/eventpage/us6000k20g,87a90e36551b7662dfbd804e1b28c417
1568,"Earthquake M6 - 237 km SW of Port McNeill, Canada","Magnitude 6 earthquake at 237 km SW of Port McNeill, Canada. Depth: Nonekm",2023-04-13,2023,2460047.5,721883.5,usgs_earthquake,en,geological_event,https://earthquake.usgs.gov/earthquakes/eventpage/us6000k42y,e89a707d2e6150d421f3dbe47cad7cc1
1567,"Earthquake M7 - Java, Indonesia","Magnitude 7 earthquake at Java, Indonesia. Depth: Nonekm",2023-04-14,2023,2460048.5,721884.5,usgs_earthquake,en,geological_event,https://earthquake.usgs.gov/earthquakes/eventpage/us6000k49j,f3028bbbcf048cbcb72cbea8a31fafbe
1566,Earthquake M6.7 - south of the Fiji Islands,Magnitude 6.7 earthquake at south of the Fiji Islands. Depth: Nonekm,2023-04-18,2023,2460052.5,721888.5,usgs_earthquake,en,geological_event,https://earthquake.usgs.gov/earthquakes/eventpage/us6000k587,9b637bf786fa80bde79b072c3578aeb5
1565,"Earthquake M6.3 - 30 km NNE of Kandrian, Papua New Guinea","Magnitude 6.3 earthquake at 30 km NNE of Kandrian, Papua New Guinea. Depth: Nonekm",2023-04-19,2023,2460053.5,721889.5,usgs_earthquake,en,geological_event,https://earthquake.usgs.gov/earthquakes/eventpage/us6000k5gu,cd3d8d0f76603cffd3bdea9221afd014
1564,Earthquake M6.2 - Banda Sea,Magnitude 6.2 earthquake at Banda Sea. Depth: Nonekm,2023-04-22,2023,2460056.5,721892.5,usgs_earthquake,en,geological_event,https://earthquake.usgs.gov/earthquakes/eventpage/us6000k6ai,b04efc3a659f6b14daf1bc115e2a83cc
1562,"Earthquake M7.1 - 171 km SSE of Teluk Dalam, Indonesia","Magnitude 7.1 earthquake at 171 km SSE of Teluk Dalam, Indonesia. Depth: Nonekm",2023-04-24,2023,2460058.5,721894.5,usgs_earthquake,en,geological_event,https://earthquake.usgs.gov/earthquakes/eventpage/us7000jvl3,4e25e5a00247d52061df0b8f77cbf5ac
1563,"Earthquake M7.1 - Kermadec Islands, New Zealand","Magnitude 7.1 earthquake at Kermadec Islands, New Zealand. Depth: Nonekm",2023-04-24,2023,2460058.5,721894.5,usgs_earthquake,en,geological_event,https://earthquake.usgs.gov/earthquakes/eventpage/us6000k6mg,1da7de0043a0078256fc2b524ed239b5
1560,Earthquake M6.6 - south of the Fiji Islands,Magnitude 6.6 earthquake at south of the Fiji Islands. Depth: Nonekm,2023-04-28,2023,2460062.5,721898.5,usgs_earthquake,en,geological_event,https://earthquake.usgs.gov/earthquakes/eventpage/us7000jwhe,869ae74c7f340cb51d5cfb3c255c1039
1561,Earthquake M6 - south of the Fiji Islands,Magnitude 6 earthquake at south of the Fiji Islands. Depth: Nonekm,2023-04-28,2023,2460062.5,721898.5,usgs_earthquake,en,geological_event,https://earthquake.usgs.gov/earthquakes/eventpage/us7000jwhc,aab8f279d5040e48fe30e97a3415a636
123,"RLSTATE={""ext.gadget.wikiflex"":""ready"",""ext.gadget.infobox"":""ready"",""ext.gadget.hlist"":""ready"",""ext.","RLSTATE={""ext.gadget.wikiflex"":""ready"",""ext.gadget.infobox"":""ready"",""ext.gadget.hlist"":""ready"",""ext.gadget.darkmode-overrides"":""ready"",""ext.gadget.small-references"":""ready"",""ext.gadget.citation-access-info"":""ready"",""ext.gadget.sprawdz-problemy-szablony"":""ready"",""ext.globalCssJs.user.styles"":""ready"",""site.styles"":""ready"",""user.styles"":""ready"",""ext.globalCssJs.user"":""ready"",""user"":""ready"",""user.options"":""loading"",""ext.cite.styles"":""ready"",""ext.wikimediamessages.styles"":""ready"",""skins.vector.search.codex.styles"":""ready"",""skins.vector.styles"":""ready"",""skins.vector.icons"":""ready"",""jquery.makeCollapsible.styles"":""ready"",""ext.flaggedRevs.basic"":""ready"",""mediawiki.codex.messagebox.styles"":""ready"",""ext.visualEditor.desktopArticleTarget.noscript"":""ready"",""ext.uls.interlanguage"":""ready"",""wikibase.client.init"":""ready"",""ext.wikimediaBadges"":""ready""};RLPAGEMODULES=[""ext.xLab"",""ext.cite.ux-enhancements"",""ext.scribunto.logs"",""site"",""mediawiki.page.ready"",""jquery.makeCollapsible"",""mediawiki.toc"",""skins.vector.js"",""ext.centralNotice.geoIP"",""ext.centralNotice.startUp"",""ext.flaggedRevs.advanced"",""ext.gadget.ll-script-loader"",""ext.gadget.veKeepParameters"",""ext.gadget.szablon-galeria"",""ext.gadget.NavFrame"",""ext.gadget.citoid-overrides"",""ext.gadget.maps"",""ext.gadget.padlock-indicators"",""ext.gadget.interwiki-langlist"",""ext.gadget.edit-summaries"",""ext.gadget.edit-first-section"",""ext.gadget.wikibugs"",""ext.gadget.map-toggler"",""ext.gadget.narrowFootnoteColumns"",""ext.gadget.ally-enhance"",""ext.gadget.WDsearch"",""ext.urlShortener.toolbar"",""ext.centralauth.centralautologin"",""ext.popups"",""ext.visualEditor.desktopArticleTarget.init"",""ext.visualEditor.targetLoader"",""ext.echo.centralauth"",""ext.eventLogging"",""ext.wikimediaEvents"",""ext.navigationTiming"",""ext.uls.interface"",""ext.cx.eventlogging.campaigns"",""ext.cx.uls.quick.actions"",""wikibase.client.vector-2022"",""ext.checkUser.clientHints"",""ext.growthExperiments.SuggestedEditSession""];</script>",2023-05-01,2023,2460065.5,721901.5,wikipedia_pl,pl,wydarzen,https://pl.wikipedia.org/wiki/2023,d6b041c440cc29526a9e9266687a6737
124,16.68%  113.836      1 Szablon:Szablon_nawigacyjny,16.68%  113.836      1 Szablon:Szablon_nawigacyjny,2023-05-01,2023,2460065.5,721901.5,wikipedia_pl,pl,wydarzen,https://pl.wikipedia.org/wiki/2023,b923fe1a3d68d6705896c10b281bf81d
125,10.13%   69.156     98 Szablon:Lang,10.13%   69.156     98 Szablon:Lang,2023-05-01,2023,2460065.5,721901.5,wikipedia_pl,pl,wydarzen,https://pl.wikipedia.org/wiki/2023,0342a5c97b45ed1eb29cd31a08887949
126,7.90%   53.897      1 Szablon:Miesiąc,7.90%   53.897      1 Szablon:Miesiąc,2023-05-01,2023,2460065.5,721901.5,wikipedia_pl,pl,wydarzen,https://pl.wikipedia.org/wiki/2023,db04684e6464f6d72e746324936ec3d1
127,6.97%   47.582      1 Szablon:Kalendarz,6.97%   47.582      1 Szablon:Kalendarz,2023-05-01,2023,2460065.5,721901.5,wikipedia_pl,pl,wydarzen,https://pl.wikipedia.org/wiki/2023,8d9b11b4fb6d0f49f2599980d5a8932d
128,3.20%   21.816      1 Szablon:Cytuj,3.20%   21.816      1 Szablon:Cytuj,2023-05-01,2023,2460065.5,721901.5,wikipedia_pl,pl,wydarzen,https://pl.wikipedia.org/wiki/2023,37dd417eba7d6c9e285c9d6227a98efe
129,1.94%   13.233     31 Szablon:Kalendarz/link,1.94%   13.233     31 Szablon:Kalendarz/link,2023-05-01,2023,2460065.5,721901.5,wikipedia_pl,pl,wydarzen,https://pl.wikipedia.org/wiki/2023,0ddadfde395165919899e6e0ddc06b0a
130,"Zobacz szczegółowe informacje o <a class=""external text"" href=""https://foundation.wikimedia.org/wiki","Zobacz szczegółowe informacje o <a class=""external text"" href=""https://foundation.wikimedia.org/wiki/Policy:Terms_of_Use/pl"">warunkach korzystania</a>.</li>",2023-05-01,2023,2460065.5,721901.5,wikipedia_pl,pl,wydarzen,https://pl.wikipedia.org/wiki/2023,3b5255a3abf969cfb1d0490ebfb292c1
517,"class=""vector-toc-list-item vector-toc-level-1 vector-toc-list-item-expanded"">","class=""vector-toc-list-item vector-toc-level-1 vector-toc-list-item-expanded"">",2023-05-01,2023,2460065.5,721901.5,wikipedia_en,en,events,https://en.wikipedia.org/wiki/2023,bb9357894ef351cecbe5beac19941fb7
518,"class=""vector-toc-list-item vector-toc-level-2"">","class=""vector-toc-list-item vector-toc-level-2"">",2023-05-01,2023,2460065.5,721901.5,wikipedia_en,en,events,https://en.wikipedia.org/wiki/2023,22071a8eef32de28995672d6a77b2ce2
519,"Millennium</th></tr><tr><td class=""sidebar-content hlist"">","Millennium</th></tr><tr><td class=""sidebar-content hlist"">",2023-05-01,2023,2460065.5,721901.5,wikipedia_en,en,events,https://en.wikipedia.org/wiki/2023,65efa913c4d1a3c4f452163531ba3e29
520,"Centuries</th></tr><tr><td class=""sidebar-content hlist"">","Centuries</th></tr><tr><td class=""sidebar-content hlist"">",2023-05-01,2023,2460065.5,721901.5,wikipedia_en,en,events,https://en.wikipedia.org/wiki/2023,de8f2c37f592e35769be5e36dfec90df
521,5.04%  116.495      1 Template:Events_by_month_links/box,5.04%  116.495      1 Template:Events_by_month_links/box,2023-05-01,2023,2460065.5,721901.5,wikipedia_en,en,events,https://en.wikipedia.org/wiki/2023,b8776564ce8f7ae8fa544ae963053c5e
522,4.97%  114.690      1 Template:Navbox,4.97%  114.690      1 Template:Navbox,2023-05-01,2023,2460065.5,721901.5,wikipedia_en,en,events,https://en.wikipedia.org/wiki/2023,caa4ef4ef202580cbe1b894e0ae3cc54
523,"additional terms may apply. By using this site, you agree to the <a href=""https://foundation.wikimed","additional terms may apply. By using this site, you agree to the <a href=""https://foundation.wikimedia.org/wiki/Special:MyLanguage/Policy:Terms_of_Use"" class=""extiw"" title=""foundation:Special:MyLanguage/Policy:Terms of Use"">Terms of Use</a> and <a href=""https://foundation.wikimedia.org/wiki/Special:MyLanguage/Policy:Privacy_policy"" class=""extiw"" title=""foundation:Special:MyLanguage/Policy:Privacy policy"">Privacy Policy</a>. Wikipedia® is a registered trademark of the <a rel=""nofollow"" class=""external text"" href=""https://wikimediafoundation.org/"">Wikimedia Foundation, Inc.</a>, a non-profit organization.</li>",2023-05-01,2023,2460065.5,721901.5,wikipedia_en,en,events,https://en.wikipedia.org/wiki/2023,c1fe967c67ede31cf62f5cbc58186d35
732,"| <a href=""/wiki/2030er"" title=""2030er"">2030er</a>&#160;| <a href=""/wiki/2040er"" title=""2040er"">2040","| <a href=""/wiki/2030er"" title=""2030er"">2030er</a>&#160;| <a href=""/wiki/2040er"" title=""2040er"">2040er</a><br />",2023-05-01,2023,2460065.5,721901.5,wikipedia_de,de,ereignis,https://de.wikipedia.org/wiki/2023,e8f77f5c0f1a4b51ed1f5e0c7faa893e
733,"| <a href=""/wiki/2024"" title=""2024"">2024</a>&#160;| <a href=""/wiki/2025"" title=""2025"">2025</a>&#160;","| <a href=""/wiki/2024"" title=""2024"">2024</a>&#160;| <a href=""/wiki/2025"" title=""2025"">2025</a>&#160;| <a href=""/wiki/2026"" title=""2026"">2026</a>&#160;| <a href=""/wiki/2027"" title=""2027"">2027</a>&#160;| <a href=""/wiki/2028"" title=""2028"">►</a><br />",2023-05-01,2023,2460065.5,721901.5,wikipedia_de,de,ereignis,https://de.wikipedia.org/wiki/2023,e96a49a7128773ac0ce7715f17a771c3
857,"class=""vector-toc-list-item vector-toc-level-1 vector-toc-list-item-expanded"">","class=""vector-toc-list-item vector-toc-level-1 vector-toc-list-item-expanded"">",2023-05-01,2023,2460065.5,721901.5,wikipedia_fr,fr,événement,https://fr.wikipedia.org/wiki/2023,09b240516796b0a8a20a85d1e7fc4894
1559,"Earthquake M6.2 - 49 km NE of Anamizu, Japan","Magnitude 6.2 earthquake at 49 km NE of Anamizu, Japan. Depth: Nonekm",2023-05-05,2023,2460069.5,721905.5,usgs_earthquake,en,geological_event,https://earthquake.usgs.gov/earthquakes/eventpage/us6000k9mb,04ef1cf5d51f0b859257aade426421df
1558,"Earthquake M7.6 - 82 km WNW of Hihifo, Tonga","Magnitude 7.6 earthquake at 82 km WNW of Hihifo, Tonga. Depth: Nonekm",2023-05-10,2023,2460074.5,721910.5,usgs_earthquake,en,geological_event,https://earthquake.usgs.gov/earthquakes/eventpage/us6000kawn,cab7f34bc7029ec533ddae8ed27e88af
1557,"Earthquake M6.4 - 8 km SE of Canillá, Guatemala","Magnitude 6.4 earthquake at 8 km SE of Canillá, Guatemala. Depth: Nonekm",2023-05-18,2023,2460082.5,721918.5,usgs_earthquake,en,geological_event,https://earthquake.usgs.gov/earthquakes/eventpage/us6000kcnb,af2e87b1301e771135dfd37a5df1d1dc
1556,Earthquake M7.7 - southeast of the Loyalty Islands,Magnitude 7.7 earthquake at southeast of the Loyalty Islands. Depth: Nonekm,2023-05-19,2023,2460083.5,721919.5,usgs_earthquake,en,geological_event,https://earthquake.usgs.gov/earthquakes/eventpage/us6000kd0n,62894e21017b68b216c5678d07326672
1554,Earthquake M6.5 - southeast of the Loyalty Islands,Magnitude 6.5 earthquake at southeast of the Loyalty Islands. Depth: Nonekm,2023-05-20,2023,2460084.5,721920.5,usgs_earthquake,en,geological_event,https://earthquake.usgs.gov/earthquakes/eventpage/us6000kdcu,48d73b1d3db56472e80524e0d0ea5f55
1555,Earthquake M7.1 - southeast of the Loyalty Islands,Magnitude 7.1 earthquake at southeast of the Loyalty Islands. Depth: Nonekm,2023-05-20,2023,2460084.5,721920.5,usgs_earthquake,en,geological_event,https://earthquake.usgs.gov/earthquakes/eventpage/us6000kdce,6bd12d0b3a7808fadd56eef0fc3b2cc0
1552,"Earthquake M6.1 - 55 km WNW of Kirakira, Solomon Islands","Magnitude 6.1 earthquake at 55 km WNW of Kirakira, Solomon Islands. Depth: Nonekm",2023-05-21,2023,2460085.5,721921.5,usgs_earthquake,en,geological_event,https://earthquake.usgs.gov/earthquakes/eventpage/us6000kdnw,a6ff2ec96450ef0e00db479cb8293d50
1553,Earthquake M6.8 - Prince Edward Islands region,Magnitude 6.8 earthquake at Prince Edward Islands region. Depth: Nonekm,2023-05-21,2023,2460085.5,721921.5,usgs_earthquake,en,geological_event,https://earthquake.usgs.gov/earthquakes/eventpage/us6000kdmq,afd6d88537adde1223304630ddbddb7d
1551,"Earthquake M6.1 - 290 km E of Vao, New Caledonia","Magnitude 6.1 earthquake at 290 km E of Vao, New Caledonia. Depth: Nonekm",2023-05-23,2023,2460087.5,721923.5,usgs_earthquake,en,geological_event,https://earthquake.usgs.gov/earthquakes/eventpage/us7000k36n,50ef82c179846d15dce8435de70e654c
1550,Earthquake M6.2 - Banda Sea,Magnitude 6.2 earthquake at Banda Sea. Depth: Nonekm,2023-05-24,2023,2460088.5,721924.5,usgs_earthquake,en,geological_event,https://earthquake.usgs.gov/earthquakes/eventpage/us7000k3h5,567227a74cff9118f9c4cce6b7bd71e3
1549,"Earthquake M6.5 - 45 km NE of Puerto Obaldía, Panama","Magnitude 6.5 earthquake at 45 km NE of Puerto Obaldía, Panama. Depth: Nonekm",2023-05-25,2023,2460089.5,721925.5,usgs_earthquake,en,geological_event,https://earthquake.usgs.gov/earthquakes/eventpage/us7000k3n3,550601ec3339a52074da21ada7776a55
1548,"Earthquake M6.1 - 12 km SE of Narutō, Japan","Magnitude 6.1 earthquake at 12 km SE of Narutō, Japan. Depth: Nonekm",2023-05-26,2023,2460090.5,721926.5,usgs_earthquake,en,geological_event,https://earthquake.usgs.gov/earthquakes/eventpage/us7000k46f,d7346f3e39aa0b3ebc85cd1d421d0ec3
1546,Earthquake M6 - Tonga,Magnitude 6 earthquake at Tonga. Depth: Nonekm,2023-05-27,2023,2460091.5,721927.5,usgs_earthquake,en,geological_event,https://earthquake.usgs.gov/earthquakes/eventpage/us7000k4dc,37a66d98337650135f3d49cd1883e806
1547,Earthquake M6 - West Chile Rise,Magnitude 6 earthquake at West Chile Rise. Depth: Nonekm,2023-05-27,2023,2460091.5,721927.5,usgs_earthquake,en,geological_event,https://earthquake.usgs.gov/earthquakes/eventpage/us7000k4cr,c14ce239edfbbf2cd52b73725682e8db
1545,"Earthquake M6.3 - Auckland Islands, New Zealand region","Magnitude 6.3 earthquake at Auckland Islands, New Zealand region. Depth: Nonekm",2023-05-31,2023,2460095.5,721931.5,usgs_earthquake,en,geological_event,https://earthquake.usgs.gov/earthquakes/eventpage/us7000k54z,f6f1bc9708d9d14d870de991f13bd23e
131,"RLSTATE={""ext.gadget.wikiflex"":""ready"",""ext.gadget.infobox"":""ready"",""ext.gadget.hlist"":""ready"",""ext.","RLSTATE={""ext.gadget.wikiflex"":""ready"",""ext.gadget.infobox"":""ready"",""ext.gadget.hlist"":""ready"",""ext.gadget.darkmode-overrides"":""ready"",""ext.gadget.small-references"":""ready"",""ext.gadget.citation-access-info"":""ready"",""ext.gadget.sprawdz-problemy-szablony"":""ready"",""ext.globalCssJs.user.styles"":""ready"",""site.styles"":""ready"",""user.styles"":""ready"",""ext.globalCssJs.user"":""ready"",""user"":""ready"",""user.options"":""loading"",""ext.cite.styles"":""ready"",""ext.wikimediamessages.styles"":""ready"",""skins.vector.search.codex.styles"":""ready"",""skins.vector.styles"":""ready"",""skins.vector.icons"":""ready"",""jquery.makeCollapsible.styles"":""ready"",""ext.flaggedRevs.basic"":""ready"",""mediawiki.codex.messagebox.styles"":""ready"",""ext.visualEditor.desktopArticleTarget.noscript"":""ready"",""ext.uls.interlanguage"":""ready"",""wikibase.client.init"":""ready"",""ext.wikimediaBadges"":""ready""};RLPAGEMODULES=[""ext.xLab"",""ext.cite.ux-enhancements"",""ext.scribunto.logs"",""site"",""mediawiki.page.ready"",""jquery.makeCollapsible"",""mediawiki.toc"",""skins.vector.js"",""ext.centralNotice.geoIP"",""ext.centralNotice.startUp"",""ext.flaggedRevs.advanced"",""ext.gadget.ll-script-loader"",""ext.gadget.veKeepParameters"",""ext.gadget.szablon-galeria"",""ext.gadget.NavFrame"",""ext.gadget.citoid-overrides"",""ext.gadget.maps"",""ext.gadget.padlock-indicators"",""ext.gadget.interwiki-langlist"",""ext.gadget.edit-summaries"",""ext.gadget.edit-first-section"",""ext.gadget.wikibugs"",""ext.gadget.map-toggler"",""ext.gadget.narrowFootnoteColumns"",""ext.gadget.ally-enhance"",""ext.gadget.WDsearch"",""ext.urlShortener.toolbar"",""ext.centralauth.centralautologin"",""ext.popups"",""ext.visualEditor.desktopArticleTarget.init"",""ext.visualEditor.targetLoader"",""ext.echo.centralauth"",""ext.eventLogging"",""ext.wikimediaEvents"",""ext.navigationTiming"",""ext.uls.interface"",""ext.cx.eventlogging.campaigns"",""ext.cx.uls.quick.actions"",""wikibase.client.vector-2022"",""ext.checkUser.clientHints"",""ext.growthExperiments.SuggestedEditSession""];</script>",2023-06-01,2023,2460096.5,721932.5,wikipedia_pl,pl,wydarzen,https://pl.wikipedia.org/wiki/2023,24ff5bfb6ac5e9fdbc8f8993c25696c5
132,14.53%   99.093      1 Szablon:Szablon_nawigacyjny,14.53%   99.093      1 Szablon:Szablon_nawigacyjny,2023-06-01,2023,2460096.5,721932.5,wikipedia_pl,pl,wydarzen,https://pl.wikipedia.org/wiki/2023,c7b72a9a218a96a67cbedcc18a623fad
133,9.96%   67.897    116 Szablon:Lang,9.96%   67.897    116 Szablon:Lang,2023-06-01,2023,2460096.5,721932.5,wikipedia_pl,pl,wydarzen,https://pl.wikipedia.org/wiki/2023,5123d806a4ac562cc83f9b24e50bf3b0
134,7.99%   54.486      1 Szablon:Miesiąc,7.99%   54.486      1 Szablon:Miesiąc,2023-06-01,2023,2460096.5,721932.5,wikipedia_pl,pl,wydarzen,https://pl.wikipedia.org/wiki/2023,f3fbe704b705f8300f16cb6f1d70c73a
135,7.24%   49.402      1 Szablon:Kalendarz,7.24%   49.402      1 Szablon:Kalendarz,2023-06-01,2023,2460096.5,721932.5,wikipedia_pl,pl,wydarzen,https://pl.wikipedia.org/wiki/2023,5490d91be74b25af1eedc22182557273
136,5.10%   34.781      2 Szablon:Link-interwiki,5.10%   34.781      2 Szablon:Link-interwiki,2023-06-01,2023,2460096.5,721932.5,wikipedia_pl,pl,wydarzen,https://pl.wikipedia.org/wiki/2023,a2164abbf32275cef609e5e8b8209fe0
137,1.88%   12.839     30 Szablon:Kalendarz/link,1.88%   12.839     30 Szablon:Kalendarz/link,2023-06-01,2023,2460096.5,721932.5,wikipedia_pl,pl,wydarzen,https://pl.wikipedia.org/wiki/2023,155e022fecb7d71032641f4bb7322709
138,"Zobacz szczegółowe informacje o <a class=""external text"" href=""https://foundation.wikimedia.org/wiki","Zobacz szczegółowe informacje o <a class=""external text"" href=""https://foundation.wikimedia.org/wiki/Policy:Terms_of_Use/pl"">warunkach korzystania</a>.</li>",2023-06-01,2023,2460096.5,721932.5,wikipedia_pl,pl,wydarzen,https://pl.wikipedia.org/wiki/2023,86d9c81b926116114c57a639a0427954
524,"class=""vector-toc-list-item vector-toc-level-1 vector-toc-list-item-expanded"">","class=""vector-toc-list-item vector-toc-level-1 vector-toc-list-item-expanded"">",2023-06-01,2023,2460096.5,721932.5,wikipedia_en,en,events,https://en.wikipedia.org/wiki/2023,e3b9123fa3f680bd6a02705d8aae5f3b
525,"class=""vector-toc-list-item vector-toc-level-2"">","class=""vector-toc-list-item vector-toc-level-2"">",2023-06-01,2023,2460096.5,721932.5,wikipedia_en,en,events,https://en.wikipedia.org/wiki/2023,891e4279edc458f8b4ae015ff5a3cdc5
526,"Millennium</th></tr><tr><td class=""sidebar-content hlist"">","Millennium</th></tr><tr><td class=""sidebar-content hlist"">",2023-06-01,2023,2460096.5,721932.5,wikipedia_en,en,events,https://en.wikipedia.org/wiki/2023,0268cf39ed8bc1d05365486861ae1a47
527,"Centuries</th></tr><tr><td class=""sidebar-content hlist"">","Centuries</th></tr><tr><td class=""sidebar-content hlist"">",2023-06-01,2023,2460096.5,721932.5,wikipedia_en,en,events,https://en.wikipedia.org/wiki/2023,a85cdaad19ffc19c3cc137438ce95fb0
528,5.04%  116.495      1 Template:Events_by_month_links/box,5.04%  116.495      1 Template:Events_by_month_links/box,2023-06-01,2023,2460096.5,721932.5,wikipedia_en,en,events,https://en.wikipedia.org/wiki/2023,67d817b874b0a97bfa9a9c26ca9872d2
529,4.97%  114.690      1 Template:Navbox,4.97%  114.690      1 Template:Navbox,2023-06-01,2023,2460096.5,721932.5,wikipedia_en,en,events,https://en.wikipedia.org/wiki/2023,938973ab336dfd9485c99df4d54c8eec
530,"additional terms may apply. By using this site, you agree to the <a href=""https://foundation.wikimed","additional terms may apply. By using this site, you agree to the <a href=""https://foundation.wikimedia.org/wiki/Special:MyLanguage/Policy:Terms_of_Use"" class=""extiw"" title=""foundation:Special:MyLanguage/Policy:Terms of Use"">Terms of Use</a> and <a href=""https://foundation.wikimedia.org/wiki/Special:MyLanguage/Policy:Privacy_policy"" class=""extiw"" title=""foundation:Special:MyLanguage/Policy:Privacy policy"">Privacy Policy</a>. Wikipedia® is a registered trademark of the <a rel=""nofollow"" class=""external text"" href=""https://wikimediafoundation.org/"">Wikimedia Foundation, Inc.</a>, a non-profit organization.</li>",2023-06-01,2023,2460096.5,721932.5,wikipedia_en,en,events,https://en.wikipedia.org/wiki/2023,bc2f2c8ba968ac253d751a0e94c9abfa
734,"| <a href=""/wiki/2030er"" title=""2030er"">2030er</a>&#160;| <a href=""/wiki/2040er"" title=""2040er"">2040","| <a href=""/wiki/2030er"" title=""2030er"">2030er</a>&#160;| <a href=""/wiki/2040er"" title=""2040er"">2040er</a><br />",2023-06-01,2023,2460096.5,721932.5,wikipedia_de,de,ereignis,https://de.wikipedia.org/wiki/2023,cc6283ecab6d59fdfdd2eb970f9a8983
735,"| <a href=""/wiki/2024"" title=""2024"">2024</a>&#160;| <a href=""/wiki/2025"" title=""2025"">2025</a>&#160;","| <a href=""/wiki/2024"" title=""2024"">2024</a>&#160;| <a href=""/wiki/2025"" title=""2025"">2025</a>&#160;| <a href=""/wiki/2026"" title=""2026"">2026</a>&#160;| <a href=""/wiki/2027"" title=""2027"">2027</a>&#160;| <a href=""/wiki/2028"" title=""2028"">►</a><br />",2023-06-01,2023,2460096.5,721932.5,wikipedia_de,de,ereignis,https://de.wikipedia.org/wiki/2023,7d9de1f724de9bc6220e31cc05591815
858,"class=""vector-toc-list-item vector-toc-level-1 vector-toc-list-item-expanded"">","class=""vector-toc-list-item vector-toc-level-1 vector-toc-list-item-expanded"">",2023-06-01,2023,2460096.5,721932.5,wikipedia_fr,fr,événement,https://fr.wikipedia.org/wiki/2023,baabfa143b960a428cf4f97cc6252aa0
1544,"Earthquake M6.2 - 20 km WSW of Biratori, Japan","Magnitude 6.2 earthquake at 20 km WSW of Biratori, Japan. Depth: Nonekm",2023-06-11,2023,2460106.5,721942.5,usgs_earthquake,en,geological_event,https://earthquake.usgs.gov/earthquakes/eventpage/us7000k7su,5a31eb202ab164d99720ef5e610b953d
1542,"Earthquake M7.2 - 274 km SW of Houma, Tonga","Magnitude 7.2 earthquake at 274 km SW of Houma, Tonga. Depth: Nonekm",2023-06-15,2023,2460110.5,721946.5,usgs_earthquake,en,geological_event,https://earthquake.usgs.gov/earthquakes/eventpage/us7000k8qh,a0bcb6e2fdd39b635cca734c3b611cb4
1543,"Earthquake M6.2 - Mindoro, Philippines","Magnitude 6.2 earthquake at Mindoro, Philippines. Depth: Nonekm",2023-06-15,2023,2460110.5,721946.5,usgs_earthquake,en,geological_event,https://earthquake.usgs.gov/earthquakes/eventpage/us7000k8jz,7cc5c5de18d684a6bd2fa73f6010848a
1540,"Earthquake M6.2 - 254 km SSW of ‘Ohonua, Tonga","Magnitude 6.2 earthquake at 254 km SSW of ‘Ohonua, Tonga. Depth: Nonekm",2023-06-16,2023,2460111.5,721947.5,usgs_earthquake,en,geological_event,https://earthquake.usgs.gov/earthquakes/eventpage/us7000k91w,925f318a95d8fd4faf77d9547d3bd139
1541,"Earthquake M6 - 261 km SSW of ‘Ohonua, Tonga","Magnitude 6 earthquake at 261 km SSW of ‘Ohonua, Tonga. Depth: Nonekm",2023-06-16,2023,2460111.5,721947.5,usgs_earthquake,en,geological_event,https://earthquake.usgs.gov/earthquakes/eventpage/us7000k8vq,e9b4dc6a303f35fa45577a58c14b900a
1539,"Earthquake M6.1 - 241 km SSW of ‘Ohonua, Tonga","Magnitude 6.1 earthquake at 241 km SSW of ‘Ohonua, Tonga. Depth: Nonekm",2023-06-17,2023,2460112.5,721948.5,usgs_earthquake,en,geological_event,https://earthquake.usgs.gov/earthquakes/eventpage/us7000k96l,e634fa2773be6f66032388838be32a0a
1537,Earthquake M6 - south of Africa,Magnitude 6 earthquake at south of Africa. Depth: Nonekm,2023-06-18,2023,2460113.5,721949.5,usgs_earthquake,en,geological_event,https://earthquake.usgs.gov/earthquakes/eventpage/us7000k9fi,1e8c79995e466b300ef32c37fe657a7e
1538,Earthquake M6.4 - Gulf of California,Magnitude 6.4 earthquake at Gulf of California. Depth: Nonekm,2023-06-18,2023,2460113.5,721949.5,usgs_earthquake,en,geological_event,https://earthquake.usgs.gov/earthquakes/eventpage/us7000k9f0,53d289e309d031952bca0430bb2c4f6f
1536,"Earthquake M6.2 - 96 km ESE of Angoram, Papua New Guinea","Magnitude 6.2 earthquake at 96 km ESE of Angoram, Papua New Guinea. Depth: Nonekm",2023-06-19,2023,2460114.5,721950.5,usgs_earthquake,en,geological_event,https://earthquake.usgs.gov/earthquakes/eventpage/us7000k9jv,6700f5e8dce0b3c0abec778b25b8339d
1535,Earthquake M6.2 - south of Tonga,Magnitude 6.2 earthquake at south of Tonga. Depth: Nonekm,2023-06-25,2023,2460120.5,721956.5,usgs_earthquake,en,geological_event,https://earthquake.usgs.gov/earthquakes/eventpage/us7000kayb,94eae485a8ac1a1f5e14df8d16def8ce
139,"RLSTATE={""ext.gadget.wikiflex"":""ready"",""ext.gadget.infobox"":""ready"",""ext.gadget.hlist"":""ready"",""ext.","RLSTATE={""ext.gadget.wikiflex"":""ready"",""ext.gadget.infobox"":""ready"",""ext.gadget.hlist"":""ready"",""ext.gadget.darkmode-overrides"":""ready"",""ext.gadget.small-references"":""ready"",""ext.gadget.citation-access-info"":""ready"",""ext.gadget.sprawdz-problemy-szablony"":""ready"",""ext.globalCssJs.user.styles"":""ready"",""site.styles"":""ready"",""user.styles"":""ready"",""ext.globalCssJs.user"":""ready"",""user"":""ready"",""user.options"":""loading"",""ext.cite.styles"":""ready"",""ext.wikimediamessages.styles"":""ready"",""skins.vector.search.codex.styles"":""ready"",""skins.vector.styles"":""ready"",""skins.vector.icons"":""ready"",""jquery.makeCollapsible.styles"":""ready"",""ext.flaggedRevs.basic"":""ready"",""mediawiki.codex.messagebox.styles"":""ready"",""ext.visualEditor.desktopArticleTarget.noscript"":""ready"",""ext.uls.interlanguage"":""ready"",""wikibase.client.init"":""ready"",""ext.wikimediaBadges"":""ready""};RLPAGEMODULES=[""ext.xLab"",""ext.cite.ux-enhancements"",""ext.scribunto.logs"",""site"",""mediawiki.page.ready"",""jquery.makeCollapsible"",""mediawiki.toc"",""skins.vector.js"",""ext.centralNotice.geoIP"",""ext.centralNotice.startUp"",""ext.flaggedRevs.advanced"",""ext.gadget.ll-script-loader"",""ext.gadget.veKeepParameters"",""ext.gadget.szablon-galeria"",""ext.gadget.NavFrame"",""ext.gadget.citoid-overrides"",""ext.gadget.maps"",""ext.gadget.padlock-indicators"",""ext.gadget.interwiki-langlist"",""ext.gadget.edit-summaries"",""ext.gadget.edit-first-section"",""ext.gadget.wikibugs"",""ext.gadget.map-toggler"",""ext.gadget.narrowFootnoteColumns"",""ext.gadget.ally-enhance"",""ext.gadget.WDsearch"",""ext.urlShortener.toolbar"",""ext.centralauth.centralautologin"",""ext.popups"",""ext.visualEditor.desktopArticleTarget.init"",""ext.visualEditor.targetLoader"",""ext.echo.centralauth"",""ext.eventLogging"",""ext.wikimediaEvents"",""ext.navigationTiming"",""ext.uls.interface"",""ext.cx.eventlogging.campaigns"",""ext.cx.uls.quick.actions"",""wikibase.client.vector-2022"",""ext.checkUser.clientHints"",""ext.growthExperiments.SuggestedEditSession""];</script>",2023-07-01,2023,2460126.5,721962.5,wikipedia_pl,pl,wydarzen,https://pl.wikipedia.org/wiki/2023,e78d5a68da89a007d9b767d52156b7f3
140,6.66%   97.266      1 Szablon:Szablon_nawigacyjny,6.66%   97.266      1 Szablon:Szablon_nawigacyjny,2023-07-01,2023,2460126.5,721962.5,wikipedia_pl,pl,wydarzen,https://pl.wikipedia.org/wiki/2023,51d24ff458c3bca62f47a4e381bafba3
141,3.65%   53.345      1 Szablon:Miesiąc,3.65%   53.345      1 Szablon:Miesiąc,2023-07-01,2023,2460126.5,721962.5,wikipedia_pl,pl,wydarzen,https://pl.wikipedia.org/wiki/2023,7524b72b05b8d75afe577287803686d8
142,3.26%   47.667      1 Szablon:Kalendarz,3.26%   47.667      1 Szablon:Kalendarz,2023-07-01,2023,2460126.5,721962.5,wikipedia_pl,pl,wydarzen,https://pl.wikipedia.org/wiki/2023,d04dd74c3dd6cfda20dd5f9b86803d27
143,1.26%   18.368      1 Szablon:Cytuj,1.26%   18.368      1 Szablon:Cytuj,2023-07-01,2023,2460126.5,721962.5,wikipedia_pl,pl,wydarzen,https://pl.wikipedia.org/wiki/2023,1f2541775c579702f37dacb152d1a268
144,0.87%   12.758     31 Szablon:Kalendarz/link,0.87%   12.758     31 Szablon:Kalendarz/link,2023-07-01,2023,2460126.5,721962.5,wikipedia_pl,pl,wydarzen,https://pl.wikipedia.org/wiki/2023,f25f430e7a0c739b9e8a00cae665d76c
145,"Zobacz szczegółowe informacje o <a class=""external text"" href=""https://foundation.wikimedia.org/wiki","Zobacz szczegółowe informacje o <a class=""external text"" href=""https://foundation.wikimedia.org/wiki/Policy:Terms_of_Use/pl"">warunkach korzystania</a>.</li>",2023-07-01,2023,2460126.5,721962.5,wikipedia_pl,pl,wydarzen,https://pl.wikipedia.org/wiki/2023,84233a3cc2c8b66736cf11f557c60c3e
531,"class=""vector-toc-list-item vector-toc-level-1 vector-toc-list-item-expanded"">","class=""vector-toc-list-item vector-toc-level-1 vector-toc-list-item-expanded"">",2023-07-01,2023,2460126.5,721962.5,wikipedia_en,en,events,https://en.wikipedia.org/wiki/2023,84d027f4f1f42a109a952084a5ae8ea5
532,"class=""vector-toc-list-item vector-toc-level-2"">","class=""vector-toc-list-item vector-toc-level-2"">",2023-07-01,2023,2460126.5,721962.5,wikipedia_en,en,events,https://en.wikipedia.org/wiki/2023,c8ed479e73d4e04196fc016340178a18
533,"Millennium</th></tr><tr><td class=""sidebar-content hlist"">","Millennium</th></tr><tr><td class=""sidebar-content hlist"">",2023-07-01,2023,2460126.5,721962.5,wikipedia_en,en,events,https://en.wikipedia.org/wiki/2023,df3d9fdb2b0b2cc630165debeeda147f
534,"Centuries</th></tr><tr><td class=""sidebar-content hlist"">","Centuries</th></tr><tr><td class=""sidebar-content hlist"">",2023-07-01,2023,2460126.5,721962.5,wikipedia_en,en,events,https://en.wikipedia.org/wiki/2023,a4b35029c64a90b5cae469beb6e2c225
535,5.04%  116.495      1 Template:Events_by_month_links/box,5.04%  116.495      1 Template:Events_by_month_links/box,2023-07-01,2023,2460126.5,721962.5,wikipedia_en,en,events,https://en.wikipedia.org/wiki/2023,af803d006548f1847547ad02d679a7ca
536,4.97%  114.690      1 Template:Navbox,4.97%  114.690      1 Template:Navbox,2023-07-01,2023,2460126.5,721962.5,wikipedia_en,en,events,https://en.wikipedia.org/wiki/2023,37c0f9f9e04bd7aa02a4956fac9963c4
537,"additional terms may apply. By using this site, you agree to the <a href=""https://foundation.wikimed","additional terms may apply. By using this site, you agree to the <a href=""https://foundation.wikimedia.org/wiki/Special:MyLanguage/Policy:Terms_of_Use"" class=""extiw"" title=""foundation:Special:MyLanguage/Policy:Terms of Use"">Terms of Use</a> and <a href=""https://foundation.wikimedia.org/wiki/Special:MyLanguage/Policy:Privacy_policy"" class=""extiw"" title=""foundation:Special:MyLanguage/Policy:Privacy policy"">Privacy Policy</a>. Wikipedia® is a registered trademark of the <a rel=""nofollow"" class=""external text"" href=""https://wikimediafoundation.org/"">Wikimedia Foundation, Inc.</a>, a non-profit organization.</li>",2023-07-01,2023,2460126.5,721962.5,wikipedia_en,en,events,https://en.wikipedia.org/wiki/2023,1cc22291009eef8531e81987dcd4b886
736,"| <a href=""/wiki/2030er"" title=""2030er"">2030er</a>&#160;| <a href=""/wiki/2040er"" title=""2040er"">2040","| <a href=""/wiki/2030er"" title=""2030er"">2030er</a>&#160;| <a href=""/wiki/2040er"" title=""2040er"">2040er</a><br />",2023-07-01,2023,2460126.5,721962.5,wikipedia_de,de,ereignis,https://de.wikipedia.org/wiki/2023,ceff279f449302dcd06264adc588020c
737,"| <a href=""/wiki/2024"" title=""2024"">2024</a>&#160;| <a href=""/wiki/2025"" title=""2025"">2025</a>&#160;","| <a href=""/wiki/2024"" title=""2024"">2024</a>&#160;| <a href=""/wiki/2025"" title=""2025"">2025</a>&#160;| <a href=""/wiki/2026"" title=""2026"">2026</a>&#160;| <a href=""/wiki/2027"" title=""2027"">2027</a>&#160;| <a href=""/wiki/2028"" title=""2028"">►</a><br />",2023-07-01,2023,2460126.5,721962.5,wikipedia_de,de,ereignis,https://de.wikipedia.org/wiki/2023,0ed2930492919fa7d0e92d12658aa495
859,"class=""vector-toc-list-item vector-toc-level-1 vector-toc-list-item-expanded"">","class=""vector-toc-list-item vector-toc-level-1 vector-toc-list-item-expanded"">",2023-07-01,2023,2460126.5,721962.5,wikipedia_fr,fr,événement,https://fr.wikipedia.org/wiki/2023,e09826a720244ab29a079bcb451fb099
1534,"Earthquake M6.9 - 132 km NW of Neiafu, Tonga","Magnitude 6.9 earthquake at 132 km NW of Neiafu, Tonga. Depth: Nonekm",2023-07-02,2023,2460127.5,721963.5,usgs_earthquake,en,geological_event,https://earthquake.usgs.gov/earthquakes/eventpage/us6000kpls,765b03003a9a9ab893243a53d638c058
1533,"Earthquake M6.6 - 278 km NNE of Codrington, Antigua and Barbuda","Magnitude 6.6 earthquake at 278 km NNE of Codrington, Antigua and Barbuda. Depth: Nonekm",2023-07-10,2023,2460135.5,721971.5,usgs_earthquake,en,geological_event,https://earthquake.usgs.gov/earthquakes/eventpage/us7000keq3,0cf4f792913608153372aca6aeb18764
1532,"Earthquake M6.3 - Offshore Chiapas, Mexico","Magnitude 6.3 earthquake at Offshore Chiapas, Mexico. Depth: Nonekm",2023-07-14,2023,2460139.5,721975.5,usgs_earthquake,en,geological_event,https://earthquake.usgs.gov/earthquakes/eventpage/us7000kfnc,77cd73f326aef72f836a6b5b91571723
1531,"Earthquake M7.2 - 2023 Sand Point, Alaska Earthquake","Magnitude 7.2 earthquake at 2023 Sand Point, Alaska Earthquake. Depth: Nonekm",2023-07-16,2023,2460141.5,721977.5,usgs_earthquake,en,geological_event,https://earthquake.usgs.gov/earthquakes/eventpage/us7000kg30,005e3a8f2573c2efeba70ac69c2416af
1530,"Earthquake M6.6 - 19 km SE of Loncopué, Argentina","Magnitude 6.6 earthquake at 19 km SE of Loncopué, Argentina. Depth: Nonekm",2023-07-17,2023,2460142.5,721978.5,usgs_earthquake,en,geological_event,https://earthquake.usgs.gov/earthquakes/eventpage/us7000kg9g,b917eb37d2610fe9fdd348ab28b54166
1065,The History of Moral Certainty as the Pre-History of Typicality,"This paper investigates the historical origin and ancestors of typicality,
which is now a central concept in Boltzmannian Statistical Mechanics and
Bohmian Mechanics. Although Ludwig Boltzmann did not use the word typicality,
its main idea, namely, that something happens almost always or is valid for
almost all cases, plays a crucial role for his explanation of how thermodynamic
systems approach equilibrium. At the beginning of the 20th century, the focus
on almost always or almost everywhere was fruitful for developing measure
theory and probability theory. It was apparently Hugh Everett III who first
mentioned typicality in physics in 1957 while searching for a justification of
the Born rule in his interpretation of quantum mechanics. The historically
closest concept before these developments is moral certainty, which was
invented by the medieval French theologian Jean Gerson, and it became a
standard concept at least until the Age of Enlightenment, when Jakob Bernoulli
proved the Law of Large numbers.",2023-07-19,2023,2460144.5,721980.5,arxiv,en,scientific_paper,http://arxiv.org/abs/2307.09899v1,70910ebc01b8e7e9d75418dcefdd9e78
1529,"Earthquake M6.5 - 43 km S of Intipucá, El Salvador","Magnitude 6.5 earthquake at 43 km S of Intipucá, El Salvador. Depth: Nonekm",2023-07-19,2023,2460144.5,721980.5,usgs_earthquake,en,geological_event,https://earthquake.usgs.gov/earthquakes/eventpage/us7000kgpb,f19668e4c56fc72a786b0bdd646ee946
1063,"On complemented, uniquely complemented and uniquely complemented
  nondistributive lattices (a historical and epistemological note about a
  mathematical mystery)","Complemented lattices and uniquely complemented lattices are very important,
not only in mathematics, but also in physics, biology, and even in social
sciences. They have been investigated for a long time, especially by
Huntington, Birkhoff, Dilworth and others. And yet, on some of these structures
- namely, uniquely complemented nondistributive lattices -, despite the many
existing articles concerning them, we basically know very little. In this
article, we situate these lattest structures in the context of complemented and
uniquely complemented lattices, offering a general overview of the links
between these lattices and others, close to them, such as the orthocomplemented
lattices of physics as well as various other partially ordered sets. We finally
show how uniquely complemented nondistributive lattices have been constructed
with the technique of free lattices.",2023-07-23,2023,2460148.5,721984.5,arxiv,en,scientific_paper,http://arxiv.org/abs/2308.04506v1,45a3f46ae647bc3a3b2f12d92f0d1e89
1528,"Earthquake M6 - 665 km S of Suva, Fiji","Magnitude 6 earthquake at 665 km S of Suva, Fiji. Depth: Nonekm",2023-07-24,2023,2460149.5,721985.5,usgs_earthquake,en,geological_event,https://earthquake.usgs.gov/earthquakes/eventpage/us7000khw8,32947a604506d5954cb8c1269c8c3bc3
1527,"Earthquake M6.4 - 96 km ENE of Port-Olry, Vanuatu","Magnitude 6.4 earthquake at 96 km ENE of Port-Olry, Vanuatu. Depth: Nonekm",2023-07-26,2023,2460151.5,721987.5,usgs_earthquake,en,geological_event,https://earthquake.usgs.gov/earthquakes/eventpage/us6000kvmq,b45914a22ef09184af1ea33a3a4d573c
146,"RLSTATE={""ext.gadget.wikiflex"":""ready"",""ext.gadget.infobox"":""ready"",""ext.gadget.hlist"":""ready"",""ext.","RLSTATE={""ext.gadget.wikiflex"":""ready"",""ext.gadget.infobox"":""ready"",""ext.gadget.hlist"":""ready"",""ext.gadget.darkmode-overrides"":""ready"",""ext.gadget.small-references"":""ready"",""ext.gadget.citation-access-info"":""ready"",""ext.gadget.sprawdz-problemy-szablony"":""ready"",""ext.globalCssJs.user.styles"":""ready"",""site.styles"":""ready"",""user.styles"":""ready"",""ext.globalCssJs.user"":""ready"",""user"":""ready"",""user.options"":""loading"",""ext.cite.styles"":""ready"",""ext.wikimediamessages.styles"":""ready"",""skins.vector.search.codex.styles"":""ready"",""skins.vector.styles"":""ready"",""skins.vector.icons"":""ready"",""jquery.makeCollapsible.styles"":""ready"",""ext.flaggedRevs.basic"":""ready"",""mediawiki.codex.messagebox.styles"":""ready"",""ext.visualEditor.desktopArticleTarget.noscript"":""ready"",""ext.uls.interlanguage"":""ready"",""wikibase.client.init"":""ready""};RLPAGEMODULES=[""ext.xLab"",""ext.cite.ux-enhancements"",""ext.scribunto.logs"",""site"",""mediawiki.page.ready"",""jquery.makeCollapsible"",""mediawiki.toc"",""skins.vector.js"",""ext.centralNotice.geoIP"",""ext.centralNotice.startUp"",""ext.flaggedRevs.advanced"",""ext.gadget.ll-script-loader"",""ext.gadget.veKeepParameters"",""ext.gadget.szablon-galeria"",""ext.gadget.NavFrame"",""ext.gadget.citoid-overrides"",""ext.gadget.maps"",""ext.gadget.padlock-indicators"",""ext.gadget.interwiki-langlist"",""ext.gadget.edit-summaries"",""ext.gadget.edit-first-section"",""ext.gadget.wikibugs"",""ext.gadget.map-toggler"",""ext.gadget.narrowFootnoteColumns"",""ext.gadget.ally-enhance"",""ext.gadget.WDsearch"",""ext.urlShortener.toolbar"",""ext.centralauth.centralautologin"",""ext.popups"",""ext.visualEditor.desktopArticleTarget.init"",""ext.visualEditor.targetLoader"",""ext.echo.centralauth"",""ext.eventLogging"",""ext.wikimediaEvents"",""ext.navigationTiming"",""ext.uls.interface"",""ext.cx.eventlogging.campaigns"",""ext.cx.uls.quick.actions"",""wikibase.client.vector-2022"",""ext.checkUser.clientHints"",""ext.growthExperiments.SuggestedEditSession""];</script>",2023-08-01,2023,2460157.5,721993.5,wikipedia_pl,pl,wydarzen,https://pl.wikipedia.org/wiki/2023,338b4652e77e4f9745828a6f68cb2f58
147,17.28%  175.802      1 Szablon:Szablon_nawigacyjny,17.28%  175.802      1 Szablon:Szablon_nawigacyjny,2023-08-01,2023,2460157.5,721993.5,wikipedia_pl,pl,wydarzen,https://pl.wikipedia.org/wiki/2023,cb0eb1ed91772df451ef3b4e25a73c58
148,9.77%   99.422    142 Szablon:Lang,9.77%   99.422    142 Szablon:Lang,2023-08-01,2023,2460157.5,721993.5,wikipedia_pl,pl,wydarzen,https://pl.wikipedia.org/wiki/2023,7374dd662edf20824967f92fe0706545
149,5.40%   54.914      1 Szablon:Miesiąc,5.40%   54.914      1 Szablon:Miesiąc,2023-08-01,2023,2460157.5,721993.5,wikipedia_pl,pl,wydarzen,https://pl.wikipedia.org/wiki/2023,19baa6a2b9b3b167455055eefc518de4
150,4.95%   50.384      1 Szablon:Kalendarz,4.95%   50.384      1 Szablon:Kalendarz,2023-08-01,2023,2460157.5,721993.5,wikipedia_pl,pl,wydarzen,https://pl.wikipedia.org/wiki/2023,710fc55b2c13380f922460332896f218
151,2.29%   23.256      1 Szablon:Cytuj,2.29%   23.256      1 Szablon:Cytuj,2023-08-01,2023,2460157.5,721993.5,wikipedia_pl,pl,wydarzen,https://pl.wikipedia.org/wiki/2023,d28c22650fc1a25071dc38c420fbfbfd
152,1.36%   13.872     31 Szablon:Kalendarz/link,1.36%   13.872     31 Szablon:Kalendarz/link,2023-08-01,2023,2460157.5,721993.5,wikipedia_pl,pl,wydarzen,https://pl.wikipedia.org/wiki/2023,7f28ae28fdc6f5d76bf3eec7e96a9057
153,"Zobacz szczegółowe informacje o <a class=""external text"" href=""https://foundation.wikimedia.org/wiki","Zobacz szczegółowe informacje o <a class=""external text"" href=""https://foundation.wikimedia.org/wiki/Policy:Terms_of_Use/pl"">warunkach korzystania</a>.</li>",2023-08-01,2023,2460157.5,721993.5,wikipedia_pl,pl,wydarzen,https://pl.wikipedia.org/wiki/2023,764d7451611b12e572c33a66e78bf1c3
538,"class=""vector-toc-list-item vector-toc-level-1 vector-toc-list-item-expanded"">","class=""vector-toc-list-item vector-toc-level-1 vector-toc-list-item-expanded"">",2023-08-01,2023,2460157.5,721993.5,wikipedia_en,en,events,https://en.wikipedia.org/wiki/2023,aefa7835e0400ba2e8f35a94707716ac
539,"class=""vector-toc-list-item vector-toc-level-2"">","class=""vector-toc-list-item vector-toc-level-2"">",2023-08-01,2023,2460157.5,721993.5,wikipedia_en,en,events,https://en.wikipedia.org/wiki/2023,5027b8a698a7743e375b8e2f7572833c
540,"Millennium</th></tr><tr><td class=""sidebar-content hlist"">","Millennium</th></tr><tr><td class=""sidebar-content hlist"">",2023-08-01,2023,2460157.5,721993.5,wikipedia_en,en,events,https://en.wikipedia.org/wiki/2023,d619ea3892b9230533a1b9ba8685c117
541,"Centuries</th></tr><tr><td class=""sidebar-content hlist"">","Centuries</th></tr><tr><td class=""sidebar-content hlist"">",2023-08-01,2023,2460157.5,721993.5,wikipedia_en,en,events,https://en.wikipedia.org/wiki/2023,bc6ff54a2604fea38624c10152581cc0
542,5.04%  116.495      1 Template:Events_by_month_links/box,5.04%  116.495      1 Template:Events_by_month_links/box,2023-08-01,2023,2460157.5,721993.5,wikipedia_en,en,events,https://en.wikipedia.org/wiki/2023,eab1cef82044d544ace4eb9d7ee712ab
543,4.97%  114.690      1 Template:Navbox,4.97%  114.690      1 Template:Navbox,2023-08-01,2023,2460157.5,721993.5,wikipedia_en,en,events,https://en.wikipedia.org/wiki/2023,23f87dad34e1bf9d874f9309e522b8a8
544,"additional terms may apply. By using this site, you agree to the <a href=""https://foundation.wikimed","additional terms may apply. By using this site, you agree to the <a href=""https://foundation.wikimedia.org/wiki/Special:MyLanguage/Policy:Terms_of_Use"" class=""extiw"" title=""foundation:Special:MyLanguage/Policy:Terms of Use"">Terms of Use</a> and <a href=""https://foundation.wikimedia.org/wiki/Special:MyLanguage/Policy:Privacy_policy"" class=""extiw"" title=""foundation:Special:MyLanguage/Policy:Privacy policy"">Privacy Policy</a>. Wikipedia® is a registered trademark of the <a rel=""nofollow"" class=""external text"" href=""https://wikimediafoundation.org/"">Wikimedia Foundation, Inc.</a>, a non-profit organization.</li>",2023-08-01,2023,2460157.5,721993.5,wikipedia_en,en,events,https://en.wikipedia.org/wiki/2023,b79ab88e84993e07ab0c8b362c8038b2
738,"| <a href=""/wiki/2030er"" title=""2030er"">2030er</a>&#160;| <a href=""/wiki/2040er"" title=""2040er"">2040","| <a href=""/wiki/2030er"" title=""2030er"">2030er</a>&#160;| <a href=""/wiki/2040er"" title=""2040er"">2040er</a><br />",2023-08-01,2023,2460157.5,721993.5,wikipedia_de,de,ereignis,https://de.wikipedia.org/wiki/2023,2aafee5d185e8610f51d0d7389a2d184
739,"| <a href=""/wiki/2024"" title=""2024"">2024</a>&#160;| <a href=""/wiki/2025"" title=""2025"">2025</a>&#160;","| <a href=""/wiki/2024"" title=""2024"">2024</a>&#160;| <a href=""/wiki/2025"" title=""2025"">2025</a>&#160;| <a href=""/wiki/2026"" title=""2026"">2026</a>&#160;| <a href=""/wiki/2027"" title=""2027"">2027</a>&#160;| <a href=""/wiki/2028"" title=""2028"">►</a><br />",2023-08-01,2023,2460157.5,721993.5,wikipedia_de,de,ereignis,https://de.wikipedia.org/wiki/2023,33710c2ebfd067c26e4e2b5ee5fe643e
860,"class=""vector-toc-list-item vector-toc-level-1 vector-toc-list-item-expanded"">","class=""vector-toc-list-item vector-toc-level-1 vector-toc-list-item-expanded"">",2023-08-01,2023,2460157.5,721993.5,wikipedia_fr,fr,événement,https://fr.wikipedia.org/wiki/2023,e93b5532aafc29bd1cd35bf9929e71b0
1526,"Earthquake M6.2 - Santiago del Estero, Argentina","Magnitude 6.2 earthquake at Santiago del Estero, Argentina. Depth: Nonekm",2023-08-05,2023,2460161.5,721997.5,usgs_earthquake,en,geological_event,https://earthquake.usgs.gov/earthquakes/eventpage/us6000ky1y,d005e0f47bfb3d6b9020ff95978fb04c
1525,"Earthquake M6.1 - 105 km NE of Hihifo, Tonga","Magnitude 6.1 earthquake at 105 km NE of Hihifo, Tonga. Depth: Nonekm",2023-08-08,2023,2460164.5,722000.5,usgs_earthquake,en,geological_event,https://earthquake.usgs.gov/earthquakes/eventpage/us6000kyph,03665b559b070d23d1761e6df8c39c6f
1523,Earthquake M6.1 - Mariana Islands region,Magnitude 6.1 earthquake at Mariana Islands region. Depth: Nonekm,2023-08-14,2023,2460170.5,722006.5,usgs_earthquake,en,geological_event,https://earthquake.usgs.gov/earthquakes/eventpage/us6000kzv3,69087e40bd8880f5fa06799a69bdffb7
1524,Earthquake M6 - Prince Edward Islands region,Magnitude 6 earthquake at Prince Edward Islands region. Depth: Nonekm,2023-08-14,2023,2460170.5,722006.5,usgs_earthquake,en,geological_event,https://earthquake.usgs.gov/earthquakes/eventpage/us6000kztr,6f9b96f33ca1b69ba872ee691c8aed56
1522,"Earthquake M6.5 - 35 km W of Sola, Vanuatu","Magnitude 6.5 earthquake at 35 km W of Sola, Vanuatu. Depth: Nonekm",2023-08-16,2023,2460172.5,722008.5,usgs_earthquake,en,geological_event,https://earthquake.usgs.gov/earthquakes/eventpage/us7000knq0,3e946b75330476c324b9f64c487d7f43
1520,"Earthquake M6.1 - 10 km E of El Calvario, Colombia","Magnitude 6.1 earthquake at 10 km E of El Calvario, Colombia. Depth: Nonekm",2023-08-17,2023,2460173.5,722009.5,usgs_earthquake,en,geological_event,https://earthquake.usgs.gov/earthquakes/eventpage/us7000kp2i,2b0e7e4c1bfc836b3a5965c2de5a1cf2
1521,Earthquake M6 - central Mid-Atlantic Ridge,Magnitude 6 earthquake at central Mid-Atlantic Ridge. Depth: Nonekm,2023-08-17,2023,2460173.5,722009.5,usgs_earthquake,en,geological_event,https://earthquake.usgs.gov/earthquakes/eventpage/us7000kp2g,ac49f963f788a6a7a310c75a897c06a3
1062,"Astronomy of the Earth-Moon system and the Eschatological Expectations
  of the Christian Historians of the 5th century CE","This is a historian's view of how modern astronomy data can be used to
discuss the shifting historical worldview of Late Antiquity. In this article an
attemp is made to construct an approximate model of how the cycles of
astronomical bodies' visible rotation aaffected the writing of history and
self-representation of the Roman empire's powerful people. It is argued that
while rare outstanding events like solar eclipses might have caused a short
stir in the minds of the rulers and their environment, long-term cycles based
on the synchronization of the Moon's phases with the solar calendar and the
cycles of the planets lining up in the same disposition (in relationship to the
Moon or without this relationship) were the foundation of astronomy-based
Christian chronological system. The emergence of the Christian historical
worldview in the 5th century was marked by appearance of a significant
eschatological strain in it. Historians paid attention not only to the
theology-defined signs of the end of the world, but also, as it has been
suggested in modern studies, to the some outstanding celestial phenomena. In
this paper I would like to address several criteria which may help understand
what in the celestial motions interested the astronomers and historians of the
5th century. This paper uses the first approximation of astronomical data for
solving the problem of how relevant the skies were for historians, although all
numeric parameters are taken from the up-to-date astronomy reference
publications. It is an attempt to understand whether the very basic
approximations can be related to what historians know from the array of sources
available to them. The analysis suggests that there is a whole array of
occasions when the dates of astronomical events, received with the help of
these basic approximations, coincide with the data from historical sources.",2023-08-19,2023,2460175.5,722011.5,arxiv,en,scientific_paper,http://arxiv.org/abs/2310.05931v1,4bdcc722a23d56d37d53eb7b8536959a
1061,Margherita Hack's Astrophysics at the Asiago Astrophysical Observatory,"Margherita Hack observed with the Galileo telescope at the Asiago
Astrophysical Observatory from September 1951 to March 1954. Using the
spectroscopic facilities of the observatory, Margherita contributed to the
stellar study of novae, symbiotic stars, and peculiar stars. In the 80th
anniversary of the Asiago Astrophysical Observatory and the 100th year of
Margherita, we found her observations in the Asiago Photographic Plate Archive
and we remade some Margherita's observations with the current capabilities of
Asiago telescopes. We present here a summary of the early studies carried out
by Margherita with the Galileo telescope. We underline the importance of
maintaining a well-organised plate archive to allow historical and scientifi c
studies.",2023-08-22,2023,2460178.5,722014.5,arxiv,en,scientific_paper,http://arxiv.org/abs/2308.11342v2,9184dd05388cdb62d670342d5af3aa09
1060,Between understanding and control: Science as a cultural product,"Since the early days of humankind, people have been asking questions about
Nature of two kinds: why did that happen? And how can that be used? In a broad
sense, science was born that day. We show indeed that science has two
complementary and interdependent souls that aim, respectively, to how to
understand and how to control Nature. Through a broad historical analysis, this
essay aims to (1) give an account of the development of science as an
oscillation and an interplay between its two intrinsic natures, (2) demonstrate
that this happened already in ancient times starting from the 6th century BC,
and (3) the fact that in different periods one of the two natures was largely
favored over the other is a consequence of science being a cultural product of
the different social-historical contexts.",2023-08-23,2023,2460179.5,722015.5,arxiv,en,scientific_paper,http://arxiv.org/abs/2308.12461v1,495eb7cffb7642fd6ca959a80b1a0289
1519,"Earthquake M6.2 - 17 km NNW of El Hoyo, Argentina","Magnitude 6.2 earthquake at 17 km NNW of El Hoyo, Argentina. Depth: Nonekm",2023-08-23,2023,2460179.5,722015.5,usgs_earthquake,en,geological_event,https://earthquake.usgs.gov/earthquakes/eventpage/us7000kqbl,9422055461d8841ab2b75fde5a157645
1518,"Earthquake M7.1 - 180 km NNE of Gili Air, Indonesia","Magnitude 7.1 earthquake at 180 km NNE of Gili Air, Indonesia. Depth: Nonekm",2023-08-28,2023,2460184.5,722020.5,usgs_earthquake,en,geological_event,https://earthquake.usgs.gov/earthquakes/eventpage/us7000krjx,95adb0f24fa1cdb958f64e7280ba6a64
154,"RLSTATE={""ext.gadget.wikiflex"":""ready"",""ext.gadget.infobox"":""ready"",""ext.gadget.hlist"":""ready"",""ext.","RLSTATE={""ext.gadget.wikiflex"":""ready"",""ext.gadget.infobox"":""ready"",""ext.gadget.hlist"":""ready"",""ext.gadget.darkmode-overrides"":""ready"",""ext.gadget.small-references"":""ready"",""ext.gadget.citation-access-info"":""ready"",""ext.gadget.sprawdz-problemy-szablony"":""ready"",""ext.globalCssJs.user.styles"":""ready"",""site.styles"":""ready"",""user.styles"":""ready"",""ext.globalCssJs.user"":""ready"",""user"":""ready"",""user.options"":""loading"",""ext.cite.styles"":""ready"",""ext.wikimediamessages.styles"":""ready"",""skins.vector.search.codex.styles"":""ready"",""skins.vector.styles"":""ready"",""skins.vector.icons"":""ready"",""jquery.makeCollapsible.styles"":""ready"",""ext.flaggedRevs.basic"":""ready"",""mediawiki.codex.messagebox.styles"":""ready"",""ext.visualEditor.desktopArticleTarget.noscript"":""ready"",""ext.uls.interlanguage"":""ready"",""wikibase.client.init"":""ready"",""ext.wikimediaBadges"":""ready""};RLPAGEMODULES=[""ext.xLab"",""ext.cite.ux-enhancements"",""ext.scribunto.logs"",""site"",""mediawiki.page.ready"",""jquery.makeCollapsible"",""mediawiki.toc"",""skins.vector.js"",""ext.centralNotice.geoIP"",""ext.centralNotice.startUp"",""ext.flaggedRevs.advanced"",""ext.gadget.ll-script-loader"",""ext.gadget.veKeepParameters"",""ext.gadget.szablon-galeria"",""ext.gadget.NavFrame"",""ext.gadget.citoid-overrides"",""ext.gadget.maps"",""ext.gadget.padlock-indicators"",""ext.gadget.interwiki-langlist"",""ext.gadget.edit-summaries"",""ext.gadget.edit-first-section"",""ext.gadget.wikibugs"",""ext.gadget.map-toggler"",""ext.gadget.narrowFootnoteColumns"",""ext.gadget.ally-enhance"",""ext.gadget.WDsearch"",""ext.urlShortener.toolbar"",""ext.centralauth.centralautologin"",""ext.popups"",""ext.visualEditor.desktopArticleTarget.init"",""ext.visualEditor.targetLoader"",""ext.echo.centralauth"",""ext.eventLogging"",""ext.wikimediaEvents"",""ext.navigationTiming"",""ext.uls.interface"",""ext.cx.eventlogging.campaigns"",""ext.cx.uls.quick.actions"",""wikibase.client.vector-2022"",""ext.checkUser.clientHints"",""ext.growthExperiments.SuggestedEditSession""];</script>",2023-09-01,2023,2460188.5,722024.5,wikipedia_pl,pl,wydarzen,https://pl.wikipedia.org/wiki/2023,3c4314c774c5419bf09c0feed185217f
155,27.37%  100.332      1 Szablon:Szablon_nawigacyjny,27.37%  100.332      1 Szablon:Szablon_nawigacyjny,2023-09-01,2023,2460188.5,722024.5,wikipedia_pl,pl,wydarzen,https://pl.wikipedia.org/wiki/2023,f4f4d70c613664891e2b62a845415da9
156,14.62%   53.603      1 Szablon:Miesiąc,14.62%   53.603      1 Szablon:Miesiąc,2023-09-01,2023,2460188.5,722024.5,wikipedia_pl,pl,wydarzen,https://pl.wikipedia.org/wiki/2023,1d83d60a67ba2d04d12bb545bfa7318f
157,12.99%   47.607      1 Szablon:Kalendarz,12.99%   47.607      1 Szablon:Kalendarz,2023-09-01,2023,2460188.5,722024.5,wikipedia_pl,pl,wydarzen,https://pl.wikipedia.org/wiki/2023,e35bec3cfddc1865f8313fb228465940
158,8.37%   30.684     42 Szablon:Lang,8.37%   30.684     42 Szablon:Lang,2023-09-01,2023,2460188.5,722024.5,wikipedia_pl,pl,wydarzen,https://pl.wikipedia.org/wiki/2023,ddd5ad2252f26be63862b940c793dc22
159,3.68%   13.508     30 Szablon:Kalendarz/link,3.68%   13.508     30 Szablon:Kalendarz/link,2023-09-01,2023,2460188.5,722024.5,wikipedia_pl,pl,wydarzen,https://pl.wikipedia.org/wiki/2023,c60d039de2d9772a4b2bb254d8c5468b
160,2.80%   10.258      1 Szablon:Spis_treści,2.80%   10.258      1 Szablon:Spis_treści,2023-09-01,2023,2460188.5,722024.5,wikipedia_pl,pl,wydarzen,https://pl.wikipedia.org/wiki/2023,a3bcd2e8e814fcc5a611cba20ed6bc00
161,"Zobacz szczegółowe informacje o <a class=""external text"" href=""https://foundation.wikimedia.org/wiki","Zobacz szczegółowe informacje o <a class=""external text"" href=""https://foundation.wikimedia.org/wiki/Policy:Terms_of_Use/pl"">warunkach korzystania</a>.</li>",2023-09-01,2023,2460188.5,722024.5,wikipedia_pl,pl,wydarzen,https://pl.wikipedia.org/wiki/2023,e42d128ae950852d75f870de78ec3d53
545,"class=""vector-toc-list-item vector-toc-level-1 vector-toc-list-item-expanded"">","class=""vector-toc-list-item vector-toc-level-1 vector-toc-list-item-expanded"">",2023-09-01,2023,2460188.5,722024.5,wikipedia_en,en,events,https://en.wikipedia.org/wiki/2023,419703bbc4a0e7322960e9e29e582186
546,"class=""vector-toc-list-item vector-toc-level-2"">","class=""vector-toc-list-item vector-toc-level-2"">",2023-09-01,2023,2460188.5,722024.5,wikipedia_en,en,events,https://en.wikipedia.org/wiki/2023,df0cff327694fd0e920b1c4ec64014df
547,"Millennium</th></tr><tr><td class=""sidebar-content hlist"">","Millennium</th></tr><tr><td class=""sidebar-content hlist"">",2023-09-01,2023,2460188.5,722024.5,wikipedia_en,en,events,https://en.wikipedia.org/wiki/2023,8de01ff17e7a410d8fe667425ac2151c
548,"Centuries</th></tr><tr><td class=""sidebar-content hlist"">","Centuries</th></tr><tr><td class=""sidebar-content hlist"">",2023-09-01,2023,2460188.5,722024.5,wikipedia_en,en,events,https://en.wikipedia.org/wiki/2023,ba934dcfc7d8df478b4f758ade890704
549,5.04%  116.495      1 Template:Events_by_month_links/box,5.04%  116.495      1 Template:Events_by_month_links/box,2023-09-01,2023,2460188.5,722024.5,wikipedia_en,en,events,https://en.wikipedia.org/wiki/2023,548435151bf2b855108746b2d8d24116
550,4.97%  114.690      1 Template:Navbox,4.97%  114.690      1 Template:Navbox,2023-09-01,2023,2460188.5,722024.5,wikipedia_en,en,events,https://en.wikipedia.org/wiki/2023,1062c01cc835247ed6c7729708f71f00
551,"additional terms may apply. By using this site, you agree to the <a href=""https://foundation.wikimed","additional terms may apply. By using this site, you agree to the <a href=""https://foundation.wikimedia.org/wiki/Special:MyLanguage/Policy:Terms_of_Use"" class=""extiw"" title=""foundation:Special:MyLanguage/Policy:Terms of Use"">Terms of Use</a> and <a href=""https://foundation.wikimedia.org/wiki/Special:MyLanguage/Policy:Privacy_policy"" class=""extiw"" title=""foundation:Special:MyLanguage/Policy:Privacy policy"">Privacy Policy</a>. Wikipedia® is a registered trademark of the <a rel=""nofollow"" class=""external text"" href=""https://wikimediafoundation.org/"">Wikimedia Foundation, Inc.</a>, a non-profit organization.</li>",2023-09-01,2023,2460188.5,722024.5,wikipedia_en,en,events,https://en.wikipedia.org/wiki/2023,fc8d82e601e3c42caf11f022b6e7b91a
740,"| <a href=""/wiki/2030er"" title=""2030er"">2030er</a>&#160;| <a href=""/wiki/2040er"" title=""2040er"">2040","| <a href=""/wiki/2030er"" title=""2030er"">2030er</a>&#160;| <a href=""/wiki/2040er"" title=""2040er"">2040er</a><br />",2023-09-01,2023,2460188.5,722024.5,wikipedia_de,de,ereignis,https://de.wikipedia.org/wiki/2023,942e6050ee8553667be2aa151a7807da
741,"| <a href=""/wiki/2024"" title=""2024"">2024</a>&#160;| <a href=""/wiki/2025"" title=""2025"">2025</a>&#160;","| <a href=""/wiki/2024"" title=""2024"">2024</a>&#160;| <a href=""/wiki/2025"" title=""2025"">2025</a>&#160;| <a href=""/wiki/2026"" title=""2026"">2026</a>&#160;| <a href=""/wiki/2027"" title=""2027"">2027</a>&#160;| <a href=""/wiki/2028"" title=""2028"">►</a><br />",2023-09-01,2023,2460188.5,722024.5,wikipedia_de,de,ereignis,https://de.wikipedia.org/wiki/2023,4f1ba877500383867fbf6408bde57155
861,"class=""vector-toc-list-item vector-toc-level-1 vector-toc-list-item-expanded"">","class=""vector-toc-list-item vector-toc-level-1 vector-toc-list-item-expanded"">",2023-09-01,2023,2460188.5,722024.5,wikipedia_fr,fr,événement,https://fr.wikipedia.org/wiki/2023,c9002235e4549acbfcc290e28f62beab
862,Parsed by mw‐web.eqiad.main‐84c84477d9‐2nnjg,Parsed by mw‐web.eqiad.main‐84c84477d9‐2nnjg,2023-09-01,2023,2460188.5,722024.5,wikipedia_fr,fr,death,https://fr.wikipedia.org/wiki/2023,846479b8f2e1ced9fced85cbc64f6442
863,Cached time: 20251104003747,Cached time: 20251104003747,2023-09-01,2023,2460188.5,722024.5,wikipedia_fr,fr,death,https://fr.wikipedia.org/wiki/2023,23d924be055108e206b0750155ad0789
864,Cache expiry: 2330536,Cache expiry: 2330536,2023-09-01,2023,2460188.5,722024.5,wikipedia_fr,fr,death,https://fr.wikipedia.org/wiki/2023,cff90c0e7676ff37bba790d3d6fff58f
1095,"A mathematical construction of the 260 day mesoamerican calendar based
  on archaeoastronomical alignments","Ancient mesoamerican cultures built a short ritual 260 day calendar and used
it for daily routinary life. Using simple arithmetic calculations it is first
shown that by forcing the introduction of the the fundamental number 13 to
calculate days in a calendar, a 364 day count can be built and from this, the
short mesoamerican calendar of 260 days is constructed. It is also shown that
the basic mesoamerican relation between the full solar 365 day calendar and the
short one of 260 days given by: 365 x 52 = 260 x 73 is Kepler's third law of
orbital motion between Earth's period of time about the Sun and an imaginary
synodic orbit with a 260 day period. Based on this basic mesoamerican relation
and a general definition of an archaeoastronomical alignment, a full
mathematical definition of a short calendar count is made. For particular
cases, approximate calendar counts of 364 and 360 days are obtained with
fundamental numbers 13 and 18 associated to each one respectively. The extra
days required for this approximate calendar counts are a given solstice day for
the former, and 4 plus 1 (the given solstice day) for the latter, generating
the 5 nemontemi days used by ancient mesoamerican cultures. Motivated by an
extended mesoamerican relation, two types of archaeoastronomical alignments are
defined and their consequences are investigated. These Type-A and Type-B
archaeoastronomical alignments motivate the introduction of extended
fundamental or monad fractions that partition the approximate and short counts.",2023-09-01,2023,2460188.5,722024.5,arxiv,en,scientific_paper,http://arxiv.org/abs/2309.00598v2,05c75a78a9250e889c355907671bbfc4
1517,"Earthquake M6.1 - 13 km E of Severo-Kuril’sk, Russia","Magnitude 6.1 earthquake at 13 km E of Severo-Kuril’sk, Russia. Depth: Nonekm",2023-09-01,2023,2460188.5,722024.5,usgs_earthquake,en,geological_event,https://earthquake.usgs.gov/earthquakes/eventpage/us7000ksrl,e4269241d199577b5a55960e1ece8383
1516,"Earthquake M6.3 - 38 km SSW of Coquimbo, Chile","Magnitude 6.3 earthquake at 38 km SSW of Coquimbo, Chile. Depth: Nonekm",2023-09-07,2023,2460194.5,722030.5,usgs_earthquake,en,geological_event,https://earthquake.usgs.gov/earthquakes/eventpage/us7000ktti,c7c726cc12b1766c4805af9fb45d2851
1515,Earthquake M6.6 - south of the Kermadec Islands,Magnitude 6.6 earthquake at south of the Kermadec Islands. Depth: Nonekm,2023-09-08,2023,2460195.5,722031.5,usgs_earthquake,en,geological_event,https://earthquake.usgs.gov/earthquakes/eventpage/us7000ku47,6cd1901d9a5f57ecd29521b4a7206b46
1513,"Earthquake M6 - 101 km N of Palu, Indonesia","Magnitude 6 earthquake at 101 km N of Palu, Indonesia. Depth: Nonekm",2023-09-09,2023,2460196.5,722032.5,usgs_earthquake,en,geological_event,https://earthquake.usgs.gov/earthquakes/eventpage/us7000kulj,d334ff2dec0abe3c1f418327ae4ee884
1514,"Earthquake M6.8 - Al Haouz, Morocco","Magnitude 6.8 earthquake at Al Haouz, Morocco. Depth: Nonekm",2023-09-09,2023,2460196.5,722032.5,usgs_earthquake,en,geological_event,https://earthquake.usgs.gov/earthquakes/eventpage/us7000kufc,be9a81c075a66ae4563ac55d59bb08d1
1512,"Earthquake M6 - 38 km NNE of Ternate, Indonesia","Magnitude 6 earthquake at 38 km NNE of Ternate, Indonesia. Depth: Nonekm",2023-09-11,2023,2460198.5,722034.5,usgs_earthquake,en,geological_event,https://earthquake.usgs.gov/earthquakes/eventpage/us7000kv0k,c4b50e4177764a078ff1b2d6073609e7
1511,"Earthquake M6.2 - 69 km N of Namuac, Philippines","Magnitude 6.2 earthquake at 69 km N of Namuac, Philippines. Depth: Nonekm",2023-09-12,2023,2460199.5,722035.5,usgs_earthquake,en,geological_event,https://earthquake.usgs.gov/earthquakes/eventpage/us7000kv90,8fb53db998c61026db50eb98b5eb643c
1510,Earthquake M6.1 - West Chile Rise,Magnitude 6.1 earthquake at West Chile Rise. Depth: Nonekm,2023-09-13,2023,2460200.5,722036.5,usgs_earthquake,en,geological_event,https://earthquake.usgs.gov/earthquakes/eventpage/us7000kvhu,998bfdf1d4836c231be41bcf616e86b8
1509,"Earthquake M6.3 - 191 km N of Hirara, Japan","Magnitude 6.3 earthquake at 191 km N of Hirara, Japan. Depth: Nonekm",2023-09-18,2023,2460205.5,722041.5,usgs_earthquake,en,geological_event,https://earthquake.usgs.gov/earthquakes/eventpage/us7000kwg2,de01f511022c28a9f7d16429b221de87
1058,"How Did We Get Here? The Tangled History of the Second Law of
  Thermodynamics","An extensive survey is given of the historical origins of the Second Law of
thermodynamics, illustrated by excerpts from many original sources, and with
biographical information about key contributors. The major strands of
conceptual development of the Second Law are traced, in particular showing how
persistent beliefs about it emerged.",2023-09-21,2023,2460208.5,722044.5,arxiv,en,scientific_paper,http://arxiv.org/abs/2311.10722v1,a5b9edf763d6b1f6c0b805a3a5b6464b
1059,"The Astronomy Genealogy Project is ten years old: Here are ten ways you
  can use it","The Astronomical Genealogy Project (AstroGen) has been underway since January
2013. This project of the Historical Astronomy Division (HAD) of the American
Astronomical Society (AAS) has been online since July 2020, courtesy of the
AAS. The volunteers of the AstroGen team have systematically searched online
directories, mostly at individual university libraries, for astronomy-related
doctoral theses equivalent to the modern, research-based Ph.D. We now claim to
be 'nearly complete' for 38 countries, although some have not been updated for
a year or two or three. The website contains a page for each astronomer and
advisor, with links to the persons, universities, institutes, and the theses
themselves. More than two-thirds of the theses are online in full, although
some require access to a library with a subscription. There is information
about nearly 37,000 individuals who have earned astronomy-related doctorates
and another 5400 who have supervised them, but may not have earned such degrees
themselves. Most of the latter have not yet been evaluated, but probably a
majority earned doctorates in other fields, such as physics or geology. We
present some of the results of our research and discuss ten ways the reader
might make use of the project.",2023-09-21,2023,2460208.5,722044.5,arxiv,en,scientific_paper,http://arxiv.org/abs/2309.12456v1,43c6ef22e22b7b4e541ac95bb388296e
1508,Earthquake M6.1 - Vanuatu,Magnitude 6.1 earthquake at Vanuatu. Depth: Nonekm,2023-09-21,2023,2460208.5,722044.5,usgs_earthquake,en,geological_event,https://earthquake.usgs.gov/earthquakes/eventpage/us7000kx7j,13d4ead864d5242107c3305ae5355546
1057,"Robert Millikan, Japanese Internment, and Eugenics","Robert A. Millikan (1868-1953) was the second American to win the Nobel Prize
in physics. At the peak of his influence, no scientist save Einstein was more
admired by the American public. Millikan, the head of the California Institute
of Technology (Caltech) during its first 24 years, oversaw its rapid growth
into one of the leading scientific institutions of the world. In response to
demands for social justice, Caltech reached a decision to strip Millikan of
honors (such as the library named after him), following accusations against
him.
  This article analyzes a specific accusation against Millikan that was
published in Nature: that he collaborated to deprive Japanese Americans of
their rights during their forced relocation to internment camps during the
Second World War. An examination of original historical sources will show that
this accusation is false. On the contrary, Millikan actively campaigned during
the war to promote the rights of Japanese Americans.
  The article also treats Caltech's central accusation against Millikan: he
lent his name to a morally reprehensible eugenics movement that had been
scientifically discredited in his time. In a reversal of Caltech's claims, this
article shows that all three of Caltech's scientific witnesses against eugenics
were actually pro-eugenic to varying degrees. Millikan's beliefs fell within
acceptable scientific norms of his day.",2023-09-23,2023,2460210.5,722046.5,arxiv,en,scientific_paper,http://arxiv.org/abs/2309.13468v2,15e266acad006d23a1c87318c4c6c644
1056,"The Virtues of Pursuit-Worthy Speculation: The Promises of Cosmic
  Inflation","The paper investigates the historical and contemporary pursuit-worthiness of
cosmic inflation-the rationale for working on it (rather than necessarily the
evidential support for claims to its approximate truth): what reasons existed,
and exist, that warrant inflation's status as the mainstream paradigm studied,
explored, and further developed by the majority of the cosmology community?
We'll show that inflation exemplifies various salient theory virtues:
explanatory depth, unifying/integrative power, fertility and positive
heuristics, the promotion of understanding, and the prospect (and passing) of
novel benchmark tests. This, we'll argue, constitutes inflation's auspicious
promise. It marks inflation as preferable over both the inflation-less Hot Big
Bang Model, as well as rivals to inflation: inflation, we maintain, rightly
deserved, and continues to deserve, the concerted research efforts it has
enjoyed.",2023-09-28,2023,2460215.5,722051.5,arxiv,en,scientific_paper,http://arxiv.org/abs/2309.16266v2,ef1c520f238b6aff86dcf3f5ca75c961
1507,"Earthquake M6.1 - 62 km E of Luganville, Vanuatu","Magnitude 6.1 earthquake at 62 km E of Luganville, Vanuatu. Depth: Nonekm",2023-09-28,2023,2460215.5,722051.5,usgs_earthquake,en,geological_event,https://earthquake.usgs.gov/earthquakes/eventpage/us6000lbdi,01c4fab122a939cff8cc5cda6ff1d3f5
162,"RLSTATE={""ext.gadget.wikiflex"":""ready"",""ext.gadget.infobox"":""ready"",""ext.gadget.hlist"":""ready"",""ext.","RLSTATE={""ext.gadget.wikiflex"":""ready"",""ext.gadget.infobox"":""ready"",""ext.gadget.hlist"":""ready"",""ext.gadget.darkmode-overrides"":""ready"",""ext.gadget.small-references"":""ready"",""ext.gadget.citation-access-info"":""ready"",""ext.gadget.sprawdz-problemy-szablony"":""ready"",""ext.globalCssJs.user.styles"":""ready"",""site.styles"":""ready"",""user.styles"":""ready"",""ext.globalCssJs.user"":""ready"",""user"":""ready"",""user.options"":""loading"",""ext.cite.styles"":""ready"",""ext.wikimediamessages.styles"":""ready"",""skins.vector.search.codex.styles"":""ready"",""skins.vector.styles"":""ready"",""skins.vector.icons"":""ready"",""jquery.makeCollapsible.styles"":""ready"",""ext.flaggedRevs.basic"":""ready"",""mediawiki.codex.messagebox.styles"":""ready"",""ext.visualEditor.desktopArticleTarget.noscript"":""ready"",""ext.uls.interlanguage"":""ready"",""wikibase.client.init"":""ready"",""ext.wikimediaBadges"":""ready""};RLPAGEMODULES=[""ext.xLab"",""ext.cite.ux-enhancements"",""ext.scribunto.logs"",""site"",""mediawiki.page.ready"",""jquery.makeCollapsible"",""mediawiki.toc"",""skins.vector.js"",""ext.centralNotice.geoIP"",""ext.centralNotice.startUp"",""ext.flaggedRevs.advanced"",""ext.gadget.ll-script-loader"",""ext.gadget.veKeepParameters"",""ext.gadget.szablon-galeria"",""ext.gadget.NavFrame"",""ext.gadget.citoid-overrides"",""ext.gadget.maps"",""ext.gadget.padlock-indicators"",""ext.gadget.interwiki-langlist"",""ext.gadget.edit-summaries"",""ext.gadget.edit-first-section"",""ext.gadget.wikibugs"",""ext.gadget.map-toggler"",""ext.gadget.narrowFootnoteColumns"",""ext.gadget.ally-enhance"",""ext.gadget.WDsearch"",""ext.urlShortener.toolbar"",""ext.centralauth.centralautologin"",""ext.popups"",""ext.visualEditor.desktopArticleTarget.init"",""ext.visualEditor.targetLoader"",""ext.echo.centralauth"",""ext.eventLogging"",""ext.wikimediaEvents"",""ext.navigationTiming"",""ext.uls.interface"",""ext.cx.eventlogging.campaigns"",""ext.cx.uls.quick.actions"",""wikibase.client.vector-2022"",""ext.checkUser.clientHints"",""ext.growthExperiments.SuggestedEditSession""];</script>",2023-10-01,2023,2460218.5,722054.5,wikipedia_pl,pl,wydarzen,https://pl.wikipedia.org/wiki/2023,87db3439c332936b703e68c11a1c9944
163,16.48%  145.370      1 Szablon:Szablon_nawigacyjny,16.48%  145.370      1 Szablon:Szablon_nawigacyjny,2023-10-01,2023,2460218.5,722054.5,wikipedia_pl,pl,wydarzen,https://pl.wikipedia.org/wiki/2023,4f2a4c8f3447fa242a8f41af927f5517
164,10.48%   92.479    116 Szablon:Lang,10.48%   92.479    116 Szablon:Lang,2023-10-01,2023,2460218.5,722054.5,wikipedia_pl,pl,wydarzen,https://pl.wikipedia.org/wiki/2023,54d8bab547d5a2fde95e025c4c1700b7
165,6.63%   58.522      1 Szablon:Miesiąc,6.63%   58.522      1 Szablon:Miesiąc,2023-10-01,2023,2460218.5,722054.5,wikipedia_pl,pl,wydarzen,https://pl.wikipedia.org/wiki/2023,7f1bf791faa555ee0c87f2dab3a45e40
166,5.89%   51.914      1 Szablon:Kalendarz,5.89%   51.914      1 Szablon:Kalendarz,2023-10-01,2023,2460218.5,722054.5,wikipedia_pl,pl,wydarzen,https://pl.wikipedia.org/wiki/2023,c27c73daf24520cce8b05db5dcf6dca3
167,1.67%   14.751     31 Szablon:Kalendarz/link,1.67%   14.751     31 Szablon:Kalendarz/link,2023-10-01,2023,2460218.5,722054.5,wikipedia_pl,pl,wydarzen,https://pl.wikipedia.org/wiki/2023,978565221380e8786358400f03a6acb7
168,1.29%   11.343      1 Szablon:Spis_treści,1.29%   11.343      1 Szablon:Spis_treści,2023-10-01,2023,2460218.5,722054.5,wikipedia_pl,pl,wydarzen,https://pl.wikipedia.org/wiki/2023,e53a1e3c7e0f62dce1f4a84b2cf90f7e
169,"Zobacz szczegółowe informacje o <a class=""external text"" href=""https://foundation.wikimedia.org/wiki","Zobacz szczegółowe informacje o <a class=""external text"" href=""https://foundation.wikimedia.org/wiki/Policy:Terms_of_Use/pl"">warunkach korzystania</a>.</li>",2023-10-01,2023,2460218.5,722054.5,wikipedia_pl,pl,wydarzen,https://pl.wikipedia.org/wiki/2023,8d99a6147699d0df2f76188728735217
552,"class=""vector-toc-list-item vector-toc-level-1 vector-toc-list-item-expanded"">","class=""vector-toc-list-item vector-toc-level-1 vector-toc-list-item-expanded"">",2023-10-01,2023,2460218.5,722054.5,wikipedia_en,en,events,https://en.wikipedia.org/wiki/2023,0afce35a33abbff1ee5c7997711cd975
553,"class=""vector-toc-list-item vector-toc-level-2"">","class=""vector-toc-list-item vector-toc-level-2"">",2023-10-01,2023,2460218.5,722054.5,wikipedia_en,en,events,https://en.wikipedia.org/wiki/2023,3d7d05ff102a5aae7bc228c27421cf27
554,"Millennium</th></tr><tr><td class=""sidebar-content hlist"">","Millennium</th></tr><tr><td class=""sidebar-content hlist"">",2023-10-01,2023,2460218.5,722054.5,wikipedia_en,en,events,https://en.wikipedia.org/wiki/2023,044673eae32a630726e69883f5398a56
555,"Centuries</th></tr><tr><td class=""sidebar-content hlist"">","Centuries</th></tr><tr><td class=""sidebar-content hlist"">",2023-10-01,2023,2460218.5,722054.5,wikipedia_en,en,events,https://en.wikipedia.org/wiki/2023,055960ea35488bc733e550158b5e3933
556,5.04%  116.495      1 Template:Events_by_month_links/box,5.04%  116.495      1 Template:Events_by_month_links/box,2023-10-01,2023,2460218.5,722054.5,wikipedia_en,en,events,https://en.wikipedia.org/wiki/2023,94cfe8b7e980f85bf5eeb03d1f03be72
557,4.97%  114.690      1 Template:Navbox,4.97%  114.690      1 Template:Navbox,2023-10-01,2023,2460218.5,722054.5,wikipedia_en,en,events,https://en.wikipedia.org/wiki/2023,b673ae52a2a5738634f8757558989398
558,"additional terms may apply. By using this site, you agree to the <a href=""https://foundation.wikimed","additional terms may apply. By using this site, you agree to the <a href=""https://foundation.wikimedia.org/wiki/Special:MyLanguage/Policy:Terms_of_Use"" class=""extiw"" title=""foundation:Special:MyLanguage/Policy:Terms of Use"">Terms of Use</a> and <a href=""https://foundation.wikimedia.org/wiki/Special:MyLanguage/Policy:Privacy_policy"" class=""extiw"" title=""foundation:Special:MyLanguage/Policy:Privacy policy"">Privacy Policy</a>. Wikipedia® is a registered trademark of the <a rel=""nofollow"" class=""external text"" href=""https://wikimediafoundation.org/"">Wikimedia Foundation, Inc.</a>, a non-profit organization.</li>",2023-10-01,2023,2460218.5,722054.5,wikipedia_en,en,events,https://en.wikipedia.org/wiki/2023,184ae9464c5e00104352b4558a6f3437
742,"| <a href=""/wiki/2030er"" title=""2030er"">2030er</a>&#160;| <a href=""/wiki/2040er"" title=""2040er"">2040","| <a href=""/wiki/2030er"" title=""2030er"">2030er</a>&#160;| <a href=""/wiki/2040er"" title=""2040er"">2040er</a><br />",2023-10-01,2023,2460218.5,722054.5,wikipedia_de,de,ereignis,https://de.wikipedia.org/wiki/2023,21517904ab3da858840a744229d5d66d
743,"| <a href=""/wiki/2024"" title=""2024"">2024</a>&#160;| <a href=""/wiki/2025"" title=""2025"">2025</a>&#160;","| <a href=""/wiki/2024"" title=""2024"">2024</a>&#160;| <a href=""/wiki/2025"" title=""2025"">2025</a>&#160;| <a href=""/wiki/2026"" title=""2026"">2026</a>&#160;| <a href=""/wiki/2027"" title=""2027"">2027</a>&#160;| <a href=""/wiki/2028"" title=""2028"">►</a><br />",2023-10-01,2023,2460218.5,722054.5,wikipedia_de,de,ereignis,https://de.wikipedia.org/wiki/2023,d4e2c6a1dd8124319014f0bddf2b9263
865,"class=""vector-toc-list-item vector-toc-level-1 vector-toc-list-item-expanded"">","class=""vector-toc-list-item vector-toc-level-1 vector-toc-list-item-expanded"">",2023-10-01,2023,2460218.5,722054.5,wikipedia_fr,fr,événement,https://fr.wikipedia.org/wiki/2023,f624d86ec8b9d4b7684f93ad3754f28b
1506,"Earthquake M6 - Izu Islands, Japan region","Magnitude 6 earthquake at Izu Islands, Japan region. Depth: Nonekm",2023-10-03,2023,2460220.5,722056.5,usgs_earthquake,en,geological_event,https://earthquake.usgs.gov/earthquakes/eventpage/us6000lch5,2545092c3fd390467cf5ef8e74d49494
1505,"Earthquake M6.4 - 65 km E of Sarangani, Philippines","Magnitude 6.4 earthquake at 65 km E of Sarangani, Philippines. Depth: Nonekm",2023-10-04,2023,2460221.5,722057.5,usgs_earthquake,en,geological_event,https://earthquake.usgs.gov/earthquakes/eventpage/us6000lcri,3e698a8c1582ff29c67fdef94033efa2
1504,"Earthquake M6.1 - Izu Islands, Japan region","Magnitude 6.1 earthquake at Izu Islands, Japan region. Depth: Nonekm",2023-10-05,2023,2460222.5,722058.5,usgs_earthquake,en,geological_event,https://earthquake.usgs.gov/earthquakes/eventpage/us6000lcz1,1176359252a891b4a9f61641299a6691
1503,"Earthquake M6.1 - Izu Islands, Japan region","Magnitude 6.1 earthquake at Izu Islands, Japan region. Depth: Nonekm",2023-10-06,2023,2460223.5,722059.5,usgs_earthquake,en,geological_event,https://earthquake.usgs.gov/earthquakes/eventpage/us6000ldbb,d9e7ef4e79990199d136cd214e32544d
1499,"Earthquake M6.9 - 48 km SE of Madang, Papua New Guinea","Magnitude 6.9 earthquake at 48 km SE of Madang, Papua New Guinea. Depth: Nonekm",2023-10-07,2023,2460224.5,722060.5,usgs_earthquake,en,geological_event,https://earthquake.usgs.gov/earthquakes/eventpage/us6000ldqf,56bea48adfba2bdf4da069686db4e7a5
1500,"Earthquake M6.7 - 54 km SE of Madang, Papua New Guinea","Magnitude 6.7 earthquake at 54 km SE of Madang, Papua New Guinea. Depth: Nonekm",2023-10-07,2023,2460224.5,722060.5,usgs_earthquake,en,geological_event,https://earthquake.usgs.gov/earthquakes/eventpage/us6000ldqd,ffd53b0e16a11884ed68e061cc15263d
1501,"Earthquake M6.3 - 25 km NNE of Zindah Jān, Afghanistan","Magnitude 6.3 earthquake at 25 km NNE of Zindah Jān, Afghanistan. Depth: Nonekm",2023-10-07,2023,2460224.5,722060.5,usgs_earthquake,en,geological_event,https://earthquake.usgs.gov/earthquakes/eventpage/us6000ldpm,be106431378b630ea95f9163ec2765f0
1502,"Earthquake M6.3 - 32 km NNE of Zindah Jān, Afghanistan","Magnitude 6.3 earthquake at 32 km NNE of Zindah Jān, Afghanistan. Depth: Nonekm",2023-10-07,2023,2460224.5,722060.5,usgs_earthquake,en,geological_event,https://earthquake.usgs.gov/earthquakes/eventpage/us6000ldpg,65c696e14df03051c3031d1cfcb3bd7c
1094,Postulating the Unicity of the Macroscopic Physical World,"We argue that a clear view on quantum mechanics is obtained by considering
that the unicity of the macroscopic world is a fundamental postulate of
physics, rather than an issue that must be mathematically justified or
demonstrated. This postulate allows a framework in which quantum mechanics can
be constructed, in a complete mathematically consistent way. This is made
possible by using general operator algebras to extend the mathematical
description of the physical world towards macroscopic systems. Such an approach
goes beyond the usual type I operator algebras used in standard textbook
quantum mechanics. This avoids a major pitfall, which is the temptation to make
the usual type I formalism 'universal'. This may also provide a meta-framework
for both classical and quantum physics, shedding a new light on ancient
conceptual antagonisms, and clarifying the status of quantum objects. Beyond
exploring remote corners of quantum physics, we expect these ideas to be
helpful to better understand and develop quantum technologies.",2023-10-09,2023,2460226.5,722062.5,arxiv,en,scientific_paper,http://arxiv.org/abs/2310.06099v1,8577822c1ced62b932b85835d73dbca5
1498,"Earthquake M6 - 61 km WSW of Abra Pampa, Argentina","Magnitude 6 earthquake at 61 km WSW of Abra Pampa, Argentina. Depth: Nonekm",2023-10-10,2023,2460227.5,722063.5,usgs_earthquake,en,geological_event,https://earthquake.usgs.gov/earthquakes/eventpage/us6000legn,cce74485fa68d45e63d9ff11edfb2632
1055,On Penrose's Analogy between Curved Spacetime Regions and Optical Lenses,"We present a detailed analysis of Penrose's gravito-optical analogy between
the focusing effects of particular families of Ricci- and Weyl-curved spacetime
regions on the one hand, and anastigmatic and astigmatic optical lenses on the
other. We put the analogy in its historical context, investigate its underlying
assumptions, its range of validity, its proof of concept, and its application
in Penrose's study of the notion of energy flux in general relativity. Finally,
we examine the analogy within the framework of Norton's material theory of
induction.",2023-10-11,2023,2460228.5,722064.5,arxiv,en,scientific_paper,http://arxiv.org/abs/2310.07337v2,8a63fe7801955b0868141dea7819ed16
1496,Earthquake M6.3 - west of Macquarie Island,Magnitude 6.3 earthquake at west of Macquarie Island. Depth: Nonekm,2023-10-11,2023,2460228.5,722064.5,usgs_earthquake,en,geological_event,https://earthquake.usgs.gov/earthquakes/eventpage/us6000lews,2eefb05eb31a7f5b51fa2e6746dfdc78
1497,"Earthquake M6.3 - 24 km NNW of Herāt, Afghanistan","Magnitude 6.3 earthquake at 24 km NNW of Herāt, Afghanistan. Depth: Nonekm",2023-10-11,2023,2460228.5,722064.5,usgs_earthquake,en,geological_event,https://earthquake.usgs.gov/earthquakes/eventpage/us6000len8,e4437faef8efb7e81f02bdf74b9cf3ac
1093,Dia tōn grammōn: Euclidean geometry to solve trigonometric problems,"Ancient astronomers faced the problem of dealing with arcs and angles in
their observations and predictions without the help of modern trigonometry. The
usual method to deal with such problems was the Menelaus Theorem, explicitly
discussed and extensively used by Ptolemy. It is generally assumed that
Hipparchus, who in his Exegesis explicitly states that he developed a method to
calculate Simultaneous Risings and Settings, used either the Menelaus' Theorem,
or stereographic projections, even if both methods are only attested for later
periods and their availability to Hipparchus is debated. In this paper we argue
that simultaneous risings and settings could be calculated using less advanced
mathematical tools unquestionably available to Hipparchus: the theorem of
Pythagoras, the theory of proportions, and the table of chords. Without
claiming that this was indeed the method that Hipparchus used, we argue that
there is no need to postulate the availability of more sophisticated tools to
carry out the calculations which Hipparchus mentions in the Exegesis.",2023-10-13,2023,2460230.5,722066.5,arxiv,en,scientific_paper,http://arxiv.org/abs/2310.09215v1,f576e0a4f451807e316734701bb976fe
1053,200 Years of the Navier-Stokes Equation,"The year 2022 marked the 200th anniversary of the first appearance of the
Navier-Stokes equation, a landmark in Fluid Dynamics introduced by Claude-Louis
Navier in 1822. This equation revolutionized the understanding of fluid motion
by incorporating viscosity and friction into the equations, expanding their
applicability beyond idealized fluids. In this manuscript, we explore the
historical development of the Navier-Stokes equation and its profound impact on
Fluid Dynamics over the past two centuries. From Navier's initial insights to
George Stokes' experimental validations and subsequent contributions by other
scientists, we trace the evolution of this equation. We also delve into its
practical applications, including its role in the development of Computational
Fluid Dynamics. The Navier-Stokes equation has played a pivotal role in
advancing our understanding of fluid behavior, making it a cornerstone of
modern science and engineering.",2023-10-14,2023,2460231.5,722067.5,arxiv,en,scientific_paper,http://arxiv.org/abs/2401.13669v1,b05439f707d5042d36a0defb70b2ba9c
1054,"Daniel Bernoulli's Research in Basel and the ""Physikalisches Kabinett""
  in the ""Stachelschützenhaus""","On 22 September 2023 the inauguration of the ""Stachelsch\""utzenhaus"" at
Basel's Petersplatz (St. Peter's Square) as an EPS Historic Site was hosted by
the University of Basel. In the following article we will focus first on Daniel
Bernoulli's career path, before discussing his major scientific achievements
and finally adding some aspects of the inauguration ceremony (the colloquium
talks, the visit of today's laboratories in the Stachelsch\""utzenhaus, and the
unveiling of the plaque).",2023-10-14,2023,2460231.5,722067.5,arxiv,en,scientific_paper,http://arxiv.org/abs/2310.09540v1,4fb233c161043cadbad4c6e405d6d256
1495,"Earthquake M6.3 - 34 km NNW of Herāt, Afghanistan","Magnitude 6.3 earthquake at 34 km NNW of Herāt, Afghanistan. Depth: Nonekm",2023-10-15,2023,2460232.5,722068.5,usgs_earthquake,en,geological_event,https://earthquake.usgs.gov/earthquakes/eventpage/us6000lfn5,43d339b5dd1dccbaf635bad51b6fae6c
1052,"Is Bohr's Correspondence Principle just Hankel's Principle of
  Permanence?","No, but the paper argues that Bohr understood his correspondence principle,
or at least an aspect of that principle expressed by the notion of rational
generalization, as grounded in Hankel's principle of permanence, adapted to new
historical and theoretical contexts. This is shown to illuminate some otherwise
obscure aspects of Bohr's approach to quantum theory, as well as a seemingly
strange criticism against this approach, due to Feyerabend and Bohm.",2023-10-16,2023,2460233.5,722069.5,arxiv,en,scientific_paper,http://arxiv.org/abs/2310.10192v2,f842ca5c2f2afff53ca8d740725629ca
1494,"Earthquake M6.4 - 78 km NNW of Adak, Alaska","Magnitude 6.4 earthquake at 78 km NNW of Adak, Alaska. Depth: Nonekm",2023-10-16,2023,2460233.5,722069.5,usgs_earthquake,en,geological_event,https://earthquake.usgs.gov/earthquakes/eventpage/us6000lfvn,30f48227157dbadda65a572d98a6384c
1493,"Earthquake M6 - Kermadec Islands, New Zealand","Magnitude 6 earthquake at Kermadec Islands, New Zealand. Depth: Nonekm",2023-10-23,2023,2460240.5,722076.5,usgs_earthquake,en,geological_event,https://earthquake.usgs.gov/earthquakes/eventpage/us6000lhgd,b83922301aa428aee8a4b8c0cbbdd381
1051,"Historical synthesis supporting Duhem's demonstration of the
  impossibility of the `experimentum crucis' of comparison of the speed of
  light in air and water","In 1850, Foucault was the first to compare experimentally the velocity of
light in air to its velocity in water. And as the wave and projectile theories
competing at the time predicted inverse results to such a measurement, Foucault
''declared the emission system incompatible with the reality of the facts''.
Yet, in his Physical Theory, Duhem uses this very example to illustrate his
epistemological demonstration of the impossibility of the 'experimentum crucis'
in physics. Then, the ambition of the present article is to augment Duhem's
demonstration with historical evidence relating precisely to the question of
the speed of light in water. We will review the four major opinions on the
nature of light developed between 1637 and 1801; all leading to theories
concluding that the ratio of sines is constant and equal to the ratio of the
velocities in the two media, but all being defended by at least two authors
concluding to inverse ratios of those velocities -- and thus to opposite
predictions on the result of an experiment such as Foucault's. The convergence
of historical evidence will then confirm that the nature of light, considered
in isolation, is in no way constrained by the measurement of its speed in
water.",2023-10-27,2023,2460244.5,722080.5,arxiv,en,scientific_paper,http://arxiv.org/abs/2310.17982v1,7e9a8b9e10f22bda300862324ca3d255
1492,"Earthquake M6 - 53 km WNW of Isangel, Vanuatu","Magnitude 6 earthquake at 53 km WNW of Isangel, Vanuatu. Depth: Nonekm",2023-10-29,2023,2460246.5,722082.5,usgs_earthquake,en,geological_event,https://earthquake.usgs.gov/earthquakes/eventpage/us7000l7b6,35467fdd29d0ef463da772098f74fb9f
1490,"Earthquake M6.6 - 80 km WSW of Vallenar, Chile","Magnitude 6.6 earthquake at 80 km WSW of Vallenar, Chile. Depth: Nonekm",2023-10-31,2023,2460248.5,722084.5,usgs_earthquake,en,geological_event,https://earthquake.usgs.gov/earthquakes/eventpage/us7000l7si,95e4fec658be3ef3c1fad8ac9181db18
1491,"Earthquake M6.5 - 185 km ENE of Levuka, Fiji","Magnitude 6.5 earthquake at 185 km ENE of Levuka, Fiji. Depth: Nonekm",2023-10-31,2023,2460248.5,722084.5,usgs_earthquake,en,geological_event,https://earthquake.usgs.gov/earthquakes/eventpage/us7000l7qy,31cf76632140141c5ad087e79b004011
170,"RLSTATE={""ext.gadget.wikiflex"":""ready"",""ext.gadget.infobox"":""ready"",""ext.gadget.hlist"":""ready"",""ext.","RLSTATE={""ext.gadget.wikiflex"":""ready"",""ext.gadget.infobox"":""ready"",""ext.gadget.hlist"":""ready"",""ext.gadget.darkmode-overrides"":""ready"",""ext.gadget.small-references"":""ready"",""ext.gadget.citation-access-info"":""ready"",""ext.gadget.sprawdz-problemy-szablony"":""ready"",""ext.globalCssJs.user.styles"":""ready"",""site.styles"":""ready"",""user.styles"":""ready"",""ext.globalCssJs.user"":""ready"",""user"":""ready"",""user.options"":""loading"",""ext.cite.styles"":""ready"",""ext.wikimediamessages.styles"":""ready"",""skins.vector.search.codex.styles"":""ready"",""skins.vector.styles"":""ready"",""skins.vector.icons"":""ready"",""jquery.makeCollapsible.styles"":""ready"",""ext.flaggedRevs.basic"":""ready"",""mediawiki.codex.messagebox.styles"":""ready"",""ext.visualEditor.desktopArticleTarget.noscript"":""ready"",""ext.uls.interlanguage"":""ready"",""wikibase.client.init"":""ready""};RLPAGEMODULES=[""ext.xLab"",""ext.cite.ux-enhancements"",""ext.scribunto.logs"",""site"",""mediawiki.page.ready"",""jquery.makeCollapsible"",""mediawiki.toc"",""skins.vector.js"",""ext.centralNotice.geoIP"",""ext.centralNotice.startUp"",""ext.flaggedRevs.advanced"",""ext.gadget.ll-script-loader"",""ext.gadget.veKeepParameters"",""ext.gadget.szablon-galeria"",""ext.gadget.NavFrame"",""ext.gadget.citoid-overrides"",""ext.gadget.maps"",""ext.gadget.padlock-indicators"",""ext.gadget.interwiki-langlist"",""ext.gadget.edit-summaries"",""ext.gadget.edit-first-section"",""ext.gadget.wikibugs"",""ext.gadget.map-toggler"",""ext.gadget.narrowFootnoteColumns"",""ext.gadget.ally-enhance"",""ext.gadget.WDsearch"",""ext.urlShortener.toolbar"",""ext.centralauth.centralautologin"",""ext.popups"",""ext.visualEditor.desktopArticleTarget.init"",""ext.visualEditor.targetLoader"",""ext.echo.centralauth"",""ext.eventLogging"",""ext.wikimediaEvents"",""ext.navigationTiming"",""ext.uls.interface"",""ext.cx.eventlogging.campaigns"",""ext.cx.uls.quick.actions"",""wikibase.client.vector-2022"",""ext.checkUser.clientHints"",""ext.growthExperiments.SuggestedEditSession""];</script>",2023-11-01,2023,2460249.5,722085.5,wikipedia_pl,pl,wydarzen,https://pl.wikipedia.org/wiki/2023,ee78a0e126e6f78aeb923dd406a0acc8
171,13.63%  121.594      1 Szablon:Szablon_nawigacyjny,13.63%  121.594      1 Szablon:Szablon_nawigacyjny,2023-11-01,2023,2460249.5,722085.5,wikipedia_pl,pl,wydarzen,https://pl.wikipedia.org/wiki/2023,bfa61a326f465b4b12fb78f49285ff22
172,10.52%   93.817    134 Szablon:Lang,10.52%   93.817    134 Szablon:Lang,2023-11-01,2023,2460249.5,722085.5,wikipedia_pl,pl,wydarzen,https://pl.wikipedia.org/wiki/2023,4701ece1ecc666c2bb2dc87e5a8c10eb
173,6.37%   56.851      1 Szablon:Miesiąc,6.37%   56.851      1 Szablon:Miesiąc,2023-11-01,2023,2460249.5,722085.5,wikipedia_pl,pl,wydarzen,https://pl.wikipedia.org/wiki/2023,cc7b47227914aa84f01db473ebcfcd50
174,5.78%   51.598      1 Szablon:Kalendarz,5.78%   51.598      1 Szablon:Kalendarz,2023-11-01,2023,2460249.5,722085.5,wikipedia_pl,pl,wydarzen,https://pl.wikipedia.org/wiki/2023,2107aec781f792d0718418e986e77b5c
175,1.67%   14.885     30 Szablon:Kalendarz/link,1.67%   14.885     30 Szablon:Kalendarz/link,2023-11-01,2023,2460249.5,722085.5,wikipedia_pl,pl,wydarzen,https://pl.wikipedia.org/wiki/2023,648a69ab092d119a5fe3c8a1b580cf50
176,1.16%   10.362      1 Szablon:Spis_treści,1.16%   10.362      1 Szablon:Spis_treści,2023-11-01,2023,2460249.5,722085.5,wikipedia_pl,pl,wydarzen,https://pl.wikipedia.org/wiki/2023,aed4035a974bb12fd8b4f9af747dfac0
177,"Zobacz szczegółowe informacje o <a class=""external text"" href=""https://foundation.wikimedia.org/wiki","Zobacz szczegółowe informacje o <a class=""external text"" href=""https://foundation.wikimedia.org/wiki/Policy:Terms_of_Use/pl"">warunkach korzystania</a>.</li>",2023-11-01,2023,2460249.5,722085.5,wikipedia_pl,pl,wydarzen,https://pl.wikipedia.org/wiki/2023,27dd9606b823c303d30a2d34c3af6efc
559,"class=""vector-toc-list-item vector-toc-level-1 vector-toc-list-item-expanded"">","class=""vector-toc-list-item vector-toc-level-1 vector-toc-list-item-expanded"">",2023-11-01,2023,2460249.5,722085.5,wikipedia_en,en,events,https://en.wikipedia.org/wiki/2023,ff05e734a21e36a2cbb19ff8fce0ecdd
560,"class=""vector-toc-list-item vector-toc-level-2"">","class=""vector-toc-list-item vector-toc-level-2"">",2023-11-01,2023,2460249.5,722085.5,wikipedia_en,en,events,https://en.wikipedia.org/wiki/2023,d603a4941e1bc76e1317dae53fd6d7cf
561,"Millennium</th></tr><tr><td class=""sidebar-content hlist"">","Millennium</th></tr><tr><td class=""sidebar-content hlist"">",2023-11-01,2023,2460249.5,722085.5,wikipedia_en,en,events,https://en.wikipedia.org/wiki/2023,8bcbe2fc20bb690c3ec335d15c79a89c
562,"Centuries</th></tr><tr><td class=""sidebar-content hlist"">","Centuries</th></tr><tr><td class=""sidebar-content hlist"">",2023-11-01,2023,2460249.5,722085.5,wikipedia_en,en,events,https://en.wikipedia.org/wiki/2023,bb50bbcc36bde9b556a4a6d5ea1cab8f
563,5.04%  116.495      1 Template:Events_by_month_links/box,5.04%  116.495      1 Template:Events_by_month_links/box,2023-11-01,2023,2460249.5,722085.5,wikipedia_en,en,events,https://en.wikipedia.org/wiki/2023,a9b78d9cc097e6d775896bc63af283b5
564,4.97%  114.690      1 Template:Navbox,4.97%  114.690      1 Template:Navbox,2023-11-01,2023,2460249.5,722085.5,wikipedia_en,en,events,https://en.wikipedia.org/wiki/2023,1f1549015ea33be1ed482a5b6d7dac0d
565,"additional terms may apply. By using this site, you agree to the <a href=""https://foundation.wikimed","additional terms may apply. By using this site, you agree to the <a href=""https://foundation.wikimedia.org/wiki/Special:MyLanguage/Policy:Terms_of_Use"" class=""extiw"" title=""foundation:Special:MyLanguage/Policy:Terms of Use"">Terms of Use</a> and <a href=""https://foundation.wikimedia.org/wiki/Special:MyLanguage/Policy:Privacy_policy"" class=""extiw"" title=""foundation:Special:MyLanguage/Policy:Privacy policy"">Privacy Policy</a>. Wikipedia® is a registered trademark of the <a rel=""nofollow"" class=""external text"" href=""https://wikimediafoundation.org/"">Wikimedia Foundation, Inc.</a>, a non-profit organization.</li>",2023-11-01,2023,2460249.5,722085.5,wikipedia_en,en,events,https://en.wikipedia.org/wiki/2023,78d34ef7a468d6f9e164d32128d46f64
744,"| <a href=""/wiki/2030er"" title=""2030er"">2030er</a>&#160;| <a href=""/wiki/2040er"" title=""2040er"">2040","| <a href=""/wiki/2030er"" title=""2030er"">2030er</a>&#160;| <a href=""/wiki/2040er"" title=""2040er"">2040er</a><br />",2023-11-01,2023,2460249.5,722085.5,wikipedia_de,de,ereignis,https://de.wikipedia.org/wiki/2023,bd3964f09afa93d6314b7b38edf2ff3d
745,"| <a href=""/wiki/2024"" title=""2024"">2024</a>&#160;| <a href=""/wiki/2025"" title=""2025"">2025</a>&#160;","| <a href=""/wiki/2024"" title=""2024"">2024</a>&#160;| <a href=""/wiki/2025"" title=""2025"">2025</a>&#160;| <a href=""/wiki/2026"" title=""2026"">2026</a>&#160;| <a href=""/wiki/2027"" title=""2027"">2027</a>&#160;| <a href=""/wiki/2028"" title=""2028"">►</a><br />",2023-11-01,2023,2460249.5,722085.5,wikipedia_de,de,ereignis,https://de.wikipedia.org/wiki/2023,104322ee6e3e09eac3890c613cba3299
866,"class=""vector-toc-list-item vector-toc-level-1 vector-toc-list-item-expanded"">","class=""vector-toc-list-item vector-toc-level-1 vector-toc-list-item-expanded"">",2023-11-01,2023,2460249.5,722085.5,wikipedia_fr,fr,événement,https://fr.wikipedia.org/wiki/2023,a7fe429e2e1b964666343a70ce176262
1489,"Earthquake M6.1 - 20 km NE of Kupang, Indonesia","Magnitude 6.1 earthquake at 20 km NE of Kupang, Indonesia. Depth: Nonekm",2023-11-01,2023,2460249.5,722085.5,usgs_earthquake,en,geological_event,https://earthquake.usgs.gov/earthquakes/eventpage/us7000l85t,67a420d6d4fb324c79386d6801bc9fe5
1050,"Archaeoastronomy and the orientation of churches in the Jesuit missions
  of north-western New Spain","We present an extensive archaeoastronomical study of the orientations of
seventeenth- and eighteenth-century Jesuit churches in the lands of the
historic viceroyalty of New Spain. Our sample includes forty-one chapels and
churches located mainly in present-day Mexico, which documentary sources
indicate were built by the Society, and for which we measured the azimuths and
heights of the horizon of their principal axes using satellite imagery and
digital elevation models. Our results show that neither the orientation diagram
nor the statistical analysis derived from the sample declination histogram can
select a particular orientation pattern with an adequate level of confidence.
We suggest some possible explanations for our results, discussing these North
American churches within a broader cultural and geographical context that
includes previous studies involving Jesuit mission churches in South America.
Based on the analysis of the data presented here, we conclude that the
orientation of Jesuit churches in the viceroyalty of New Spain most likely does
not follow a well-defined prescription.",2023-11-03,2023,2460251.5,722087.5,arxiv,en,scientific_paper,http://arxiv.org/abs/2311.02134v1,e09547d2e7b0beea9db0f24f8908c772
1205,How Charles Babbage invented the Computer,"This paper provides an overview of the successive stages in the development
of Charles Babbage's Analytical Engine, based on the blueprints held in the
Babbage Papers Archive, accessible online through the Science Museum in London.
The first person to decipher these schematics was Allan Bromley, whose
contributions in the 1980s and 1990s significantly advanced our understanding
of Babbage's pioneering work. The Science Museum's digitization of the Babbage
Papers enables a chronological exploration of the evolution of Babbage's
machines. The focus is on the Analytical Engine, shedding light on its lesser
known but crucial transitional phases.",2023-11-07,2023,2460255.5,722091.5,arxiv,en,scientific_paper,http://arxiv.org/abs/2311.04371v1,25f2ef46112952746d912c686a36b1a5
1487,Earthquake M6.7 - Banda Sea,Magnitude 6.7 earthquake at Banda Sea. Depth: Nonekm,2023-11-08,2023,2460256.5,722092.5,usgs_earthquake,en,geological_event,https://earthquake.usgs.gov/earthquakes/eventpage/us7000l9ku,e96f6a91d7442b698b6759b70dc5b6c7
1488,Earthquake M7.1 - Banda Sea,Magnitude 7.1 earthquake at Banda Sea. Depth: Nonekm,2023-11-08,2023,2460256.5,722092.5,usgs_earthquake,en,geological_event,https://earthquake.usgs.gov/earthquakes/eventpage/us7000l9h4,5f21c7c3d567026077d98625c5f6c17f
1486,Earthquake M6.1 - Banda Sea,Magnitude 6.1 earthquake at Banda Sea. Depth: Nonekm,2023-11-10,2023,2460258.5,722094.5,usgs_earthquake,en,geological_event,https://earthquake.usgs.gov/earthquakes/eventpage/us7000la7r,1b38ab538530fae89df7f355cb04794b
1049,The Unsettled Number: Hubble's Tension,"One of main sources of uncertainty in modern cosmology is the present rate of
the universe's expansion, H0, called the Hubble constant. Once again, different
observational techniques bring about different results, causing new 'Hubble
tension'. In the present work, we review the historical roots of the Hubble
constant from the beginning of the twentieth century, when modern cosmology
originated, to the present. We develop the arguments that gave rise to the
importance of measuring the expansion of the Universe and its discovery, and we
describe the different pioneering works attempting to measure it. There has
been a long dispute on this matter, even in the present epoch, which is marked
by high-tech instrumentation and, therefore, in smaller uncertainties in the
relevant parameters. It is, again, currently necessary to conduct a careful and
critical revision of the different methods before one invokes new physics to
solve the so-called Hubble tension.",2023-11-13,2023,2460261.5,722097.5,arxiv,en,scientific_paper,http://arxiv.org/abs/2311.07552v4,a0d8f63bdffc6f07c96a7b196a877124
1485,"Earthquake M6.1 - 126 km WNW of Rabaul, Papua New Guinea","Magnitude 6.1 earthquake at 126 km WNW of Rabaul, Papua New Guinea. Depth: Nonekm",2023-11-13,2023,2460261.5,722097.5,usgs_earthquake,en,geological_event,https://earthquake.usgs.gov/earthquakes/eventpage/us7000lali,cef61849980df4f24e96c48604b8dec2
1484,Earthquake M6.1 - South Indian Ocean,Magnitude 6.1 earthquake at South Indian Ocean. Depth: Nonekm,2023-11-14,2023,2460262.5,722098.5,usgs_earthquake,en,geological_event,https://earthquake.usgs.gov/earthquakes/eventpage/usd00103xy,d241a1b05bd7132566bfba88c208677c
1483,"Earthquake M6.7 - 32 km SW of Kablalan, Philippines","Magnitude 6.7 earthquake at 32 km SW of Kablalan, Philippines. Depth: Nonekm",2023-11-17,2023,2460265.5,722101.5,usgs_earthquake,en,geological_event,https://earthquake.usgs.gov/earthquakes/eventpage/us6000lp12,8ec077f97b674462694c92ffb9521694
1481,"Earthquake M6.7 - 97 km E of Port-Olry, Vanuatu","Magnitude 6.7 earthquake at 97 km E of Port-Olry, Vanuatu. Depth: Nonekm",2023-11-22,2023,2460270.5,722106.5,usgs_earthquake,en,geological_event,https://earthquake.usgs.gov/earthquakes/eventpage/us6000lq00,d83ccecace3b8d2fc12e0831e5e9c03b
1482,"Earthquake M6 - 91 km W of Tobelo, Indonesia","Magnitude 6 earthquake at 91 km W of Tobelo, Indonesia. Depth: Nonekm",2023-11-22,2023,2460270.5,722106.5,usgs_earthquake,en,geological_event,https://earthquake.usgs.gov/earthquakes/eventpage/us6000lpyx,bdd0545c9aeda93dad6b2351a7b21010
1048,Cosmic-Ray Physics at the South Pole,"The geographic South Pole provides unique opportunities to study cosmic
particles in the Southern Hemisphere. It represents an optimal location to
deploy large-scale neutrino telescopes in the deep Antarctic ice, such as
AMANDA or IceCube. In both cases, the presence of an array, constructed to
observe extensive air showers, enables hybrid measurements of cosmic rays.
While additional neutron monitors can provide information on solar cosmic rays,
large detector arrays, like SPASE or IceTop, allow for precise measurements of
cosmic rays with energies above several $100\,\rm{TeV}$. In coincidence with
the signals recorded in the deep ice, which are mostly due to the high-energy
muons produced in air showers, this hybrid detector setup provides important
information about the nature of cosmic rays.
  In this review, we will discuss the historical motivation and developments
towards measurements of cosmic rays at the geographic South Pole and highlight
recent results reported by the IceCube Collaboration. We will emphasize the
important contributions by Thomas K. Gaisser and his colleagues that ultimately
led to the rich Antarctic research program which today provides crucial
insights into cosmic-ray physics.",2023-11-24,2023,2460272.5,722108.5,arxiv,en,scientific_paper,http://arxiv.org/abs/2311.14474v2,40171e729f872f46187e2ca0514fdbce
1480,"Earthquake M6.9 - Maug Islands region, Northern Mariana Islands","Magnitude 6.9 earthquake at Maug Islands region, Northern Mariana Islands. Depth: Nonekm",2023-11-24,2023,2460272.5,722108.5,usgs_earthquake,en,geological_event,https://earthquake.usgs.gov/earthquakes/eventpage/us6000lqf9,012c34e4829f207168b816fb03c169a6
1479,"Earthquake M6.5 - 44 km E of Wewak, Papua New Guinea","Magnitude 6.5 earthquake at 44 km E of Wewak, Papua New Guinea. Depth: Nonekm",2023-11-27,2023,2460275.5,722111.5,usgs_earthquake,en,geological_event,https://earthquake.usgs.gov/earthquakes/eventpage/us7000le6w,eb5904344d566723c5ee00fd21b1c1cf
1047,"Anticipations and Discoveries of the Heavy Hydrogen Isotopes, 1913-1939","Just as the chemical elements from hydrogen (Z = 1) to oganesson (Z = 118)
once were discovered, so were the numerous isotopes. The histories of how the
isotopes were discovered are less well known, but in a few cases they are as
interesting and instructive as those of the elements figuring in the periodic
table. Following an overview of criteria usually associated with the concept of
discovery in general, this paper examines in detail the historical developments
that led to the discoveries of deuterium and tritium and also, as a by-product,
the helium-3 isotope. It also includes a brief section on the neutron, which in
the 1920s, when it was still a hypothetical particle, was sometimes discussed
together with the mass-2 and mass-3 hydrogen isotopes. The paper concludes with
a discussion of priority questions relating to suggestions of the two heavy
isotopes as well as to their actual discoveries.",2023-11-29,2023,2460277.5,722113.5,arxiv,en,scientific_paper,http://arxiv.org/abs/2311.17427v1,53c9980e45545578f5246ea69888909f
178,"RLSTATE={""ext.gadget.wikiflex"":""ready"",""ext.gadget.infobox"":""ready"",""ext.gadget.hlist"":""ready"",""ext.","RLSTATE={""ext.gadget.wikiflex"":""ready"",""ext.gadget.infobox"":""ready"",""ext.gadget.hlist"":""ready"",""ext.gadget.darkmode-overrides"":""ready"",""ext.gadget.small-references"":""ready"",""ext.gadget.citation-access-info"":""ready"",""ext.gadget.sprawdz-problemy-szablony"":""ready"",""ext.globalCssJs.user.styles"":""ready"",""site.styles"":""ready"",""user.styles"":""ready"",""ext.globalCssJs.user"":""ready"",""user"":""ready"",""user.options"":""loading"",""ext.cite.styles"":""ready"",""ext.wikimediamessages.styles"":""ready"",""skins.vector.search.codex.styles"":""ready"",""skins.vector.styles"":""ready"",""skins.vector.icons"":""ready"",""jquery.makeCollapsible.styles"":""ready"",""ext.flaggedRevs.basic"":""ready"",""mediawiki.codex.messagebox.styles"":""ready"",""ext.visualEditor.desktopArticleTarget.noscript"":""ready"",""ext.uls.interlanguage"":""ready"",""wikibase.client.init"":""ready"",""ext.wikimediaBadges"":""ready""};RLPAGEMODULES=[""ext.xLab"",""ext.cite.ux-enhancements"",""ext.scribunto.logs"",""site"",""mediawiki.page.ready"",""jquery.makeCollapsible"",""mediawiki.toc"",""skins.vector.js"",""ext.centralNotice.geoIP"",""ext.centralNotice.startUp"",""ext.flaggedRevs.advanced"",""ext.gadget.ll-script-loader"",""ext.gadget.veKeepParameters"",""ext.gadget.szablon-galeria"",""ext.gadget.NavFrame"",""ext.gadget.citoid-overrides"",""ext.gadget.maps"",""ext.gadget.padlock-indicators"",""ext.gadget.interwiki-langlist"",""ext.gadget.edit-summaries"",""ext.gadget.edit-first-section"",""ext.gadget.wikibugs"",""ext.gadget.map-toggler"",""ext.gadget.narrowFootnoteColumns"",""ext.gadget.ally-enhance"",""ext.gadget.WDsearch"",""ext.urlShortener.toolbar"",""ext.centralauth.centralautologin"",""ext.popups"",""ext.visualEditor.desktopArticleTarget.init"",""ext.visualEditor.targetLoader"",""ext.echo.centralauth"",""ext.eventLogging"",""ext.wikimediaEvents"",""ext.navigationTiming"",""ext.uls.interface"",""ext.cx.eventlogging.campaigns"",""ext.cx.uls.quick.actions"",""wikibase.client.vector-2022"",""ext.checkUser.clientHints"",""ext.growthExperiments.SuggestedEditSession""];</script>",2023-12-01,2023,2460279.5,722115.5,wikipedia_pl,pl,wydarzen,https://pl.wikipedia.org/wiki/2023,595a576153d04062de0c65cc98bd9876
179,15.76%  104.253      1 Szablon:Szablon_nawigacyjny,15.76%  104.253      1 Szablon:Szablon_nawigacyjny,2023-12-01,2023,2460279.5,722115.5,wikipedia_pl,pl,wydarzen,https://pl.wikipedia.org/wiki/2023,579aa71263010858b4e8e9419417d55d
180,10.53%   69.661      1 Szablon:Miesiąc,10.53%   69.661      1 Szablon:Miesiąc,2023-12-01,2023,2460279.5,722115.5,wikipedia_pl,pl,wydarzen,https://pl.wikipedia.org/wiki/2023,a668dfeb47cc758f061576ac681eaad3
181,9.62%   63.657    102 Szablon:Lang,9.62%   63.657    102 Szablon:Lang,2023-12-01,2023,2460279.5,722115.5,wikipedia_pl,pl,wydarzen,https://pl.wikipedia.org/wiki/2023,d400e39e2293958ff4a224a445278a51
182,9.39%   62.105      1 Szablon:Kalendarz,9.39%   62.105      1 Szablon:Kalendarz,2023-12-01,2023,2460279.5,722115.5,wikipedia_pl,pl,wydarzen,https://pl.wikipedia.org/wiki/2023,12e7553c4e61b62b9ca6c89341b12b95
183,3.14%   20.752     31 Szablon:Kalendarz/link,3.14%   20.752     31 Szablon:Kalendarz/link,2023-12-01,2023,2460279.5,722115.5,wikipedia_pl,pl,wydarzen,https://pl.wikipedia.org/wiki/2023,1b970176bf03f8708890ec113458b982
184,1.95%   12.890      1 Szablon:Spis_treści,1.95%   12.890      1 Szablon:Spis_treści,2023-12-01,2023,2460279.5,722115.5,wikipedia_pl,pl,wydarzen,https://pl.wikipedia.org/wiki/2023,5a63fb5bb38b6371ba9fa9320f613d02
185,"Zobacz szczegółowe informacje o <a class=""external text"" href=""https://foundation.wikimedia.org/wiki","Zobacz szczegółowe informacje o <a class=""external text"" href=""https://foundation.wikimedia.org/wiki/Policy:Terms_of_Use/pl"">warunkach korzystania</a>.</li>",2023-12-01,2023,2460279.5,722115.5,wikipedia_pl,pl,wydarzen,https://pl.wikipedia.org/wiki/2023,ba7c9ed99fe4096ea67aa062d98f22d2
566,"class=""vector-toc-list-item vector-toc-level-1 vector-toc-list-item-expanded"">","class=""vector-toc-list-item vector-toc-level-1 vector-toc-list-item-expanded"">",2023-12-01,2023,2460279.5,722115.5,wikipedia_en,en,events,https://en.wikipedia.org/wiki/2023,7f07ebd32d31e0a3aa0f8244bfc0e75b
567,"class=""vector-toc-list-item vector-toc-level-2"">","class=""vector-toc-list-item vector-toc-level-2"">",2023-12-01,2023,2460279.5,722115.5,wikipedia_en,en,events,https://en.wikipedia.org/wiki/2023,36647ec53e6978124558e10d26cecc5a
568,"Millennium</th></tr><tr><td class=""sidebar-content hlist"">","Millennium</th></tr><tr><td class=""sidebar-content hlist"">",2023-12-01,2023,2460279.5,722115.5,wikipedia_en,en,events,https://en.wikipedia.org/wiki/2023,1fb01f0c805869ad4d803759bddd49a7
569,"Centuries</th></tr><tr><td class=""sidebar-content hlist"">","Centuries</th></tr><tr><td class=""sidebar-content hlist"">",2023-12-01,2023,2460279.5,722115.5,wikipedia_en,en,events,https://en.wikipedia.org/wiki/2023,a636a5a1a8fdd81bab4c6bb2396aeed5
570,5.04%  116.495      1 Template:Events_by_month_links/box,5.04%  116.495      1 Template:Events_by_month_links/box,2023-12-01,2023,2460279.5,722115.5,wikipedia_en,en,events,https://en.wikipedia.org/wiki/2023,9f98860b61e39f70cfe4604e334c1319
571,4.97%  114.690      1 Template:Navbox,4.97%  114.690      1 Template:Navbox,2023-12-01,2023,2460279.5,722115.5,wikipedia_en,en,events,https://en.wikipedia.org/wiki/2023,e569163619101ac9b83a6a32b56600e8
572,"additional terms may apply. By using this site, you agree to the <a href=""https://foundation.wikimed","additional terms may apply. By using this site, you agree to the <a href=""https://foundation.wikimedia.org/wiki/Special:MyLanguage/Policy:Terms_of_Use"" class=""extiw"" title=""foundation:Special:MyLanguage/Policy:Terms of Use"">Terms of Use</a> and <a href=""https://foundation.wikimedia.org/wiki/Special:MyLanguage/Policy:Privacy_policy"" class=""extiw"" title=""foundation:Special:MyLanguage/Policy:Privacy policy"">Privacy Policy</a>. Wikipedia® is a registered trademark of the <a rel=""nofollow"" class=""external text"" href=""https://wikimediafoundation.org/"">Wikimedia Foundation, Inc.</a>, a non-profit organization.</li>",2023-12-01,2023,2460279.5,722115.5,wikipedia_en,en,events,https://en.wikipedia.org/wiki/2023,d91d5994568fc8e020022693c5070013
746,"| <a href=""/wiki/2030er"" title=""2030er"">2030er</a>&#160;| <a href=""/wiki/2040er"" title=""2040er"">2040","| <a href=""/wiki/2030er"" title=""2030er"">2030er</a>&#160;| <a href=""/wiki/2040er"" title=""2040er"">2040er</a><br />",2023-12-01,2023,2460279.5,722115.5,wikipedia_de,de,ereignis,https://de.wikipedia.org/wiki/2023,cea45e17f276624bfd68b7e33f6d6eb2
747,"| <a href=""/wiki/2024"" title=""2024"">2024</a>&#160;| <a href=""/wiki/2025"" title=""2025"">2025</a>&#160;","| <a href=""/wiki/2024"" title=""2024"">2024</a>&#160;| <a href=""/wiki/2025"" title=""2025"">2025</a>&#160;| <a href=""/wiki/2026"" title=""2026"">2026</a>&#160;| <a href=""/wiki/2027"" title=""2027"">2027</a>&#160;| <a href=""/wiki/2028"" title=""2028"">►</a><br />",2023-12-01,2023,2460279.5,722115.5,wikipedia_de,de,ereignis,https://de.wikipedia.org/wiki/2023,c9b0ca9564eeb6d83de545e51b480eb3
867,"class=""vector-toc-list-item vector-toc-level-1 vector-toc-list-item-expanded"">","class=""vector-toc-list-item vector-toc-level-1 vector-toc-list-item-expanded"">",2023-12-01,2023,2460279.5,722115.5,wikipedia_fr,fr,événement,https://fr.wikipedia.org/wiki/2023,b55ebc373720481bf999eb85780373e3
1474,"Earthquake M6 - 49 km NE of Barcelona, Philippines","Magnitude 6 earthquake at 49 km NE of Barcelona, Philippines. Depth: Nonekm",2023-12-02,2023,2460280.5,722116.5,usgs_earthquake,en,geological_event,https://earthquake.usgs.gov/earthquakes/eventpage/us7000lgan,7835bbf55f4fd116b333a1e8f012d3dc
1475,"Earthquake M6.3 - 63 km ENE of Barcelona, Philippines","Magnitude 6.3 earthquake at 63 km ENE of Barcelona, Philippines. Depth: Nonekm",2023-12-02,2023,2460280.5,722116.5,usgs_earthquake,en,geological_event,https://earthquake.usgs.gov/earthquakes/eventpage/us7000lfkh,01f464ef10806ae1617d4c6ad79a8087
1476,"Earthquake M6.1 - 41 km NE of Barcelona, Philippines","Magnitude 6.1 earthquake at 41 km NE of Barcelona, Philippines. Depth: Nonekm",2023-12-02,2023,2460280.5,722116.5,usgs_earthquake,en,geological_event,https://earthquake.usgs.gov/earthquakes/eventpage/us7000lfjr,a912d9ebbe876452e5dd11dc3201dc27
1477,"Earthquake M6.4 - 47 km NE of Barcelona, Philippines","Magnitude 6.4 earthquake at 47 km NE of Barcelona, Philippines. Depth: Nonekm",2023-12-02,2023,2460280.5,722116.5,usgs_earthquake,en,geological_event,https://earthquake.usgs.gov/earthquakes/eventpage/us7000lfi0,29148382f45f8cbd85828e45bbd206ad
1478,"Earthquake M7.6 - 19 km E of Gamut, Philippines","Magnitude 7.6 earthquake at 19 km E of Gamut, Philippines. Depth: Nonekm",2023-12-02,2023,2460280.5,722116.5,usgs_earthquake,en,geological_event,https://earthquake.usgs.gov/earthquakes/eventpage/us7000lff4,c53af6b24ac622c3081b94a3ae2b4975
1471,"Earthquake M6.9 - 34 km ENE of Aras-asan, Philippines","Magnitude 6.9 earthquake at 34 km ENE of Aras-asan, Philippines. Depth: Nonekm",2023-12-03,2023,2460281.5,722117.5,usgs_earthquake,en,geological_event,https://earthquake.usgs.gov/earthquakes/eventpage/us7000lfxx,aff678078cb68e93bac2bf33c4d14195
1472,"Earthquake M6 - 58 km E of Marihatag, Philippines","Magnitude 6 earthquake at 58 km E of Marihatag, Philippines. Depth: Nonekm",2023-12-03,2023,2460281.5,722117.5,usgs_earthquake,en,geological_event,https://earthquake.usgs.gov/earthquakes/eventpage/us7000lfwj,a5d7533bfea37a6206649de283984291
1473,"Earthquake M6.6 - 47 km ENE of Hinatuan, Philippines","Magnitude 6.6 earthquake at 47 km ENE of Hinatuan, Philippines. Depth: Nonekm",2023-12-03,2023,2460281.5,722117.5,usgs_earthquake,en,geological_event,https://earthquake.usgs.gov/earthquakes/eventpage/us7000lftp,24b606957076ee92d68e3cb97bc1925f
1470,"Earthquake M7.1 - 118 km S of Isangel, Vanuatu","Magnitude 7.1 earthquake at 118 km S of Isangel, Vanuatu. Depth: Nonekm",2023-12-07,2023,2460285.5,722121.5,usgs_earthquake,en,geological_event,https://earthquake.usgs.gov/earthquakes/eventpage/us7000lgwp,7a48caa785ae4f74a23c574f55d87b3f
1046,"The Change-Driver Account of Scientific Discovery: Philosophical and
  Historical Dimensions of the Discovery of the Expanding Universe","This paper critically examines the models of scientific discovery propounded
by Kuhn, McArthur, Hudson, and Schindler. As an alternative, we proffer the
$\unicode{x201c}$change$\unicode{x2013}$driver model$\unicode{x201c}$. It
conceives of discoveries as problems or solutions to problems that have
epistemically advanced science. Here we take a problem to be generated by a
datum that we want to account for and make sense of$\unicode{x2013}$by putting
it in contact with our wider web of scientific knowledge and understanding. The
model overcomes the shortcomings of its precursors, whilst preserving their
insights. We demonstrate its intensional and extensional superiority,
especially with respect to the link between scientific discoveries and the
dynamics of science. Both as an illustration, and as an application to a recent
scientific and political controversy, we apply the considered models of
discovery to one of the most momentous discoveries of science: the expansion of
the universe.",2023-12-11,2023,2460289.5,722125.5,arxiv,en,scientific_paper,http://arxiv.org/abs/2312.06593v2,733c98a46818803d6f62accfbd2b1fab
1469,"Earthquake M6.2 - 174 km NW of Fangale’ounga, Tonga","Magnitude 6.2 earthquake at 174 km NW of Fangale’ounga, Tonga. Depth: Nonekm",2023-12-11,2023,2460289.5,722125.5,usgs_earthquake,en,geological_event,https://earthquake.usgs.gov/earthquakes/eventpage/us7000li15,b38c9c02faae4b2bae49f6acf7f8175e
1468,"Earthquake M6.2 - 11 km E of Iray, Peru","Magnitude 6.2 earthquake at 11 km E of Iray, Peru. Depth: Nonekm",2023-12-20,2023,2460298.5,722134.5,usgs_earthquake,en,geological_event,https://earthquake.usgs.gov/earthquakes/eventpage/us7000lkb1,0e11922a0a7d2e1a3672f72f6e9f1ca6
1467,"Earthquake M6.1 - 116 km SE of Adak, Alaska","Magnitude 6.1 earthquake at 116 km SE of Adak, Alaska. Depth: Nonekm",2023-12-21,2023,2460299.5,722135.5,usgs_earthquake,en,geological_event,https://earthquake.usgs.gov/earthquakes/eventpage/usd0010b4f,fa8369873826787d363bf8e5649ad482
1466,Earthquake M6.1 - south of Africa,Magnitude 6.1 earthquake at south of Africa. Depth: Nonekm,2023-12-22,2023,2460300.5,722136.5,usgs_earthquake,en,geological_event,https://earthquake.usgs.gov/earthquakes/eventpage/us7000lkxb,d76e2603eb012c43944921e130092bc0
1465,"Earthquake M6.5 - 115 km SE of Kuril’sk, Russia","Magnitude 6.5 earthquake at 115 km SE of Kuril’sk, Russia. Depth: Nonekm",2023-12-28,2023,2460306.5,722142.5,usgs_earthquake,en,geological_event,https://earthquake.usgs.gov/earthquakes/eventpage/us6000m05c,d15db0255a61af508bf314e0888247bc
1045,Principle Interference in Technical and Scientific Translation,"In this article, I will explore the nature of interference in translation,
especially in technical and scientific texts, using a descriptivist approach. I
will have a brief overview of the historical excursion of interference in
technical and scientific translation. My aim is to explain this phenomenon and
its causes with all its paradoxes, instead of simply condemning it as an
example of supposedly bad translation. Thus, I will focus on its status in the
bibliography of translation, on the motives for and consequences of
interference in specialized translation, as well as on the nature of the
arguments given for and against this phenomenon. Therefore the relationship
between different societies has always been possible with the act of
translation. When civilizations are examined throughout history, it is seen
that the dissemination of knowledge among different societies has been achieved
by translation. These societies have often become aware of the advancements in
technology and science by means of translation. Therefore; translation becomes
very significant in technical contact between societies and humans. Since the
translation of technical texts is the preliminary scope of this thesis, it will
be beneficial to have a brief look at the history of technical translation in
the world.",2023-12-30,2023,2460308.5,722144.5,arxiv,en,scientific_paper,http://arxiv.org/abs/2401.00177v1,5e85ee0fa6aba3f7d3f55fd76dd9e274
1464,"Earthquake M6.3 - 146 km WSW of Abepura, Indonesia","Magnitude 6.3 earthquake at 146 km WSW of Abepura, Indonesia. Depth: Nonekm",2023-12-30,2023,2460308.5,722144.5,usgs_earthquake,en,geological_event,https://earthquake.usgs.gov/earthquakes/eventpage/us6000m0n6,168a0544722619aaf5657bc4da7f456c
186,"RLSTATE={""ext.gadget.wikiflex"":""ready"",""ext.gadget.infobox"":""ready"",""ext.gadget.hlist"":""ready"",""ext.","RLSTATE={""ext.gadget.wikiflex"":""ready"",""ext.gadget.infobox"":""ready"",""ext.gadget.hlist"":""ready"",""ext.gadget.darkmode-overrides"":""ready"",""ext.gadget.small-references"":""ready"",""ext.gadget.citation-access-info"":""ready"",""ext.gadget.sprawdz-problemy-szablony"":""ready"",""ext.globalCssJs.user.styles"":""ready"",""site.styles"":""ready"",""user.styles"":""ready"",""ext.globalCssJs.user"":""ready"",""user"":""ready"",""user.options"":""loading"",""ext.cite.styles"":""ready"",""ext.wikimediamessages.styles"":""ready"",""skins.vector.search.codex.styles"":""ready"",""skins.vector.styles"":""ready"",""skins.vector.icons"":""ready"",""jquery.makeCollapsible.styles"":""ready"",""ext.flaggedRevs.basic"":""ready"",""mediawiki.codex.messagebox.styles"":""ready"",""ext.visualEditor.desktopArticleTarget.noscript"":""ready"",""ext.uls.interlanguage"":""ready"",""wikibase.client.init"":""ready"",""ext.wikimediaBadges"":""ready""};RLPAGEMODULES=[""ext.xLab"",""ext.cite.ux-enhancements"",""ext.scribunto.logs"",""site"",""mediawiki.page.ready"",""jquery.makeCollapsible"",""mediawiki.toc"",""skins.vector.js"",""ext.centralNotice.geoIP"",""ext.centralNotice.startUp"",""ext.flaggedRevs.advanced"",""ext.gadget.ll-script-loader"",""ext.gadget.veKeepParameters"",""ext.gadget.szablon-galeria"",""ext.gadget.NavFrame"",""ext.gadget.citoid-overrides"",""ext.gadget.maps"",""ext.gadget.padlock-indicators"",""ext.gadget.interwiki-langlist"",""ext.gadget.edit-summaries"",""ext.gadget.edit-first-section"",""ext.gadget.wikibugs"",""ext.gadget.map-toggler"",""ext.gadget.narrowFootnoteColumns"",""ext.gadget.ally-enhance"",""ext.gadget.WDsearch"",""ext.urlShortener.toolbar"",""ext.centralauth.centralautologin"",""mmv.bootstrap"",""ext.popups"",""ext.visualEditor.desktopArticleTarget.init"",""ext.visualEditor.targetLoader"",""ext.echo.centralauth"",""ext.eventLogging"",""ext.wikimediaEvents"",""ext.navigationTiming"",""ext.uls.interface"",""ext.cx.eventlogging.campaigns"",""ext.cx.uls.quick.actions"",""wikibase.client.vector-2022"",""ext.checkUser.clientHints"",""ext.growthExperiments.SuggestedEditSession""];</script>",2024-01-01,2024,2460310.5,722146.5,wikipedia_pl,pl,wydarzen,https://pl.wikipedia.org/wiki/2024,daff1a64a3ae5cc83d6acc2ad1651f7c
187,14.35%  119.399      1 Szablon:Szablon_nawigacyjny,14.35%  119.399      1 Szablon:Szablon_nawigacyjny,2024-01-01,2024,2460310.5,722146.5,wikipedia_pl,pl,wydarzen,https://pl.wikipedia.org/wiki/2024,ef5e09da393fa559c9633f66eab373fe
188,8.93%   74.283     85 Szablon:Lang,8.93%   74.283     85 Szablon:Lang,2024-01-01,2024,2460310.5,722146.5,wikipedia_pl,pl,wydarzen,https://pl.wikipedia.org/wiki/2024,2f398c185716ad0f943e57d7c29f18fc
189,7.98%   66.431      7 Szablon:Link-interwiki,7.98%   66.431      7 Szablon:Link-interwiki,2024-01-01,2024,2460310.5,722146.5,wikipedia_pl,pl,wydarzen,https://pl.wikipedia.org/wiki/2024,b992c10affb20f5ddf40cf8304288a5d
190,6.41%   53.314      1 Szablon:Miesiąc,6.41%   53.314      1 Szablon:Miesiąc,2024-01-01,2024,2460310.5,722146.5,wikipedia_pl,pl,wydarzen,https://pl.wikipedia.org/wiki/2024,b06475748207cf85a6329f752b0a6eff
191,5.80%   48.304      1 Szablon:Kalendarz,5.80%   48.304      1 Szablon:Kalendarz,2024-01-01,2024,2460310.5,722146.5,wikipedia_pl,pl,wydarzen,https://pl.wikipedia.org/wiki/2024,60f5956b293a5892ae6d1a3d0e9e9998
192,3.49%   29.031      3 Szablon:Cytuj,3.49%   29.031      3 Szablon:Cytuj,2024-01-01,2024,2460310.5,722146.5,wikipedia_pl,pl,wydarzen,https://pl.wikipedia.org/wiki/2024,bee9dbc95863e0aa0ec41e891b65c8b1
193,"Zobacz szczegółowe informacje o <a class=""external text"" href=""https://foundation.wikimedia.org/wiki","Zobacz szczegółowe informacje o <a class=""external text"" href=""https://foundation.wikimedia.org/wiki/Policy:Terms_of_Use/pl"">warunkach korzystania</a>.</li>",2024-01-01,2024,2460310.5,722146.5,wikipedia_pl,pl,wydarzen,https://pl.wikipedia.org/wiki/2024,8b858e4e7b85e74510ace61e55f593f6
573,"class=""vector-toc-list-item vector-toc-level-1 vector-toc-list-item-expanded"">","class=""vector-toc-list-item vector-toc-level-1 vector-toc-list-item-expanded"">",2024-01-01,2024,2460310.5,722146.5,wikipedia_en,en,events,https://en.wikipedia.org/wiki/2024,c9270ca4426415e7d2230bca43465aba
574,"class=""vector-toc-list-item vector-toc-level-2"">","class=""vector-toc-list-item vector-toc-level-2"">",2024-01-01,2024,2460310.5,722146.5,wikipedia_en,en,events,https://en.wikipedia.org/wiki/2024,acc2a649e4dfb34c8e6f567e4ee1d31e
575,"Millennium</th></tr><tr><td class=""sidebar-content hlist"">","Millennium</th></tr><tr><td class=""sidebar-content hlist"">",2024-01-01,2024,2460310.5,722146.5,wikipedia_en,en,events,https://en.wikipedia.org/wiki/2024,ac039d9ac56ac9a39efb3571496d549b
576,"Centuries</th></tr><tr><td class=""sidebar-content hlist"">","Centuries</th></tr><tr><td class=""sidebar-content hlist"">",2024-01-01,2024,2460310.5,722146.5,wikipedia_en,en,events,https://en.wikipedia.org/wiki/2024,084c3b97ade1e1ff6a53e8636bfe7a2c
577,"additional terms may apply. By using this site, you agree to the <a href=""https://foundation.wikimed","additional terms may apply. By using this site, you agree to the <a href=""https://foundation.wikimedia.org/wiki/Special:MyLanguage/Policy:Terms_of_Use"" class=""extiw"" title=""foundation:Special:MyLanguage/Policy:Terms of Use"">Terms of Use</a> and <a href=""https://foundation.wikimedia.org/wiki/Special:MyLanguage/Policy:Privacy_policy"" class=""extiw"" title=""foundation:Special:MyLanguage/Policy:Privacy policy"">Privacy Policy</a>. Wikipedia® is a registered trademark of the <a rel=""nofollow"" class=""external text"" href=""https://wikimediafoundation.org/"">Wikimedia Foundation, Inc.</a>, a non-profit organization.</li>",2024-01-01,2024,2460310.5,722146.5,wikipedia_en,en,events,https://en.wikipedia.org/wiki/2024,2bb6e0e9c2e6ad8797034180d9031126
748,"| <a href=""/wiki/2030er"" title=""2030er"">2030er</a>&#160;| <a href=""/wiki/2040er"" title=""2040er"">2040","| <a href=""/wiki/2030er"" title=""2030er"">2030er</a>&#160;| <a href=""/wiki/2040er"" title=""2040er"">2040er</a><br />",2024-01-01,2024,2460310.5,722146.5,wikipedia_de,de,ereignis,https://de.wikipedia.org/wiki/2024,d2c26c9842cccfb16ad20b9bb02fe3cd
749,"| <a href=""/wiki/2025"" title=""2025"">2025</a>&#160;| <a href=""/wiki/2026"" title=""2026"">2026</a>&#160;","| <a href=""/wiki/2025"" title=""2025"">2025</a>&#160;| <a href=""/wiki/2026"" title=""2026"">2026</a>&#160;| <a href=""/wiki/2027"" title=""2027"">2027</a>&#160;| <a href=""/wiki/2028"" title=""2028"">2028</a>&#160;| <a href=""/wiki/2029"" title=""2029"">►</a><br />",2024-01-01,2024,2460310.5,722146.5,wikipedia_de,de,ereignis,https://de.wikipedia.org/wiki/2024,0b8f9028e5590ba5a91f4db8b59d2861
868,"class=""vector-toc-list-item vector-toc-level-1 vector-toc-list-item-expanded"">","class=""vector-toc-list-item vector-toc-level-1 vector-toc-list-item-expanded"">",2024-01-01,2024,2460310.5,722146.5,wikipedia_fr,fr,événement,https://fr.wikipedia.org/wiki/2024,2b78109bccfb7a1371881c072212add7
1462,"Earthquake M6.2 - 8 km SW of Anamizu, Japan","Magnitude 6.2 earthquake at 8 km SW of Anamizu, Japan. Depth: Nonekm",2024-01-01,2024,2460310.5,722146.5,usgs_earthquake,en,geological_event,https://earthquake.usgs.gov/earthquakes/eventpage/us6000m0xm,8a3d38bf9ca52e26c51c259990771e3e
1463,"Earthquake M7.5 - 2024 Noto Peninsula, Japan Earthquake","Magnitude 7.5 earthquake at 2024 Noto Peninsula, Japan Earthquake. Depth: Nonekm",2024-01-01,2024,2460310.5,722146.5,usgs_earthquake,en,geological_event,https://earthquake.usgs.gov/earthquakes/eventpage/us6000m0xl,2340748c96d8cad8dda0811a9c72feb4
1461,"Earthquake M6.7 - 93 km SE of Sarangani, Philippines","Magnitude 6.7 earthquake at 93 km SE of Sarangani, Philippines. Depth: Nonekm",2024-01-08,2024,2460317.5,722153.5,usgs_earthquake,en,geological_event,https://earthquake.usgs.gov/earthquakes/eventpage/us6000m2jp,08d692712ec6da43c184d7ed5e9fa8b8
1460,"Earthquake M6.4 - 45 km SSW of Jurm, Afghanistan","Magnitude 6.4 earthquake at 45 km SSW of Jurm, Afghanistan. Depth: Nonekm",2024-01-11,2024,2460320.5,722156.5,usgs_earthquake,en,geological_event,https://earthquake.usgs.gov/earthquakes/eventpage/us6000m31m,4baaae7af958f1b5ea4d1b3f9eeaf2d9
1459,"Earthquake M6.4 - 148 km NW of Fangale’ounga, Tonga","Magnitude 6.4 earthquake at 148 km NW of Fangale’ounga, Tonga. Depth: Nonekm",2024-01-18,2024,2460327.5,722163.5,usgs_earthquake,en,geological_event,https://earthquake.usgs.gov/earthquakes/eventpage/us6000m4js,9f3b048c9f0c716c6d3ab7b5296ce04f
1456,Earthquake M6.2 - Southwest Indian Ridge,Magnitude 6.2 earthquake at Southwest Indian Ridge. Depth: Nonekm,2024-01-20,2024,2460329.5,722165.5,usgs_earthquake,en,geological_event,https://earthquake.usgs.gov/earthquakes/eventpage/us6000m53t,0bd389c0a92b7067c44aa8c3a234f170
1457,"Earthquake M6.6 - 123 km NW of Tarauacá, Brazil","Magnitude 6.6 earthquake at 123 km NW of Tarauacá, Brazil. Depth: Nonekm",2024-01-20,2024,2460329.5,722165.5,usgs_earthquake,en,geological_event,https://earthquake.usgs.gov/earthquakes/eventpage/us6000m52p,41486dfafc22de8435ee3087102f88d6
1458,"Earthquake M6.1 - Pagan region, Northern Mariana Islands","Magnitude 6.1 earthquake at Pagan region, Northern Mariana Islands. Depth: Nonekm",2024-01-20,2024,2460329.5,722165.5,usgs_earthquake,en,geological_event,https://earthquake.usgs.gov/earthquakes/eventpage/us6000m50e,5128807613b1154dc56fcb1d11e53f52
1455,"Earthquake M7 - 128 km WNW of Aykol, China","Magnitude 7 earthquake at 128 km WNW of Aykol, China. Depth: Nonekm",2024-01-22,2024,2460331.5,722167.5,usgs_earthquake,en,geological_event,https://earthquake.usgs.gov/earthquakes/eventpage/us7000lsze,50947fe050d4bf9c316645a979df8b84
1454,"Earthquake M6.3 - 39 km SW of Port-Vila, Vanuatu","Magnitude 6.3 earthquake at 39 km SW of Port-Vila, Vanuatu. Depth: Nonekm",2024-01-23,2024,2460332.5,722168.5,usgs_earthquake,en,geological_event,https://earthquake.usgs.gov/earthquakes/eventpage/us7000lt73,988daebbbba110e305206d3b3c6cd36c
1453,"Earthquake M6.1 - 15 km W of Taxisco, Guatemala","Magnitude 6.1 earthquake at 15 km W of Taxisco, Guatemala. Depth: Nonekm",2024-01-27,2024,2460336.5,722172.5,usgs_earthquake,en,geological_event,https://earthquake.usgs.gov/earthquakes/eventpage/us7000luai,bebaaa3cd2a89950ee79d5e07157fc7e
1452,"Earthquake M6.5 - 70 km W of Tarauacá, Brazil","Magnitude 6.5 earthquake at 70 km W of Tarauacá, Brazil. Depth: Nonekm",2024-01-28,2024,2460337.5,722173.5,usgs_earthquake,en,geological_event,https://earthquake.usgs.gov/earthquakes/eventpage/us7000lui3,fbcc4c84e54a50b7ac03b439b4180a26
1044,"The development of the concept of exchange forces in the 1930s: close
  encounters between Europe and Japan and the birth of nuclear theory","The onset and the development of the concept of exchange force in quantum
physics are historically reconstructed, starting from Heisenberg's seminal
contributions in 1926 and going through the great developments in nuclear
physics, which allowed the emergence of the idea of force mediating virtual
quanta. Although most of such work was performed in Europe, the last and
decisive effort in this long path was carried out by Japanese scientists in the
1930s. This is the main focus of the present work, which retraces the
achievements of Yukawa and Tomonaga, whose results and mutual interactions are
carefully analyzed and related to those of European physicists.",2024-01-31,2024,2460340.5,722176.5,arxiv,en,scientific_paper,http://arxiv.org/abs/2402.00191v1,71e12d262608f8d8611b0f4dc67e82f2
194,"RLSTATE={""ext.gadget.wikiflex"":""ready"",""ext.gadget.infobox"":""ready"",""ext.gadget.hlist"":""ready"",""ext.","RLSTATE={""ext.gadget.wikiflex"":""ready"",""ext.gadget.infobox"":""ready"",""ext.gadget.hlist"":""ready"",""ext.gadget.darkmode-overrides"":""ready"",""ext.gadget.small-references"":""ready"",""ext.gadget.citation-access-info"":""ready"",""ext.gadget.sprawdz-problemy-szablony"":""ready"",""ext.globalCssJs.user.styles"":""ready"",""site.styles"":""ready"",""user.styles"":""ready"",""ext.globalCssJs.user"":""ready"",""user"":""ready"",""user.options"":""loading"",""ext.cite.styles"":""ready"",""ext.wikimediamessages.styles"":""ready"",""skins.vector.search.codex.styles"":""ready"",""skins.vector.styles"":""ready"",""skins.vector.icons"":""ready"",""jquery.makeCollapsible.styles"":""ready"",""ext.flaggedRevs.basic"":""ready"",""mediawiki.codex.messagebox.styles"":""ready"",""ext.visualEditor.desktopArticleTarget.noscript"":""ready"",""ext.uls.interlanguage"":""ready"",""wikibase.client.init"":""ready"",""ext.wikimediaBadges"":""ready""};RLPAGEMODULES=[""ext.xLab"",""ext.cite.ux-enhancements"",""ext.scribunto.logs"",""site"",""mediawiki.page.ready"",""jquery.makeCollapsible"",""mediawiki.toc"",""skins.vector.js"",""ext.centralNotice.geoIP"",""ext.centralNotice.startUp"",""ext.flaggedRevs.advanced"",""ext.gadget.ll-script-loader"",""ext.gadget.veKeepParameters"",""ext.gadget.szablon-galeria"",""ext.gadget.NavFrame"",""ext.gadget.citoid-overrides"",""ext.gadget.maps"",""ext.gadget.padlock-indicators"",""ext.gadget.interwiki-langlist"",""ext.gadget.edit-summaries"",""ext.gadget.edit-first-section"",""ext.gadget.wikibugs"",""ext.gadget.map-toggler"",""ext.gadget.narrowFootnoteColumns"",""ext.gadget.ally-enhance"",""ext.gadget.WDsearch"",""ext.urlShortener.toolbar"",""ext.centralauth.centralautologin"",""ext.popups"",""ext.visualEditor.desktopArticleTarget.init"",""ext.visualEditor.targetLoader"",""ext.echo.centralauth"",""ext.eventLogging"",""ext.wikimediaEvents"",""ext.navigationTiming"",""ext.uls.interface"",""ext.cx.eventlogging.campaigns"",""ext.cx.uls.quick.actions"",""wikibase.client.vector-2022"",""ext.checkUser.clientHints"",""ext.growthExperiments.SuggestedEditSession""];</script>",2024-02-01,2024,2460341.5,722177.5,wikipedia_pl,pl,wydarzen,https://pl.wikipedia.org/wiki/2024,f5982cd4efbdc8c610940db2d84d1f13
195,17.83%   98.898      1 Szablon:Szablon_nawigacyjny,17.83%   98.898      1 Szablon:Szablon_nawigacyjny,2024-02-01,2024,2460341.5,722177.5,wikipedia_pl,pl,wydarzen,https://pl.wikipedia.org/wiki/2024,8890ed3209bbc388015dca21553681f9
196,10.33%   57.267      1 Szablon:Miesiąc,10.33%   57.267      1 Szablon:Miesiąc,2024-02-01,2024,2460341.5,722177.5,wikipedia_pl,pl,wydarzen,https://pl.wikipedia.org/wiki/2024,077277b971c3f46a4e0dc71b87150314
197,9.54%   52.882     70 Szablon:Lang,9.54%   52.882     70 Szablon:Lang,2024-02-01,2024,2460341.5,722177.5,wikipedia_pl,pl,wydarzen,https://pl.wikipedia.org/wiki/2024,56b687cd7b9df976bd952111d99e5731
198,9.13%   50.611      1 Szablon:Kalendarz,9.13%   50.611      1 Szablon:Kalendarz,2024-02-01,2024,2460341.5,722177.5,wikipedia_pl,pl,wydarzen,https://pl.wikipedia.org/wiki/2024,2aee25ae5a9a6a1e6b78f40d158074c6
199,7.21%   39.975      1 Szablon:Link-interwiki,7.21%   39.975      1 Szablon:Link-interwiki,2024-02-01,2024,2460341.5,722177.5,wikipedia_pl,pl,wydarzen,https://pl.wikipedia.org/wiki/2024,021ed90bc5534bcbde1bd1c307af0a54
200,2.06%   11.429     29 Szablon:Kalendarz/link,2.06%   11.429     29 Szablon:Kalendarz/link,2024-02-01,2024,2460341.5,722177.5,wikipedia_pl,pl,wydarzen,https://pl.wikipedia.org/wiki/2024,40bbdb01efcbce5ebda06d26c46af887
201,"Zobacz szczegółowe informacje o <a class=""external text"" href=""https://foundation.wikimedia.org/wiki","Zobacz szczegółowe informacje o <a class=""external text"" href=""https://foundation.wikimedia.org/wiki/Policy:Terms_of_Use/pl"">warunkach korzystania</a>.</li>",2024-02-01,2024,2460341.5,722177.5,wikipedia_pl,pl,wydarzen,https://pl.wikipedia.org/wiki/2024,23c7c145a2adc405596001e06bd9e03f
578,"class=""vector-toc-list-item vector-toc-level-1 vector-toc-list-item-expanded"">","class=""vector-toc-list-item vector-toc-level-1 vector-toc-list-item-expanded"">",2024-02-01,2024,2460341.5,722177.5,wikipedia_en,en,events,https://en.wikipedia.org/wiki/2024,6e97d822740b7b98b4d32a3100c1eaf1
579,"class=""vector-toc-list-item vector-toc-level-2"">","class=""vector-toc-list-item vector-toc-level-2"">",2024-02-01,2024,2460341.5,722177.5,wikipedia_en,en,events,https://en.wikipedia.org/wiki/2024,937ea36bc2c59785d07c2e88f986d83b
580,"Millennium</th></tr><tr><td class=""sidebar-content hlist"">","Millennium</th></tr><tr><td class=""sidebar-content hlist"">",2024-02-01,2024,2460341.5,722177.5,wikipedia_en,en,events,https://en.wikipedia.org/wiki/2024,6d43900a1e9ea164cf0d6ce1907dc0b6
581,"Centuries</th></tr><tr><td class=""sidebar-content hlist"">","Centuries</th></tr><tr><td class=""sidebar-content hlist"">",2024-02-01,2024,2460341.5,722177.5,wikipedia_en,en,events,https://en.wikipedia.org/wiki/2024,c5cda5c57ffaf63f1ef604911bdb350b
582,"additional terms may apply. By using this site, you agree to the <a href=""https://foundation.wikimed","additional terms may apply. By using this site, you agree to the <a href=""https://foundation.wikimedia.org/wiki/Special:MyLanguage/Policy:Terms_of_Use"" class=""extiw"" title=""foundation:Special:MyLanguage/Policy:Terms of Use"">Terms of Use</a> and <a href=""https://foundation.wikimedia.org/wiki/Special:MyLanguage/Policy:Privacy_policy"" class=""extiw"" title=""foundation:Special:MyLanguage/Policy:Privacy policy"">Privacy Policy</a>. Wikipedia® is a registered trademark of the <a rel=""nofollow"" class=""external text"" href=""https://wikimediafoundation.org/"">Wikimedia Foundation, Inc.</a>, a non-profit organization.</li>",2024-02-01,2024,2460341.5,722177.5,wikipedia_en,en,events,https://en.wikipedia.org/wiki/2024,a776afe1c414ad7282df00c1672927fa
750,"| <a href=""/wiki/2030er"" title=""2030er"">2030er</a>&#160;| <a href=""/wiki/2040er"" title=""2040er"">2040","| <a href=""/wiki/2030er"" title=""2030er"">2030er</a>&#160;| <a href=""/wiki/2040er"" title=""2040er"">2040er</a><br />",2024-02-01,2024,2460341.5,722177.5,wikipedia_de,de,ereignis,https://de.wikipedia.org/wiki/2024,1c7af91819374a670bec5b9dacc9034a
751,"| <a href=""/wiki/2025"" title=""2025"">2025</a>&#160;| <a href=""/wiki/2026"" title=""2026"">2026</a>&#160;","| <a href=""/wiki/2025"" title=""2025"">2025</a>&#160;| <a href=""/wiki/2026"" title=""2026"">2026</a>&#160;| <a href=""/wiki/2027"" title=""2027"">2027</a>&#160;| <a href=""/wiki/2028"" title=""2028"">2028</a>&#160;| <a href=""/wiki/2029"" title=""2029"">►</a><br />",2024-02-01,2024,2460341.5,722177.5,wikipedia_de,de,ereignis,https://de.wikipedia.org/wiki/2024,7d65396960f61e36cd3149f7e0d414b5
869,"class=""vector-toc-list-item vector-toc-level-1 vector-toc-list-item-expanded"">","class=""vector-toc-list-item vector-toc-level-1 vector-toc-list-item-expanded"">",2024-02-01,2024,2460341.5,722177.5,wikipedia_fr,fr,événement,https://fr.wikipedia.org/wiki/2024,8c1e0a0b031a5c8a99126352e277508c
870,Parsed by mw‐web.eqiad.main‐84c84477d9‐5x92s,Parsed by mw‐web.eqiad.main‐84c84477d9‐5x92s,2024-02-01,2024,2460341.5,722177.5,wikipedia_fr,fr,death,https://fr.wikipedia.org/wiki/2024,0171caf933d011b86534703ba75dd6ad
871,Cached time: 20251104003746,Cached time: 20251104003746,2024-02-01,2024,2460341.5,722177.5,wikipedia_fr,fr,death,https://fr.wikipedia.org/wiki/2024,bff4ac33e3d98204d83d1210976b4e36
872,Cache expiry: 2330536,Cache expiry: 2330536,2024-02-01,2024,2460341.5,722177.5,wikipedia_fr,fr,death,https://fr.wikipedia.org/wiki/2024,cbc3b02392ece52cd734761f6a3e2cbb
873,Complications: [show‐toc],Complications: [show‐toc],2024-02-01,2024,2460341.5,722177.5,wikipedia_fr,fr,death,https://fr.wikipedia.org/wiki/2024,386d604a4ae685de00a2b929c57140ed
1451,"Earthquake M6.1 - Kermadec Islands, New Zealand","Magnitude 6.1 earthquake at Kermadec Islands, New Zealand. Depth: Nonekm",2024-02-09,2024,2460349.5,722185.5,usgs_earthquake,en,geological_event,https://earthquake.usgs.gov/earthquakes/eventpage/us7000lxyv,fa6c1d28b2d1a7ac84c01d459ba703f7
1450,"Earthquake M6.1 - Volcano Islands, Japan region","Magnitude 6.1 earthquake at Volcano Islands, Japan region. Depth: Nonekm",2024-02-12,2024,2460352.5,722188.5,usgs_earthquake,en,geological_event,https://earthquake.usgs.gov/earthquakes/eventpage/us7000lym6,8546d6dcf7b77f9ef0b929e577beb572
1449,"Earthquake M6 - 171 km NNE of Colonia, Micronesia","Magnitude 6 earthquake at 171 km NNE of Colonia, Micronesia. Depth: Nonekm",2024-02-14,2024,2460354.5,722190.5,usgs_earthquake,en,geological_event,https://earthquake.usgs.gov/earthquakes/eventpage/us7000lz5f,c764b68e9866a32bd8d22782ca013708
1043,The Dual Dynamical Foundation of Orthodox Quantum Mechanics,"This paper combines mathematical, philosophical, and historical analyses in a
comprehensive investigation of the dynamical foundations of the formalism of
orthodox quantum mechanics. The results obtained include: (i) A deduction of
the canonical commutation relations (CCR) from the tenets of Matrix Mechanics;
(ii) A discussion of the meaning of Schr\""odinger's first derivation of the
wave equation that not only improves on Joas and Lehner's 2009 investigation on
the subject but also demonstrates that the CCR follow of necessity from
Schr\""odinger's first derivation of the wave equation, thus correcting the
common misconception that the CCR were only posited by Schr\""odinger to pursue
equivalence with Matrix Mechanics; (iii) A discussion of the mathematical facts
and requirements involved in the equivalence of Matrix and Wave Mechanics that
improves on F. A. Muller's classical treatment of the subject; (iv) A proof
that the equivalence of Matrix and Wave Mechanics is necessitated by the formal
requirements of a dual action functional from which both the dynamical
postulates of orthodox quantum mechanics, von Neumann's process 1 and process
2, follow; (v) A critical assessment, based on (iii) and (iv), of von Neumann's
construction of unified quantum mechanics over Hilbert space. Point (iv) is our
main result. It brings to the open the important, but hitherto ignored, fact
that orthodox quantum mechanics is no exception to the golden rule of physics
that the dynamics of a physical theory must follow from the action functional.
If orthodox quantum mechanics, based as it is on the assumption of the
equivalence of Matrix and Wave Mechanics, has this ""peculiar dual dynamics,"" as
von Neumann called it, this is so because by assuming the equivalence one has
been assuming a peculiar dual action.",2024-02-23,2024,2460363.5,722199.5,arxiv,en,scientific_paper,http://arxiv.org/abs/2402.15031v2,b33bcb6fbd9aa77a4006b759e4673839
1448,Earthquake M6.3 - southern East Pacific Rise,Magnitude 6.3 earthquake at southern East Pacific Rise. Depth: Nonekm,2024-02-23,2024,2460363.5,722199.5,usgs_earthquake,en,geological_event,https://earthquake.usgs.gov/earthquakes/eventpage/us7000m0zq,3e2668253edfcb6f01b83da05957aceb
1042,C.V. Raman as a Science Communicator: A Historical Perspective,"C.V. Raman (1888 - 1970) was a creative scientist, enthusiastic teacher and a
science celebrity in India. In all these roles, he communicated science
effectively. In this essay, I ask how and why did he communicate science. I
take a few examples from his research writings and show his ability to explain
science lucidly. By looking into his thoughts on teaching and those of his
students, I explore Raman, the teacher. Finally, I discuss a few aspects of his
methods to communicate science to the public. I emphasize his exposition and
reveal a dichotomy.",2024-02-27,2024,2460367.5,722203.5,arxiv,en,scientific_paper,http://arxiv.org/abs/2403.04773v1,500e9de256d7cdb5bc501a2131eb2e23
202,"RLSTATE={""ext.gadget.wikiflex"":""ready"",""ext.gadget.infobox"":""ready"",""ext.gadget.hlist"":""ready"",""ext.","RLSTATE={""ext.gadget.wikiflex"":""ready"",""ext.gadget.infobox"":""ready"",""ext.gadget.hlist"":""ready"",""ext.gadget.darkmode-overrides"":""ready"",""ext.gadget.small-references"":""ready"",""ext.gadget.citation-access-info"":""ready"",""ext.gadget.sprawdz-problemy-szablony"":""ready"",""ext.globalCssJs.user.styles"":""ready"",""site.styles"":""ready"",""user.styles"":""ready"",""ext.globalCssJs.user"":""ready"",""user"":""ready"",""user.options"":""loading"",""ext.cite.styles"":""ready"",""ext.wikimediamessages.styles"":""ready"",""skins.vector.search.codex.styles"":""ready"",""skins.vector.styles"":""ready"",""skins.vector.icons"":""ready"",""jquery.makeCollapsible.styles"":""ready"",""ext.flaggedRevs.basic"":""ready"",""mediawiki.codex.messagebox.styles"":""ready"",""ext.visualEditor.desktopArticleTarget.noscript"":""ready"",""ext.uls.interlanguage"":""ready"",""wikibase.client.init"":""ready"",""ext.wikimediaBadges"":""ready""};RLPAGEMODULES=[""ext.xLab"",""ext.cite.ux-enhancements"",""ext.scribunto.logs"",""site"",""mediawiki.page.ready"",""jquery.makeCollapsible"",""mediawiki.toc"",""skins.vector.js"",""ext.centralNotice.geoIP"",""ext.centralNotice.startUp"",""ext.flaggedRevs.advanced"",""ext.gadget.ll-script-loader"",""ext.gadget.veKeepParameters"",""ext.gadget.szablon-galeria"",""ext.gadget.NavFrame"",""ext.gadget.citoid-overrides"",""ext.gadget.maps"",""ext.gadget.padlock-indicators"",""ext.gadget.interwiki-langlist"",""ext.gadget.edit-summaries"",""ext.gadget.edit-first-section"",""ext.gadget.wikibugs"",""ext.gadget.map-toggler"",""ext.gadget.narrowFootnoteColumns"",""ext.gadget.ally-enhance"",""ext.gadget.WDsearch"",""ext.urlShortener.toolbar"",""ext.centralauth.centralautologin"",""ext.popups"",""ext.visualEditor.desktopArticleTarget.init"",""ext.visualEditor.targetLoader"",""ext.echo.centralauth"",""ext.eventLogging"",""ext.wikimediaEvents"",""ext.navigationTiming"",""ext.uls.interface"",""ext.cx.eventlogging.campaigns"",""ext.cx.uls.quick.actions"",""wikibase.client.vector-2022"",""ext.checkUser.clientHints"",""ext.growthExperiments.SuggestedEditSession""];</script>",2024-03-01,2024,2460370.5,722206.5,wikipedia_pl,pl,wydarzen,https://pl.wikipedia.org/wiki/2024,014b5ce684377c80fe434c7af4386e3a
203,11.31%  122.007      1 Szablon:Szablon_nawigacyjny,11.31%  122.007      1 Szablon:Szablon_nawigacyjny,2024-03-01,2024,2460370.5,722206.5,wikipedia_pl,pl,wydarzen,https://pl.wikipedia.org/wiki/2024,20217b458905b90bbf836ab2c05c87ad
204,10.82%  116.714    182 Szablon:Lang,10.82%  116.714    182 Szablon:Lang,2024-03-01,2024,2460370.5,722206.5,wikipedia_pl,pl,wydarzen,https://pl.wikipedia.org/wiki/2024,9da2444c6e55a2741feeb5e73528dcd6
205,5.79%   62.486      1 Szablon:Miesiąc,5.79%   62.486      1 Szablon:Miesiąc,2024-03-01,2024,2460370.5,722206.5,wikipedia_pl,pl,wydarzen,https://pl.wikipedia.org/wiki/2024,9a1bdf5a00d1705a65042f5794d5a535
206,5.23%   56.399      1 Szablon:Kalendarz,5.23%   56.399      1 Szablon:Kalendarz,2024-03-01,2024,2460370.5,722206.5,wikipedia_pl,pl,wydarzen,https://pl.wikipedia.org/wiki/2024,f1407841f2a549a7c0c49f73bee80431
207,4.78%   51.562      3 Szablon:Link-interwiki,4.78%   51.562      3 Szablon:Link-interwiki,2024-03-01,2024,2460370.5,722206.5,wikipedia_pl,pl,wydarzen,https://pl.wikipedia.org/wiki/2024,ecc2a7f22fe363ed9ac15df8bb886787
208,1.16%   12.553     31 Szablon:Kalendarz/link,1.16%   12.553     31 Szablon:Kalendarz/link,2024-03-01,2024,2460370.5,722206.5,wikipedia_pl,pl,wydarzen,https://pl.wikipedia.org/wiki/2024,87f0d607c35cac652d94c8f0d6c70bad
209,"Zobacz szczegółowe informacje o <a class=""external text"" href=""https://foundation.wikimedia.org/wiki","Zobacz szczegółowe informacje o <a class=""external text"" href=""https://foundation.wikimedia.org/wiki/Policy:Terms_of_Use/pl"">warunkach korzystania</a>.</li>",2024-03-01,2024,2460370.5,722206.5,wikipedia_pl,pl,wydarzen,https://pl.wikipedia.org/wiki/2024,b596b23afa10740a5324f93857e6d170
583,"class=""vector-toc-list-item vector-toc-level-1 vector-toc-list-item-expanded"">","class=""vector-toc-list-item vector-toc-level-1 vector-toc-list-item-expanded"">",2024-03-01,2024,2460370.5,722206.5,wikipedia_en,en,events,https://en.wikipedia.org/wiki/2024,049771398d7338eed450d7b022717d84
584,"class=""vector-toc-list-item vector-toc-level-2"">","class=""vector-toc-list-item vector-toc-level-2"">",2024-03-01,2024,2460370.5,722206.5,wikipedia_en,en,events,https://en.wikipedia.org/wiki/2024,448972db7cefdefd56bb3d9715b47a07
585,"Millennium</th></tr><tr><td class=""sidebar-content hlist"">","Millennium</th></tr><tr><td class=""sidebar-content hlist"">",2024-03-01,2024,2460370.5,722206.5,wikipedia_en,en,events,https://en.wikipedia.org/wiki/2024,ea1eb3f218102d2dce21284c8266bd5d
586,"Centuries</th></tr><tr><td class=""sidebar-content hlist"">","Centuries</th></tr><tr><td class=""sidebar-content hlist"">",2024-03-01,2024,2460370.5,722206.5,wikipedia_en,en,events,https://en.wikipedia.org/wiki/2024,6901c6caaf36a24529852cf811008090
587,"additional terms may apply. By using this site, you agree to the <a href=""https://foundation.wikimed","additional terms may apply. By using this site, you agree to the <a href=""https://foundation.wikimedia.org/wiki/Special:MyLanguage/Policy:Terms_of_Use"" class=""extiw"" title=""foundation:Special:MyLanguage/Policy:Terms of Use"">Terms of Use</a> and <a href=""https://foundation.wikimedia.org/wiki/Special:MyLanguage/Policy:Privacy_policy"" class=""extiw"" title=""foundation:Special:MyLanguage/Policy:Privacy policy"">Privacy Policy</a>. Wikipedia® is a registered trademark of the <a rel=""nofollow"" class=""external text"" href=""https://wikimediafoundation.org/"">Wikimedia Foundation, Inc.</a>, a non-profit organization.</li>",2024-03-01,2024,2460370.5,722206.5,wikipedia_en,en,events,https://en.wikipedia.org/wiki/2024,934da105a94381edc0bc4a0a4dc7f500
752,"| <a href=""/wiki/2030er"" title=""2030er"">2030er</a>&#160;| <a href=""/wiki/2040er"" title=""2040er"">2040","| <a href=""/wiki/2030er"" title=""2030er"">2030er</a>&#160;| <a href=""/wiki/2040er"" title=""2040er"">2040er</a><br />",2024-03-01,2024,2460370.5,722206.5,wikipedia_de,de,ereignis,https://de.wikipedia.org/wiki/2024,d9b20cf2c1de6cc0ecedb8556e8c6679
753,"| <a href=""/wiki/2025"" title=""2025"">2025</a>&#160;| <a href=""/wiki/2026"" title=""2026"">2026</a>&#160;","| <a href=""/wiki/2025"" title=""2025"">2025</a>&#160;| <a href=""/wiki/2026"" title=""2026"">2026</a>&#160;| <a href=""/wiki/2027"" title=""2027"">2027</a>&#160;| <a href=""/wiki/2028"" title=""2028"">2028</a>&#160;| <a href=""/wiki/2029"" title=""2029"">►</a><br />",2024-03-01,2024,2460370.5,722206.5,wikipedia_de,de,ereignis,https://de.wikipedia.org/wiki/2024,871623abe6bfdab63cceff948e720ecf
874,"class=""vector-toc-list-item vector-toc-level-1 vector-toc-list-item-expanded"">","class=""vector-toc-list-item vector-toc-level-1 vector-toc-list-item-expanded"">",2024-03-01,2024,2460370.5,722206.5,wikipedia_fr,fr,événement,https://fr.wikipedia.org/wiki/2024,772d254c7d62d846c91ae15cfc4e044d
1447,Earthquake M6.8 - Macquarie Island region,Magnitude 6.8 earthquake at Macquarie Island region. Depth: Nonekm,2024-03-03,2024,2460372.5,722208.5,usgs_earthquake,en,geological_event,https://earthquake.usgs.gov/earthquakes/eventpage/us6000mghc,8346b43ee9179b36bcd03754feb6b2e9
1446,Earthquake M6.1 - Macquarie Island region,Magnitude 6.1 earthquake at Macquarie Island region. Depth: Nonekm,2024-03-05,2024,2460374.5,722210.5,usgs_earthquake,en,geological_event,https://earthquake.usgs.gov/earthquakes/eventpage/us6000mgyj,239a207f849ae53edfcc86602c2fec2d
1204,Astronomical Lunisolar Cycles and Late Antique Chronology,"This article advances the hypothesis that the heightened eschatological
sensitivity evident among the historians writing in the 5th century and its
weaker echos in the time of Charlemagne were caused by the irregularities of
the the lunisolar calendar and its particular realization, the Easter calendar.
The lunisolar calendar that Christians used for the calculation of the date of
the Easter had a number of key periods when the cycles of the Sun and the Moon
came in sync in relationship to the beginning of the count and thus produced an
effect of the times repeating themselves or ending with the nearly precise
astronomical repetition. It is shown that Late Antique scholars who were
actively involved in the construction of the Christian history's chronology
were limited in their choices by the astronomical peculiarities of the
Earth-Moon system. The total conjunctions of the astronomical Solar and Lunar
calendars took place, some within the 1st century CE, and the next one, in 483
CE. This was also a special year because the lunar calendar lost one day. Thus
the 5th century was the time of heightened expectations of whether the calendar
and the Moon's showings will repeat those that accompanied the birth of Jesus.
The Full Supermoon (or whatever phase it was on December 25th, 1 BCE) may have
repeated in 410 CE (the entry of Goths into Rome), in 467 CE and in 476 CE (the
Fall of the Roman Empire), marking the coming of the time very similar to
Jesus' birth. The Full Moon was supposed to repeat December 25th, 800 CE and in
the year 1000 CE. This may have determined the setting of the biblical calendar
in a way that put the birth of Christ on 5199 CE (making the year 800 CE, the
year of the Full Supermoon or of its phase on December 25th, 1 BCE) a critical
turning point.",2024-03-06,2024,2460375.5,722211.5,arxiv,en,scientific_paper,http://arxiv.org/abs/2403.03682v1,72c99c920c5147242c76e755a6472959
1041,"The Vatican and the Fallibility of Science: Augustine, Copernicus,
  Darwin and Race","This paper provides an overview of work, published since the opening of the
archives of the Vatican Congregation for the Doctrine of the Faith at the end
of the twentieth century, regarding the Vatican confronting evolution in the
nineteenth century. It argues that this work, considered in light of recent
studies of scientific writings by Jesuit astronomers who in the seventeenth
century were opposed to the ideas of Copernicus, points to interesting things
yet to be learned regarding the Vatican's actions on heliocentrism. Concern for
Scripture and for the fallible and consequential nature of science, together
with the processes used by the Vatican in these confrontations, inevitably led
to messy results in these well-known ""religion and science"" confrontations.
Nevertheless, these confrontations suggest that what the Vatican was attempting
to do in confronting evolution or heliocentrism is something that is needed in
science, and something that will be done in the future, probably not by the
Vatican, and probably in a fashion not less messy.",2024-03-08,2024,2460377.5,722213.5,arxiv,en,scientific_paper,http://arxiv.org/abs/2403.05516v1,c62cce384eb20880305f86f4a36d8cfc
1445,"Earthquake M6 - 103 km SE of Pondaguitan, Philippines","Magnitude 6 earthquake at 103 km SE of Pondaguitan, Philippines. Depth: Nonekm",2024-03-08,2024,2460377.5,722213.5,usgs_earthquake,en,geological_event,https://earthquake.usgs.gov/earthquakes/eventpage/us7000m439,a8c955a81fb40173ca9bf0a6208b2474
1040,"From S-matrix theory to strings: Scattering data and the commitment to
  non-arbitrariness","The early history of string theory is marked by a shift from strong
interaction physics to quantum gravity. The first string models and associated
theoretical framework were formulated in the late 1960s and early 1970s in the
context of the S-matrix program for the strong interactions. In the mid-1970s,
the models were reinterpreted as a potential theory unifying the four
fundamental forces. This paper provides a historical analysis of how string
theory was developed out of S-matrix physics, aiming to clarify how modern
string theory, as a theory detached from experimental data, grew out of an
S-matrix program that was strongly dependent upon observable quantities.
Surprisingly, the theoretical practice of physicists already turned away from
experiment before string theory was recast as a potential unified quantum
gravity theory. With the formulation of dual resonance models (the ""hadronic
string theory""), physicists were able to determine almost all of the models'
parameters on the basis of theoretical reasoning. It was this commitment to
""non-arbitrariness"", i.e., a lack of free parameters in the theory, that
initially drove string theorists away from experimental input, and not the
practical inaccessibility of experimental data in the context of quantum
gravity physics. This is an important observation when assessing the role of
experimental data in string theory.",2024-03-11,2024,2460380.5,722216.5,arxiv,en,scientific_paper,http://arxiv.org/abs/2403.06690v1,44c0682592305fe06a1edd8259a35465
1444,"Earthquake M6 - 68 km ESE of Kimbe, Papua New Guinea","Magnitude 6 earthquake at 68 km ESE of Kimbe, Papua New Guinea. Depth: Nonekm",2024-03-13,2024,2460382.5,722218.5,usgs_earthquake,en,geological_event,https://earthquake.usgs.gov/earthquakes/eventpage/us6000milg,728d572a04df298af59097d4562654c6
1039,"Research and teaching in physics at the University of Franche-Comté
  1845-1970","Recently uncovered archives at the University of Franche-Comt\'e in
Besan\c{c}on (France) reveal a rich history of research and teaching in physics
since the Faculty of Science was first established in 1845. Here, we describe a
selection of notable activities conducted by the named Chairs of Physics during
the period 1845-1970. We uncover a long tradition of major contributions to
physics education and research, including the production of highly regarded
physics textbooks that were widely used in Europe, as well as pioneering
contributions to electron diffraction and microscopy, Fourier optics, and
holography. These discoveries yield valuable insights into the historical
development of physics research in France, and show how even a small provincial
university was able to stay up-to-date with international developments across
several areas of physics.",2024-03-14,2024,2460383.5,722219.5,arxiv,en,scientific_paper,http://arxiv.org/abs/2403.09271v1,facd754f12ce67f1786caecd8e97c8a1
1443,Earthquake M6.2 - northern Mid-Atlantic Ridge,Magnitude 6.2 earthquake at northern Mid-Atlantic Ridge. Depth: Nonekm,2024-03-14,2024,2460383.5,722219.5,usgs_earthquake,en,geological_event,https://earthquake.usgs.gov/earthquakes/eventpage/us6000miy6,4f88fc7b1dd92a7d9b59114f90402502
1038,"The Quantum Theory Of Gravitation, Effective Field Theories, and
  Strings: Yesterday And Today","This paper analyzes the effective field theory perspective on modern physics
through the lens of the quantum theory of gravitational interaction. The
historical part argues that the search for a theory of quantum gravity
stimulated the change in outlook that characterizes the modern approach to the
Standard Model of particle physics and General Relativity. We present some
landmarks covering a long period, i.e., from the beginning of the 1930s until
1994, when, according to Steven Weinberg, the modern bottom-up approach to
General Relativity began. Starting from the first attempt to apply the quantum
field theory techniques to perturbatively quantize Einstein's theory, we
explore its developments and interaction with the top-down approach encoded by
String Theory. In the last part of the paper, we focus on this last approach to
describe the relationship between our modern understanding of String Theory and
Effective Field Theory in today's panorama. To this end, the non-historical
part briefly explains the modern concepts of moduli stabilization and Swampland
to understand another change in focus that explains the present framework where
some string theorists move.",2024-03-20,2024,2460389.5,722225.5,arxiv,en,scientific_paper,http://arxiv.org/abs/2403.14008v1,64e89302d07d7dd1171a21d58edaa9ca
1442,"Earthquake M6.4 - 110 km N of Paciran, Indonesia","Magnitude 6.4 earthquake at 110 km N of Paciran, Indonesia. Depth: Nonekm",2024-03-22,2024,2460391.5,722227.5,usgs_earthquake,en,geological_event,https://earthquake.usgs.gov/earthquakes/eventpage/us6000mkfz,6a80c282af32d8eb520292cf5ec5a03a
1441,"Earthquake M6.9 - 36 km ENE of Ambunti, Papua New Guinea","Magnitude 6.9 earthquake at 36 km ENE of Ambunti, Papua New Guinea. Depth: Nonekm",2024-03-23,2024,2460392.5,722228.5,usgs_earthquake,en,geological_event,https://earthquake.usgs.gov/earthquakes/eventpage/us6000mksx,af80dac1c64c3fcfdb4006397dd83894
1203,"The Compton scientific mission in Brazil in 1941: a perspective from
  national newspaper and documents of the time","Starting from the perspective of reports published in Brazilian newspapers at
the time, as well as letters exchanged between scientists who worked in Brazil
and North American colleagues and documents from the symposium on cosmic rays,
a chronological sequence of how the so-called Compton mission in Brazil took
place and was perceived by the literate public will be presented.",2024-03-25,2024,2460394.5,722230.5,arxiv,en,scientific_paper,http://arxiv.org/abs/2403.16690v1,91254427870b5d09b5f6d6e52a3b04ef
1440,Earthquake M6.4 - Vanuatu region,Magnitude 6.4 earthquake at Vanuatu region. Depth: Nonekm,2024-03-27,2024,2460396.5,722232.5,usgs_earthquake,en,geological_event,https://earthquake.usgs.gov/earthquakes/eventpage/us7000m86i,05193ad19bcb0be4c46b283e9e6a3d38
210,"RLSTATE={""ext.gadget.wikiflex"":""ready"",""ext.gadget.infobox"":""ready"",""ext.gadget.hlist"":""ready"",""ext.","RLSTATE={""ext.gadget.wikiflex"":""ready"",""ext.gadget.infobox"":""ready"",""ext.gadget.hlist"":""ready"",""ext.gadget.darkmode-overrides"":""ready"",""ext.gadget.small-references"":""ready"",""ext.gadget.citation-access-info"":""ready"",""ext.gadget.sprawdz-problemy-szablony"":""ready"",""ext.globalCssJs.user.styles"":""ready"",""site.styles"":""ready"",""user.styles"":""ready"",""ext.globalCssJs.user"":""ready"",""user"":""ready"",""user.options"":""loading"",""ext.cite.styles"":""ready"",""ext.wikimediamessages.styles"":""ready"",""skins.vector.search.codex.styles"":""ready"",""skins.vector.styles"":""ready"",""skins.vector.icons"":""ready"",""jquery.makeCollapsible.styles"":""ready"",""ext.flaggedRevs.basic"":""ready"",""mediawiki.codex.messagebox.styles"":""ready"",""ext.visualEditor.desktopArticleTarget.noscript"":""ready"",""ext.uls.interlanguage"":""ready"",""wikibase.client.init"":""ready"",""ext.wikimediaBadges"":""ready""};RLPAGEMODULES=[""ext.xLab"",""ext.cite.ux-enhancements"",""ext.scribunto.logs"",""site"",""mediawiki.page.ready"",""jquery.makeCollapsible"",""mediawiki.toc"",""skins.vector.js"",""ext.centralNotice.geoIP"",""ext.centralNotice.startUp"",""ext.flaggedRevs.advanced"",""ext.gadget.ll-script-loader"",""ext.gadget.veKeepParameters"",""ext.gadget.szablon-galeria"",""ext.gadget.NavFrame"",""ext.gadget.citoid-overrides"",""ext.gadget.maps"",""ext.gadget.padlock-indicators"",""ext.gadget.interwiki-langlist"",""ext.gadget.edit-summaries"",""ext.gadget.edit-first-section"",""ext.gadget.wikibugs"",""ext.gadget.map-toggler"",""ext.gadget.narrowFootnoteColumns"",""ext.gadget.ally-enhance"",""ext.gadget.WDsearch"",""ext.urlShortener.toolbar"",""ext.centralauth.centralautologin"",""ext.popups"",""ext.visualEditor.desktopArticleTarget.init"",""ext.visualEditor.targetLoader"",""ext.echo.centralauth"",""ext.eventLogging"",""ext.wikimediaEvents"",""ext.navigationTiming"",""ext.uls.interface"",""ext.cx.eventlogging.campaigns"",""ext.cx.uls.quick.actions"",""wikibase.client.vector-2022"",""ext.checkUser.clientHints"",""ext.growthExperiments.SuggestedEditSession""];</script>",2024-04-01,2024,2460401.5,722237.5,wikipedia_pl,pl,wydarzen,https://pl.wikipedia.org/wiki/2024,32b848a8f24168dc5c13cbba636f8d26
211,16.47%   99.980      1 Szablon:Szablon_nawigacyjny,16.47%   99.980      1 Szablon:Szablon_nawigacyjny,2024-04-01,2024,2460401.5,722237.5,wikipedia_pl,pl,wydarzen,https://pl.wikipedia.org/wiki/2024,7b4dd118ab06392e958b948b4cb3dd67
212,10.11%   61.382     94 Szablon:Lang,10.11%   61.382     94 Szablon:Lang,2024-04-01,2024,2460401.5,722237.5,wikipedia_pl,pl,wydarzen,https://pl.wikipedia.org/wiki/2024,0b8507506f8cd3b03b2b173e9cc4dc1f
213,9.13%   55.461      1 Szablon:Miesiąc,9.13%   55.461      1 Szablon:Miesiąc,2024-04-01,2024,2460401.5,722237.5,wikipedia_pl,pl,wydarzen,https://pl.wikipedia.org/wiki/2024,22d5f1be28f457bdb1d076d7f4da2951
214,8.14%   49.436      1 Szablon:Kalendarz,8.14%   49.436      1 Szablon:Kalendarz,2024-04-01,2024,2460401.5,722237.5,wikipedia_pl,pl,wydarzen,https://pl.wikipedia.org/wiki/2024,e3706bab3396da445d7b797d67d189cc
215,6.62%   40.172      1 Szablon:Link-interwiki,6.62%   40.172      1 Szablon:Link-interwiki,2024-04-01,2024,2460401.5,722237.5,wikipedia_pl,pl,wydarzen,https://pl.wikipedia.org/wiki/2024,8bdf04d24ed75b644b40cef4a3e4e192
216,1.82%   11.081     30 Szablon:Kalendarz/link,1.82%   11.081     30 Szablon:Kalendarz/link,2024-04-01,2024,2460401.5,722237.5,wikipedia_pl,pl,wydarzen,https://pl.wikipedia.org/wiki/2024,99b2d4afda76c766105ed8690bf6ef5d
217,"Zobacz szczegółowe informacje o <a class=""external text"" href=""https://foundation.wikimedia.org/wiki","Zobacz szczegółowe informacje o <a class=""external text"" href=""https://foundation.wikimedia.org/wiki/Policy:Terms_of_Use/pl"">warunkach korzystania</a>.</li>",2024-04-01,2024,2460401.5,722237.5,wikipedia_pl,pl,wydarzen,https://pl.wikipedia.org/wiki/2024,3ae1c9350a9a73077b81f9d9870a296e
588,"class=""vector-toc-list-item vector-toc-level-1 vector-toc-list-item-expanded"">","class=""vector-toc-list-item vector-toc-level-1 vector-toc-list-item-expanded"">",2024-04-01,2024,2460401.5,722237.5,wikipedia_en,en,events,https://en.wikipedia.org/wiki/2024,ea054a961b1444093062e6a58d4e45be
589,"class=""vector-toc-list-item vector-toc-level-2"">","class=""vector-toc-list-item vector-toc-level-2"">",2024-04-01,2024,2460401.5,722237.5,wikipedia_en,en,events,https://en.wikipedia.org/wiki/2024,222e4987987a1a1821c0c6097e37058d
590,"Millennium</th></tr><tr><td class=""sidebar-content hlist"">","Millennium</th></tr><tr><td class=""sidebar-content hlist"">",2024-04-01,2024,2460401.5,722237.5,wikipedia_en,en,events,https://en.wikipedia.org/wiki/2024,654dee0745cad845b389ffa405f1114e
591,"Centuries</th></tr><tr><td class=""sidebar-content hlist"">","Centuries</th></tr><tr><td class=""sidebar-content hlist"">",2024-04-01,2024,2460401.5,722237.5,wikipedia_en,en,events,https://en.wikipedia.org/wiki/2024,e37017f2a59bd7ae838bb6f5383ae946
592,"additional terms may apply. By using this site, you agree to the <a href=""https://foundation.wikimed","additional terms may apply. By using this site, you agree to the <a href=""https://foundation.wikimedia.org/wiki/Special:MyLanguage/Policy:Terms_of_Use"" class=""extiw"" title=""foundation:Special:MyLanguage/Policy:Terms of Use"">Terms of Use</a> and <a href=""https://foundation.wikimedia.org/wiki/Special:MyLanguage/Policy:Privacy_policy"" class=""extiw"" title=""foundation:Special:MyLanguage/Policy:Privacy policy"">Privacy Policy</a>. Wikipedia® is a registered trademark of the <a rel=""nofollow"" class=""external text"" href=""https://wikimediafoundation.org/"">Wikimedia Foundation, Inc.</a>, a non-profit organization.</li>",2024-04-01,2024,2460401.5,722237.5,wikipedia_en,en,events,https://en.wikipedia.org/wiki/2024,a480ea6ae21deaa350368f7bcab973de
754,"| <a href=""/wiki/2030er"" title=""2030er"">2030er</a>&#160;| <a href=""/wiki/2040er"" title=""2040er"">2040","| <a href=""/wiki/2030er"" title=""2030er"">2030er</a>&#160;| <a href=""/wiki/2040er"" title=""2040er"">2040er</a><br />",2024-04-01,2024,2460401.5,722237.5,wikipedia_de,de,ereignis,https://de.wikipedia.org/wiki/2024,dbc0ae6fdf31b19dd570cb9c43327f4a
755,"| <a href=""/wiki/2025"" title=""2025"">2025</a>&#160;| <a href=""/wiki/2026"" title=""2026"">2026</a>&#160;","| <a href=""/wiki/2025"" title=""2025"">2025</a>&#160;| <a href=""/wiki/2026"" title=""2026"">2026</a>&#160;| <a href=""/wiki/2027"" title=""2027"">2027</a>&#160;| <a href=""/wiki/2028"" title=""2028"">2028</a>&#160;| <a href=""/wiki/2029"" title=""2029"">►</a><br />",2024-04-01,2024,2460401.5,722237.5,wikipedia_de,de,ereignis,https://de.wikipedia.org/wiki/2024,92a5266b4c16c84964102474bd638b00
756,Parsed by mw‐web.eqiad.main‐b69647747‐dbblm,Parsed by mw‐web.eqiad.main‐b69647747‐dbblm,2024-04-01,2024,2460401.5,722237.5,wikipedia_de,de,death,https://de.wikipedia.org/wiki/2024,942e1fe9c9c2e294e3d87146d1f9be5d
757,Cached time: 20251101153639,Cached time: 20251101153639,2024-04-01,2024,2460401.5,722237.5,wikipedia_de,de,death,https://de.wikipedia.org/wiki/2024,1d9d6a7dfe4099df393237ae4848e2ba
758,Cache expiry: 2532211,Cache expiry: 2532211,2024-04-01,2024,2460401.5,722237.5,wikipedia_de,de,death,https://de.wikipedia.org/wiki/2024,058c0ce676dbd84d895f77c1adebdc85
759,Complications: [show‐toc],Complications: [show‐toc],2024-04-01,2024,2460401.5,722237.5,wikipedia_de,de,death,https://de.wikipedia.org/wiki/2024,d1a709d07d77583a27e4279aa137fdc1
760,CPU time usage: 0.354 seconds,CPU time usage: 0.354 seconds,2024-04-01,2024,2460401.5,722237.5,wikipedia_de,de,death,https://de.wikipedia.org/wiki/2024,baa5954e9f05de1b462ad94782ee84f3
761,Real time usage: 0.431 seconds,Real time usage: 0.431 seconds,2024-04-01,2024,2460401.5,722237.5,wikipedia_de,de,death,https://de.wikipedia.org/wiki/2024,3f76d34b356f18f8ca9e573bd3b24e0b
762,Preprocessor visited node count: 8573/1000000,Preprocessor visited node count: 8573/1000000,2024-04-01,2024,2460401.5,722237.5,wikipedia_de,de,death,https://de.wikipedia.org/wiki/2024,0f486ec1b880033ea0d6285d37b686c9
763,Revision size: 18534/2097152 bytes,Revision size: 18534/2097152 bytes,2024-04-01,2024,2460401.5,722237.5,wikipedia_de,de,death,https://de.wikipedia.org/wiki/2024,6c99169bc5af84be318e0ea755cbc32e
764,Post‐expand include size: 37039/2097152 bytes,Post‐expand include size: 37039/2097152 bytes,2024-04-01,2024,2460401.5,722237.5,wikipedia_de,de,death,https://de.wikipedia.org/wiki/2024,14205fd419e0eac11bb90da60a7af02f
875,"class=""vector-toc-list-item vector-toc-level-1 vector-toc-list-item-expanded"">","class=""vector-toc-list-item vector-toc-level-1 vector-toc-list-item-expanded"">",2024-04-01,2024,2460401.5,722237.5,wikipedia_fr,fr,événement,https://fr.wikipedia.org/wiki/2024,fffb3a2ee2042e135ff8eebd52d422d0
876,Parsed by mw‐web.eqiad.next‐59cf9bd485‐gcrql,Parsed by mw‐web.eqiad.next‐59cf9bd485‐gcrql,2024-04-01,2024,2460401.5,722237.5,wikipedia_fr,fr,death,https://fr.wikipedia.org/wiki/2024,97618767868a47f104af17237a5a3b7b
877,Cached time: 20251104001011,Cached time: 20251104001011,2024-04-01,2024,2460401.5,722237.5,wikipedia_fr,fr,death,https://fr.wikipedia.org/wiki/2024,84dfd130c5d97ce1a52150c5ecc8e303
878,Cache expiry: 2332201,Cache expiry: 2332201,2024-04-01,2024,2460401.5,722237.5,wikipedia_fr,fr,death,https://fr.wikipedia.org/wiki/2024,41730897570b4c8cc30ab85e7c7ff37e
1092,"The ancient Egyptian personification of the Milky Way as the Sky Goddess
  Nut: an astronomical and cross-cultural analysis","The Milky Way's name and role in ancient Egyptian culture remain unclear. One
suggestion is that the Milky Way may have been a celestial depiction of the sky
goddess Nut. In this work, I test this association using an interdisciplinary
approach. In the first part of this paper, I combine astronomical simulations
of the ancient Egyptian night sky with primary Egyptian sources to map the
goddess Nut onto the Milky Way. With her head and groin firmly associated by
primary texts with the western and eastern horizons, respectively, I argue that
the summer and winter orientations of the Milky Way could be construed as
figurative markers of Nut's torso (or backbone) and her arms, respectively. In
the second part of this paper, I situate Nut within the global, multicultural
mythology of the Milky Way. Specifically, I show that Nut's roles in the
afterlife and the autumn bird migration are consistent with similar roles
attributed to the Milky Way by other cultures. Finally, I show that Nut's
identification with the Milky Way may even have echoes in contemporary African
conceptions of the Galaxy.",2024-04-01,2024,2460401.5,722237.5,arxiv,en,scientific_paper,http://arxiv.org/abs/2404.01458v1,2124cddb6d0910d05fa064fcfcb599c8
1439,"Earthquake M6.2 - 137 km ENE of Saipan, Northern Mariana Islands","Magnitude 6.2 earthquake at 137 km ENE of Saipan, Northern Mariana Islands. Depth: Nonekm",2024-04-02,2024,2460402.5,722238.5,usgs_earthquake,en,geological_event,https://earthquake.usgs.gov/earthquakes/eventpage/us7000m9bq,dbf66a786ac4fa83fe1ea84b895fac37
1437,"Earthquake M6.4 - 15 km NNE of Hualien City, Taiwan","Magnitude 6.4 earthquake at 15 km NNE of Hualien City, Taiwan. Depth: Nonekm",2024-04-03,2024,2460403.5,722239.5,usgs_earthquake,en,geological_event,https://earthquake.usgs.gov/earthquakes/eventpage/us7000m9gc,432eb458540975cc72dc9a4ba2fb23ef
1438,"Earthquake M7.4 - 15 km S of Hualien City, Taiwan","Magnitude 7.4 earthquake at 15 km S of Hualien City, Taiwan. Depth: Nonekm",2024-04-03,2024,2460403.5,722239.5,usgs_earthquake,en,geological_event,https://earthquake.usgs.gov/earthquakes/eventpage/us7000m9g4,6655e34c4dd3d30cbb0c0736835ca7b7
1436,"Earthquake M6.1 - 77 km E of Minami-Sōma, Japan","Magnitude 6.1 earthquake at 77 km E of Minami-Sōma, Japan. Depth: Nonekm",2024-04-04,2024,2460404.5,722240.5,usgs_earthquake,en,geological_event,https://earthquake.usgs.gov/earthquakes/eventpage/us7000m9sq,44cf3bf371e84e37231858adf4f1b532
1435,"Earthquake M6.8 - Maug Islands region, Northern Mariana Islands","Magnitude 6.8 earthquake at Maug Islands region, Northern Mariana Islands. Depth: Nonekm",2024-04-05,2024,2460405.5,722241.5,usgs_earthquake,en,geological_event,https://earthquake.usgs.gov/earthquakes/eventpage/us7000ma2w,bed85e4c9ae8f1efd4bb3013a4b3d20c
1037,Did Louis de Broglie miss the discovery of the Schrödinger equation?,"In this note, we discuss a historical point regarding Schr\""odinger's
discovery of the famous quantum wave equation in 1926 following de Broglie's
fundamental works published in 1923-1925 regarding the introduction of matter
waves. Drawing on the work of historians and personal analysis, we show that de
Broglie was very close to the discovery of the Schr\""odinger equation (at least
for the stationary one-electron problem).",2024-04-09,2024,2460409.5,722245.5,arxiv,en,scientific_paper,http://arxiv.org/abs/2404.06366v1,c4f154d1e9ac0eec023de82e5f846c0d
1434,"Earthquake M6.4 - 150 km NW of Tobelo, Indonesia","Magnitude 6.4 earthquake at 150 km NW of Tobelo, Indonesia. Depth: Nonekm",2024-04-09,2024,2460409.5,722245.5,usgs_earthquake,en,geological_event,https://earthquake.usgs.gov/earthquakes/eventpage/us7000maxr,c21b7ca881d9c12d0d0b21a341204c6c
1433,"Earthquake M6.5 - 111 km ESE of Kimbe, Papua New Guinea","Magnitude 6.5 earthquake at 111 km ESE of Kimbe, Papua New Guinea. Depth: Nonekm",2024-04-14,2024,2460414.5,722250.5,usgs_earthquake,en,geological_event,https://earthquake.usgs.gov/earthquakes/eventpage/us7000mc2t,a400ba6f8db48543cda180731dcbe81e
1432,"Earthquake M6.3 - 18 km W of Uwajima, Japan","Magnitude 6.3 earthquake at 18 km W of Uwajima, Japan. Depth: Nonekm",2024-04-17,2024,2460417.5,722253.5,usgs_earthquake,en,geological_event,https://earthquake.usgs.gov/earthquakes/eventpage/us7000mcpi,5328cb6e5d176f5c85e6d2d4e5e623df
1430,"Earthquake M6.1 - 13 km SSW of Hualien City, Taiwan","Magnitude 6.1 earthquake at 13 km SSW of Hualien City, Taiwan. Depth: Nonekm",2024-04-22,2024,2460422.5,722258.5,usgs_earthquake,en,geological_event,https://earthquake.usgs.gov/earthquakes/eventpage/us6000mt0s,df62369873d237fedcdefce6b1501628
1431,"Earthquake M6.1 - 29 km S of Hualien City, Taiwan","Magnitude 6.1 earthquake at 29 km S of Hualien City, Taiwan. Depth: Nonekm",2024-04-22,2024,2460422.5,722258.5,usgs_earthquake,en,geological_event,https://earthquake.usgs.gov/earthquakes/eventpage/us6000mt0r,1a99c7990a7d43c9967c61648696158f
1428,"Earthquake M6.1 - 91 km S of Banjar, Indonesia","Magnitude 6.1 earthquake at 91 km S of Banjar, Indonesia. Depth: Nonekm",2024-04-27,2024,2460427.5,722263.5,usgs_earthquake,en,geological_event,https://earthquake.usgs.gov/earthquakes/eventpage/us6000muc0,49a97e3f91c0330b83e7b018b4fef049
1429,"Earthquake M6.5 - Bonin Islands, Japan region","Magnitude 6.5 earthquake at Bonin Islands, Japan region. Depth: Nonekm",2024-04-27,2024,2460427.5,722263.5,usgs_earthquake,en,geological_event,https://earthquake.usgs.gov/earthquakes/eventpage/us6000mu8k,618ceff5ce461cacd9bfd7732e191bde
218,"RLSTATE={""ext.gadget.wikiflex"":""ready"",""ext.gadget.infobox"":""ready"",""ext.gadget.hlist"":""ready"",""ext.","RLSTATE={""ext.gadget.wikiflex"":""ready"",""ext.gadget.infobox"":""ready"",""ext.gadget.hlist"":""ready"",""ext.gadget.darkmode-overrides"":""ready"",""ext.gadget.small-references"":""ready"",""ext.gadget.citation-access-info"":""ready"",""ext.gadget.sprawdz-problemy-szablony"":""ready"",""ext.globalCssJs.user.styles"":""ready"",""site.styles"":""ready"",""user.styles"":""ready"",""ext.globalCssJs.user"":""ready"",""user"":""ready"",""user.options"":""loading"",""ext.cite.styles"":""ready"",""ext.wikimediamessages.styles"":""ready"",""skins.vector.search.codex.styles"":""ready"",""skins.vector.styles"":""ready"",""skins.vector.icons"":""ready"",""jquery.makeCollapsible.styles"":""ready"",""ext.flaggedRevs.basic"":""ready"",""mediawiki.codex.messagebox.styles"":""ready"",""ext.visualEditor.desktopArticleTarget.noscript"":""ready"",""ext.uls.interlanguage"":""ready"",""wikibase.client.init"":""ready"",""ext.wikimediaBadges"":""ready""};RLPAGEMODULES=[""ext.xLab"",""ext.cite.ux-enhancements"",""ext.scribunto.logs"",""site"",""mediawiki.page.ready"",""jquery.makeCollapsible"",""mediawiki.toc"",""skins.vector.js"",""ext.centralNotice.geoIP"",""ext.centralNotice.startUp"",""ext.flaggedRevs.advanced"",""ext.gadget.ll-script-loader"",""ext.gadget.veKeepParameters"",""ext.gadget.szablon-galeria"",""ext.gadget.NavFrame"",""ext.gadget.citoid-overrides"",""ext.gadget.maps"",""ext.gadget.padlock-indicators"",""ext.gadget.interwiki-langlist"",""ext.gadget.edit-summaries"",""ext.gadget.edit-first-section"",""ext.gadget.wikibugs"",""ext.gadget.map-toggler"",""ext.gadget.narrowFootnoteColumns"",""ext.gadget.ally-enhance"",""ext.gadget.WDsearch"",""ext.urlShortener.toolbar"",""ext.centralauth.centralautologin"",""ext.popups"",""ext.visualEditor.desktopArticleTarget.init"",""ext.visualEditor.targetLoader"",""ext.echo.centralauth"",""ext.eventLogging"",""ext.wikimediaEvents"",""ext.navigationTiming"",""ext.uls.interface"",""ext.cx.eventlogging.campaigns"",""ext.cx.uls.quick.actions"",""wikibase.client.vector-2022"",""ext.checkUser.clientHints"",""ext.growthExperiments.SuggestedEditSession""];</script>",2024-05-01,2024,2460431.5,722267.5,wikipedia_pl,pl,wydarzen,https://pl.wikipedia.org/wiki/2024,6793d554b94b890a06c5d43f7808021c
219,16.04%   99.527      1 Szablon:Szablon_nawigacyjny,16.04%   99.527      1 Szablon:Szablon_nawigacyjny,2024-05-01,2024,2460431.5,722267.5,wikipedia_pl,pl,wydarzen,https://pl.wikipedia.org/wiki/2024,a42879ebfbe219b69212fae142f1f788
220,9.95%   61.737      1 Szablon:Miesiąc,9.95%   61.737      1 Szablon:Miesiąc,2024-05-01,2024,2460431.5,722267.5,wikipedia_pl,pl,wydarzen,https://pl.wikipedia.org/wiki/2024,001ee7d3d267852e2699d1b656a3474e
221,9.03%   56.037      1 Szablon:Kalendarz,9.03%   56.037      1 Szablon:Kalendarz,2024-05-01,2024,2460431.5,722267.5,wikipedia_pl,pl,wydarzen,https://pl.wikipedia.org/wiki/2024,448678866be7e1fd8734068e8032ff5d
222,8.74%   54.245     88 Szablon:Lang,8.74%   54.245     88 Szablon:Lang,2024-05-01,2024,2460431.5,722267.5,wikipedia_pl,pl,wydarzen,https://pl.wikipedia.org/wiki/2024,74b7af6d72e0cd480e54b8d363943cb1
223,2.69%   16.715     31 Szablon:Kalendarz/link,2.69%   16.715     31 Szablon:Kalendarz/link,2024-05-01,2024,2460431.5,722267.5,wikipedia_pl,pl,wydarzen,https://pl.wikipedia.org/wiki/2024,9e8d4af94ddc4009625ced4524fce4be
224,2.06%   12.766      1 Szablon:Spis_treści,2.06%   12.766      1 Szablon:Spis_treści,2024-05-01,2024,2460431.5,722267.5,wikipedia_pl,pl,wydarzen,https://pl.wikipedia.org/wiki/2024,0437cb092da9f5fcd824a136a30e19ff
225,"Zobacz szczegółowe informacje o <a class=""external text"" href=""https://foundation.wikimedia.org/wiki","Zobacz szczegółowe informacje o <a class=""external text"" href=""https://foundation.wikimedia.org/wiki/Policy:Terms_of_Use/pl"">warunkach korzystania</a>.</li>",2024-05-01,2024,2460431.5,722267.5,wikipedia_pl,pl,wydarzen,https://pl.wikipedia.org/wiki/2024,8b9f077b74b6afade946b261b4b1a19c
593,"class=""vector-toc-list-item vector-toc-level-1 vector-toc-list-item-expanded"">","class=""vector-toc-list-item vector-toc-level-1 vector-toc-list-item-expanded"">",2024-05-01,2024,2460431.5,722267.5,wikipedia_en,en,events,https://en.wikipedia.org/wiki/2024,ad86dd80bde9fb68aae894aae8e5b99d
594,"class=""vector-toc-list-item vector-toc-level-2"">","class=""vector-toc-list-item vector-toc-level-2"">",2024-05-01,2024,2460431.5,722267.5,wikipedia_en,en,events,https://en.wikipedia.org/wiki/2024,687a1046da3c490e815fbdb12e995b96
595,"Millennium</th></tr><tr><td class=""sidebar-content hlist"">","Millennium</th></tr><tr><td class=""sidebar-content hlist"">",2024-05-01,2024,2460431.5,722267.5,wikipedia_en,en,events,https://en.wikipedia.org/wiki/2024,ae2a4f806372448ed5c39648465dbd7c
596,"Centuries</th></tr><tr><td class=""sidebar-content hlist"">","Centuries</th></tr><tr><td class=""sidebar-content hlist"">",2024-05-01,2024,2460431.5,722267.5,wikipedia_en,en,events,https://en.wikipedia.org/wiki/2024,cdeedc9a9bf2f22c9fe3af481b9b4081
597,"additional terms may apply. By using this site, you agree to the <a href=""https://foundation.wikimed","additional terms may apply. By using this site, you agree to the <a href=""https://foundation.wikimedia.org/wiki/Special:MyLanguage/Policy:Terms_of_Use"" class=""extiw"" title=""foundation:Special:MyLanguage/Policy:Terms of Use"">Terms of Use</a> and <a href=""https://foundation.wikimedia.org/wiki/Special:MyLanguage/Policy:Privacy_policy"" class=""extiw"" title=""foundation:Special:MyLanguage/Policy:Privacy policy"">Privacy Policy</a>. Wikipedia® is a registered trademark of the <a rel=""nofollow"" class=""external text"" href=""https://wikimediafoundation.org/"">Wikimedia Foundation, Inc.</a>, a non-profit organization.</li>",2024-05-01,2024,2460431.5,722267.5,wikipedia_en,en,events,https://en.wikipedia.org/wiki/2024,a55b75d198060142168c1cf1d6659fbc
765,"| <a href=""/wiki/2030er"" title=""2030er"">2030er</a>&#160;| <a href=""/wiki/2040er"" title=""2040er"">2040","| <a href=""/wiki/2030er"" title=""2030er"">2030er</a>&#160;| <a href=""/wiki/2040er"" title=""2040er"">2040er</a><br />",2024-05-01,2024,2460431.5,722267.5,wikipedia_de,de,ereignis,https://de.wikipedia.org/wiki/2024,cd8a20814e0b41a3bb1d1a7bf16e4796
766,"| <a href=""/wiki/2025"" title=""2025"">2025</a>&#160;| <a href=""/wiki/2026"" title=""2026"">2026</a>&#160;","| <a href=""/wiki/2025"" title=""2025"">2025</a>&#160;| <a href=""/wiki/2026"" title=""2026"">2026</a>&#160;| <a href=""/wiki/2027"" title=""2027"">2027</a>&#160;| <a href=""/wiki/2028"" title=""2028"">2028</a>&#160;| <a href=""/wiki/2029"" title=""2029"">►</a><br />",2024-05-01,2024,2460431.5,722267.5,wikipedia_de,de,ereignis,https://de.wikipedia.org/wiki/2024,87765fbd51611894edabd3d1da162afd
879,"class=""vector-toc-list-item vector-toc-level-1 vector-toc-list-item-expanded"">","class=""vector-toc-list-item vector-toc-level-1 vector-toc-list-item-expanded"">",2024-05-01,2024,2460431.5,722267.5,wikipedia_fr,fr,événement,https://fr.wikipedia.org/wiki/2024,24f67bfae0e820a34091b03fc4638629
1427,"Earthquake M6.1 - 154 km WSW of Fakfak, Indonesia","Magnitude 6.1 earthquake at 154 km WSW of Fakfak, Indonesia. Depth: Nonekm",2024-05-05,2024,2460435.5,722271.5,usgs_earthquake,en,geological_event,https://earthquake.usgs.gov/earthquakes/eventpage/us6000mwjd,2270b20f00504864df536a082d5978e8
1426,"Earthquake M6.1 - 101 km ENE of Luganville, Vanuatu","Magnitude 6.1 earthquake at 101 km ENE of Luganville, Vanuatu. Depth: Nonekm",2024-05-08,2024,2460438.5,722274.5,usgs_earthquake,en,geological_event,https://earthquake.usgs.gov/earthquakes/eventpage/us6000mx5c,66374ce5dcde6c66c30879bbdfa215cf
1036,The Discovery of Neptune Revisited,"The study of the differences detected between the observed and the predicted
positions of Uranus taking only the ancient planets into account led to the
discovery of planet Neptune in 1846. This event remains one of the best
accomplishments ever achieved in the history of Astronomy and Classical
Mechanics. In this paper, we study the perturbations in the orbit of Uranus due
to Neptune and its effects from a modern numerical point of view of the
$N$-body problem. The effects induced by Pluto in the orbit of Neptune, as the
historical search for a ninth planet in the Solar System (recently boostered
again with the hypothesis of the so-called Planet Nine) back in the days was
propelled by some supposed small inconsistencies in the orbit of the ice
giants, are also analyzed.",2024-05-10,2024,2460440.5,722276.5,arxiv,en,scientific_paper,http://arxiv.org/abs/2405.06310v1,0feb22a47891b7d2afa8e94f9a4694ca
1035,"Revolutionizing Quantum Mechanics: The Birth and Evolution of the
  Many-Worlds Interpretation","The Many-worlds Interpretation (MWI) of quantum mechanics has captivated
physicists and philosophers alike since its inception in the mid-20th century.
This paper explores the historical roots, evolution, and implications of the
MWI within the context of quantum theory. Beginning with an overview of early
developments in quantum mechanics and the emergence of foundational
interpretations, we delve into the origins of the MWI through the
groundbreaking work of physicist Hugh Everett III. Everett's doctoral thesis
proposed a radical solution to the measurement problem, positing the existence
of multiple branching universes to account for quantum phenomenon. We trace the
evolution of the MWI, examining its refinement and elaboration by subsequent
physicists such as John Wheeler. Furthermore, we discuss the MWI's impact on
contemporary physics, including its connections to quantum information theory
and ongoing experimental tests. By providing a comprehensive analysis of the
MWI's historical development and current relevance, this paper offers insights
into one of the most provocative interpretations of quantum mechanics and its
implications for our understanding of the universe.",2024-05-11,2024,2460441.5,722277.5,arxiv,en,scientific_paper,http://arxiv.org/abs/2405.06924v3,af8a999f8356f1a547844d896c8fecdd
1425,"Earthquake M6.4 - 28 km WSW of Brisas Barra de Suchiate, Mexico","Magnitude 6.4 earthquake at 28 km WSW of Brisas Barra de Suchiate, Mexico. Depth: Nonekm",2024-05-12,2024,2460442.5,722278.5,usgs_earthquake,en,geological_event,https://earthquake.usgs.gov/earthquakes/eventpage/us6000my20,a7ebf524d5648f6ac58adf05a5eba2fb
1424,"Earthquake M6 - 169 km SW of Nikolski, Alaska","Magnitude 6 earthquake at 169 km SW of Nikolski, Alaska. Depth: Nonekm",2024-05-19,2024,2460449.5,722285.5,usgs_earthquake,en,geological_event,https://earthquake.usgs.gov/earthquakes/eventpage/us6000mzme,e811c59074a13a8a6d8b87e7cc1ef5b7
1034,Positivism in Newtonian Mechanics: The Ousia or a Historical Liability?,"The positivistic assumptions of determinism and objectivism in the realm of
Newtonian mechanics are questioned in this paper. While objectivism is only
challenged through proposing the mildest form of subjectivism, determinism is
structurally disputed by proposing that the physical reality, at least in the
examples discussed, is, in essence, probabilistic and unpredictable. It is
discussed that the physical reality and experimenter's identification of it
could basically have inconsistent characteristics, and the study of the
physical reality can therefore be conducted in ontic and epistemic levels,
leading to two distinct identifications. Four scientific topics, showing two
different types of indeterminacy, are introduced and briefly reviewed: chaotic
systems, turbulence, fluid transport in porous media, and hydromechanics of
fractures. It is proposed that determinism is only meaningful in epistemic
level, the first two examples are ontically indeterministic, the last two
examples are epistemically indeterministic, and more examples of
indeterministic phenomena could, most likely, be found in the nature.
Indeterminacy of the physical reality, it is discussed, has always been
considered in engineering design processes and such effects have normally been
covered through safety factors and feedback loops. By reviewing Hadamard's
well-posedness criteria, Poincae's complete deterministic approach, and
Leibniz's principles of sufficient reason and identity of indiscernibles, it is
claimed that positivism stands on Leibniz's metaphysical assumptions, which are
not necessarily in full agreement with the physical reality. A few suggestions
for a path beyond positivism in Newtonian mechanics are finally provided.",2024-05-22,2024,2460452.5,722288.5,arxiv,en,scientific_paper,http://arxiv.org/abs/2405.13421v1,6c8c9774640cfdb5e5f68c3353b270b0
1422,"Earthquake M6.6 - 70 km NW of Fangale’ounga, Tonga","Magnitude 6.6 earthquake at 70 km NW of Fangale’ounga, Tonga. Depth: Nonekm",2024-05-26,2024,2460456.5,722292.5,usgs_earthquake,en,geological_event,https://earthquake.usgs.gov/earthquakes/eventpage/us6000n158,63bf6be38ad612c25433e85b400ad0cb
1423,"Earthquake M6.3 - 83 km NW of Port-Vila, Vanuatu","Magnitude 6.3 earthquake at 83 km NW of Port-Vila, Vanuatu. Depth: Nonekm",2024-05-26,2024,2460456.5,722292.5,usgs_earthquake,en,geological_event,https://earthquake.usgs.gov/earthquakes/eventpage/us6000n102,4cfaa6c28d54720845d3b250f9416d1a
1033,A Triumvirate of AI Driven Theoretical Discovery,"Recent years have seen the dramatic rise of the usage of AI algorithms in
pure mathematics and fundamental sciences such as theoretical physics. This is
perhaps counter-intuitive since mathematical sciences require the rigorous
definitions, derivations, and proofs, in contrast to the experimental sciences
which rely on the modelling of data with error-bars. In this Perspective, we
categorize the approaches to mathematical discovery as ""top-down"", ""bottom-up""
and ""meta-mathematics"", as inspired by historical examples. We review some of
the progress over the last few years, comparing and contrasting both the
advances and the short-comings in each approach. We argue that while the
theorist is in no way in danger of being replaced by AI in the near future, the
hybrid of human expertise and AI algorithms will become an integral part of
theoretical discovery.",2024-05-30,2024,2460460.5,722296.5,arxiv,en,scientific_paper,http://arxiv.org/abs/2405.19973v1,969e9626940dad57ac473ee623abd8ae
1162,"Myths of Nuclear Graphite in World War II, with Original Translations","We re-examine a common narrative that experimental errors by Walther Bothe in
1941 led Germany to abandon graphite as a reactor moderator during World War
II. Using document-based nuclear archaeology, we first show that both American
and German scientists used an incorrect carbon scattering cross section,
thereby undermining the accuracy of all wartime data, including their
conclusions on carbon's absorption. Moreover, we argue that the availability of
exceptionally pure petroleum coke in the United States, rather than any
academic breakthrough, decisively enabled their production of nuclear-grade
graphite. In contrast, Bothe's Siemens electrographite had more boron
contamination than any graphites considered in Fermi's experiments, rendering
it genuinely impractical as a moderator. By reframing the decision to eschew
graphite as a deliberate decision rather than a mere experimental oversight, we
believe the German decision was a rational consequence of a complex interplay
between material constraints and wartime priorities.",2024-05-31,2024,2460461.5,722297.5,arxiv,en,scientific_paper,http://arxiv.org/abs/2405.20801v2,8fd30d8861c6fe9e8d7a429f1c8d04cd
1420,Earthquake M6.2 - Kermadec Islands region,Magnitude 6.2 earthquake at Kermadec Islands region. Depth: Nonekm,2024-05-31,2024,2460461.5,722297.5,usgs_earthquake,en,geological_event,https://earthquake.usgs.gov/earthquakes/eventpage/us7000mp9e,157536c0e6860975ad1670d6b3847b21
1421,Earthquake M6.2 - Prince Edward Islands region,Magnitude 6.2 earthquake at Prince Edward Islands region. Depth: Nonekm,2024-05-31,2024,2460461.5,722297.5,usgs_earthquake,en,geological_event,https://earthquake.usgs.gov/earthquakes/eventpage/us7000mp99,8d3facafd8fab9d81829fa264fa9dd99
226,"RLSTATE={""ext.gadget.wikiflex"":""ready"",""ext.gadget.infobox"":""ready"",""ext.gadget.hlist"":""ready"",""ext.","RLSTATE={""ext.gadget.wikiflex"":""ready"",""ext.gadget.infobox"":""ready"",""ext.gadget.hlist"":""ready"",""ext.gadget.darkmode-overrides"":""ready"",""ext.gadget.small-references"":""ready"",""ext.gadget.citation-access-info"":""ready"",""ext.gadget.sprawdz-problemy-szablony"":""ready"",""ext.globalCssJs.user.styles"":""ready"",""site.styles"":""ready"",""user.styles"":""ready"",""ext.globalCssJs.user"":""ready"",""user"":""ready"",""user.options"":""loading"",""ext.cite.styles"":""ready"",""ext.wikimediamessages.styles"":""ready"",""skins.vector.search.codex.styles"":""ready"",""skins.vector.styles"":""ready"",""skins.vector.icons"":""ready"",""jquery.makeCollapsible.styles"":""ready"",""ext.flaggedRevs.basic"":""ready"",""mediawiki.codex.messagebox.styles"":""ready"",""ext.visualEditor.desktopArticleTarget.noscript"":""ready"",""ext.uls.interlanguage"":""ready"",""wikibase.client.init"":""ready"",""ext.wikimediaBadges"":""ready""};RLPAGEMODULES=[""ext.xLab"",""ext.cite.ux-enhancements"",""ext.scribunto.logs"",""site"",""mediawiki.page.ready"",""jquery.makeCollapsible"",""mediawiki.toc"",""skins.vector.js"",""ext.centralNotice.geoIP"",""ext.centralNotice.startUp"",""ext.flaggedRevs.advanced"",""ext.gadget.ll-script-loader"",""ext.gadget.veKeepParameters"",""ext.gadget.szablon-galeria"",""ext.gadget.NavFrame"",""ext.gadget.citoid-overrides"",""ext.gadget.maps"",""ext.gadget.padlock-indicators"",""ext.gadget.interwiki-langlist"",""ext.gadget.edit-summaries"",""ext.gadget.edit-first-section"",""ext.gadget.wikibugs"",""ext.gadget.map-toggler"",""ext.gadget.narrowFootnoteColumns"",""ext.gadget.ally-enhance"",""ext.gadget.WDsearch"",""ext.urlShortener.toolbar"",""ext.centralauth.centralautologin"",""ext.popups"",""ext.visualEditor.desktopArticleTarget.init"",""ext.visualEditor.targetLoader"",""ext.echo.centralauth"",""ext.eventLogging"",""ext.wikimediaEvents"",""ext.navigationTiming"",""ext.uls.interface"",""ext.cx.eventlogging.campaigns"",""ext.cx.uls.quick.actions"",""wikibase.client.vector-2022"",""ext.checkUser.clientHints"",""ext.growthExperiments.SuggestedEditSession""];</script>",2024-06-01,2024,2460462.5,722298.5,wikipedia_pl,pl,wydarzen,https://pl.wikipedia.org/wiki/2024,c813d942b23526da1f52e5532c4d020f
227,20.07%   97.351      1 Szablon:Szablon_nawigacyjny,20.07%   97.351      1 Szablon:Szablon_nawigacyjny,2024-06-01,2024,2460462.5,722298.5,wikipedia_pl,pl,wydarzen,https://pl.wikipedia.org/wiki/2024,7ab930a94dfdc2a9b3ae0619ebe77740
228,9.71%   47.106     72 Szablon:Lang,9.71%   47.106     72 Szablon:Lang,2024-06-01,2024,2460462.5,722298.5,wikipedia_pl,pl,wydarzen,https://pl.wikipedia.org/wiki/2024,4713be05b5e45c08189ca1d8d6df5967
229,9.58%   46.470      1 Szablon:Miesiąc,9.58%   46.470      1 Szablon:Miesiąc,2024-06-01,2024,2460462.5,722298.5,wikipedia_pl,pl,wydarzen,https://pl.wikipedia.org/wiki/2024,562fcdf34c4592142b81b3acc87b90c2
230,8.78%   42.601      1 Szablon:Kalendarz,8.78%   42.601      1 Szablon:Kalendarz,2024-06-01,2024,2460462.5,722298.5,wikipedia_pl,pl,wydarzen,https://pl.wikipedia.org/wiki/2024,bebf116f40f2bcd19540e38d512b5600
231,2.45%   11.874     30 Szablon:Kalendarz/link,2.45%   11.874     30 Szablon:Kalendarz/link,2024-06-01,2024,2460462.5,722298.5,wikipedia_pl,pl,wydarzen,https://pl.wikipedia.org/wiki/2024,9475c4a9289483453a64cd9877a3cf67
232,1.92%    9.309      1 Szablon:Spis_treści,1.92%    9.309      1 Szablon:Spis_treści,2024-06-01,2024,2460462.5,722298.5,wikipedia_pl,pl,wydarzen,https://pl.wikipedia.org/wiki/2024,2654702dbda805bf62587603e1ccacc7
233,"Zobacz szczegółowe informacje o <a class=""external text"" href=""https://foundation.wikimedia.org/wiki","Zobacz szczegółowe informacje o <a class=""external text"" href=""https://foundation.wikimedia.org/wiki/Policy:Terms_of_Use/pl"">warunkach korzystania</a>.</li>",2024-06-01,2024,2460462.5,722298.5,wikipedia_pl,pl,wydarzen,https://pl.wikipedia.org/wiki/2024,a5d33760d3cea3d9ffd19d2d3dfe1284
598,"class=""vector-toc-list-item vector-toc-level-1 vector-toc-list-item-expanded"">","class=""vector-toc-list-item vector-toc-level-1 vector-toc-list-item-expanded"">",2024-06-01,2024,2460462.5,722298.5,wikipedia_en,en,events,https://en.wikipedia.org/wiki/2024,1520c4dc9172375d29b26794018bc753
599,"class=""vector-toc-list-item vector-toc-level-2"">","class=""vector-toc-list-item vector-toc-level-2"">",2024-06-01,2024,2460462.5,722298.5,wikipedia_en,en,events,https://en.wikipedia.org/wiki/2024,3876f2d46478a53276cf1d9ae26b454e
600,"Millennium</th></tr><tr><td class=""sidebar-content hlist"">","Millennium</th></tr><tr><td class=""sidebar-content hlist"">",2024-06-01,2024,2460462.5,722298.5,wikipedia_en,en,events,https://en.wikipedia.org/wiki/2024,45fcda651575a739deaa1a88ee430168
601,"Centuries</th></tr><tr><td class=""sidebar-content hlist"">","Centuries</th></tr><tr><td class=""sidebar-content hlist"">",2024-06-01,2024,2460462.5,722298.5,wikipedia_en,en,events,https://en.wikipedia.org/wiki/2024,39a52c2abcf618719760d7eb2046ae91
602,"additional terms may apply. By using this site, you agree to the <a href=""https://foundation.wikimed","additional terms may apply. By using this site, you agree to the <a href=""https://foundation.wikimedia.org/wiki/Special:MyLanguage/Policy:Terms_of_Use"" class=""extiw"" title=""foundation:Special:MyLanguage/Policy:Terms of Use"">Terms of Use</a> and <a href=""https://foundation.wikimedia.org/wiki/Special:MyLanguage/Policy:Privacy_policy"" class=""extiw"" title=""foundation:Special:MyLanguage/Policy:Privacy policy"">Privacy Policy</a>. Wikipedia® is a registered trademark of the <a rel=""nofollow"" class=""external text"" href=""https://wikimediafoundation.org/"">Wikimedia Foundation, Inc.</a>, a non-profit organization.</li>",2024-06-01,2024,2460462.5,722298.5,wikipedia_en,en,events,https://en.wikipedia.org/wiki/2024,b4e8a0e5e217c92af96d5e17ee3027d9
767,"| <a href=""/wiki/2030er"" title=""2030er"">2030er</a>&#160;| <a href=""/wiki/2040er"" title=""2040er"">2040","| <a href=""/wiki/2030er"" title=""2030er"">2030er</a>&#160;| <a href=""/wiki/2040er"" title=""2040er"">2040er</a><br />",2024-06-01,2024,2460462.5,722298.5,wikipedia_de,de,ereignis,https://de.wikipedia.org/wiki/2024,c52c78a11b3842539d0063dc781d6f80
768,"| <a href=""/wiki/2025"" title=""2025"">2025</a>&#160;| <a href=""/wiki/2026"" title=""2026"">2026</a>&#160;","| <a href=""/wiki/2025"" title=""2025"">2025</a>&#160;| <a href=""/wiki/2026"" title=""2026"">2026</a>&#160;| <a href=""/wiki/2027"" title=""2027"">2027</a>&#160;| <a href=""/wiki/2028"" title=""2028"">2028</a>&#160;| <a href=""/wiki/2029"" title=""2029"">►</a><br />",2024-06-01,2024,2460462.5,722298.5,wikipedia_de,de,ereignis,https://de.wikipedia.org/wiki/2024,d3d8e25757f44684897f92e4d96a2900
880,"class=""vector-toc-list-item vector-toc-level-1 vector-toc-list-item-expanded"">","class=""vector-toc-list-item vector-toc-level-1 vector-toc-list-item-expanded"">",2024-06-01,2024,2460462.5,722298.5,wikipedia_fr,fr,événement,https://fr.wikipedia.org/wiki/2024,58b016941222df21e3585006f0d2cf25
1032,The two-spin enigma: from the helium atom to quantum ontology,"The purpose of this article is to provide a novel approach and justification
of the idea that classical physics and quantum physics can neither function nor
even be conceived one without the other - in line with ideas attributed to e.g.
Niels Bohr or Lev Landau. Though this point of view may go against current
common wisdom, we will show that it perfectly fits with empirical evidence, and
can be maintained without giving up physical realism. In order to place our
arguments in a convenient historical perspective, we will proceed as if we were
following the path of a police investigation, about the demise, or vanishing,
of some valuable properties of the two electrons in the helium atom. We will
start from experimentally based evidence in order to analyse and explain
physical facts, moving cautiously from a classical to a quantum description,
without mixing them up. The overall picture will be that the physical
properties of microscopic systems are quantized, as initially shown by Planck
and Einstein, and they are also contextual, i.e. that they can be given a
physical sense only by embedding a microscopic system within a macroscopic
measurement context.",2024-06-07,2024,2460468.5,722304.5,arxiv,en,scientific_paper,http://arxiv.org/abs/2406.05169v2,dfb9158a7b50b3ed1562768dfca42fa5
1419,Earthquake M6.2 - Pacific-Antarctic Ridge,Magnitude 6.2 earthquake at Pacific-Antarctic Ridge. Depth: Nonekm,2024-06-09,2024,2460470.5,722306.5,usgs_earthquake,en,geological_event,https://earthquake.usgs.gov/earthquakes/eventpage/us7000mrbr,750a931cf80aefff0e74745a571313ca
1417,"Earthquake M6 - 10 km SW of Atiquipa, Peru","Magnitude 6 earthquake at 10 km SW of Atiquipa, Peru. Depth: Nonekm",2024-06-16,2024,2460477.5,722313.5,usgs_earthquake,en,geological_event,https://earthquake.usgs.gov/earthquakes/eventpage/us7000mstj,0311584227474fe30aae798414f46249
1418,Earthquake M6 - west of Macquarie Island,Magnitude 6 earthquake at west of Macquarie Island. Depth: Nonekm,2024-06-16,2024,2460477.5,722313.5,usgs_earthquake,en,geological_event,https://earthquake.usgs.gov/earthquakes/eventpage/us7000msqt,df7e949b5c8d709326cd9b9fbd554136
1416,"Earthquake M6 - 20 km NE of Yaguaraparo, Venezuela","Magnitude 6 earthquake at 20 km NE of Yaguaraparo, Venezuela. Depth: Nonekm",2024-06-23,2024,2460484.5,722320.5,usgs_earthquake,en,geological_event,https://earthquake.usgs.gov/earthquakes/eventpage/us7000mu1p,30d7914867aa4fb9d8a6d19efde25198
1415,"Earthquake M6.3 - 49 km NNE of Port-Olry, Vanuatu","Magnitude 6.3 earthquake at 49 km NNE of Port-Olry, Vanuatu. Depth: Nonekm",2024-06-24,2024,2460485.5,722321.5,usgs_earthquake,en,geological_event,https://earthquake.usgs.gov/earthquakes/eventpage/us7000mu8s,93ceb19ee3484be36147c17a8a4e4b59
1414,"Earthquake M7.2 - 10 km WSW of Atiquipa, Peru","Magnitude 7.2 earthquake at 10 km WSW of Atiquipa, Peru. Depth: Nonekm",2024-06-28,2024,2460489.5,722325.5,usgs_earthquake,en,geological_event,https://earthquake.usgs.gov/earthquakes/eventpage/us6000n8tq,2e94fe8d5fe8c71ee7b36344601e811b
1413,"Earthquake M6.1 - 34 km SW of Atiquipa, Peru","Magnitude 6.1 earthquake at 34 km SW of Atiquipa, Peru. Depth: Nonekm",2024-06-29,2024,2460490.5,722326.5,usgs_earthquake,en,geological_event,https://earthquake.usgs.gov/earthquakes/eventpage/us6000n948,b1eb78b8d2dd80e0a45265335625b30d
234,"RLSTATE={""ext.gadget.wikiflex"":""ready"",""ext.gadget.infobox"":""ready"",""ext.gadget.hlist"":""ready"",""ext.","RLSTATE={""ext.gadget.wikiflex"":""ready"",""ext.gadget.infobox"":""ready"",""ext.gadget.hlist"":""ready"",""ext.gadget.darkmode-overrides"":""ready"",""ext.gadget.small-references"":""ready"",""ext.gadget.citation-access-info"":""ready"",""ext.gadget.sprawdz-problemy-szablony"":""ready"",""ext.globalCssJs.user.styles"":""ready"",""site.styles"":""ready"",""user.styles"":""ready"",""ext.globalCssJs.user"":""ready"",""user"":""ready"",""user.options"":""loading"",""ext.cite.styles"":""ready"",""ext.wikimediamessages.styles"":""ready"",""skins.vector.search.codex.styles"":""ready"",""skins.vector.styles"":""ready"",""skins.vector.icons"":""ready"",""jquery.makeCollapsible.styles"":""ready"",""ext.flaggedRevs.basic"":""ready"",""mediawiki.codex.messagebox.styles"":""ready"",""ext.visualEditor.desktopArticleTarget.noscript"":""ready"",""ext.uls.interlanguage"":""ready"",""wikibase.client.init"":""ready"",""ext.wikimediaBadges"":""ready""};RLPAGEMODULES=[""ext.xLab"",""ext.cite.ux-enhancements"",""ext.scribunto.logs"",""site"",""mediawiki.page.ready"",""jquery.makeCollapsible"",""mediawiki.toc"",""skins.vector.js"",""ext.centralNotice.geoIP"",""ext.centralNotice.startUp"",""ext.flaggedRevs.advanced"",""ext.gadget.ll-script-loader"",""ext.gadget.veKeepParameters"",""ext.gadget.szablon-galeria"",""ext.gadget.NavFrame"",""ext.gadget.citoid-overrides"",""ext.gadget.maps"",""ext.gadget.padlock-indicators"",""ext.gadget.interwiki-langlist"",""ext.gadget.edit-summaries"",""ext.gadget.edit-first-section"",""ext.gadget.wikibugs"",""ext.gadget.map-toggler"",""ext.gadget.narrowFootnoteColumns"",""ext.gadget.ally-enhance"",""ext.gadget.WDsearch"",""ext.urlShortener.toolbar"",""ext.centralauth.centralautologin"",""ext.popups"",""ext.visualEditor.desktopArticleTarget.init"",""ext.visualEditor.targetLoader"",""ext.echo.centralauth"",""ext.eventLogging"",""ext.wikimediaEvents"",""ext.navigationTiming"",""ext.uls.interface"",""ext.cx.eventlogging.campaigns"",""ext.cx.uls.quick.actions"",""wikibase.client.vector-2022"",""ext.checkUser.clientHints"",""ext.growthExperiments.SuggestedEditSession""];</script>",2024-07-01,2024,2460492.5,722328.5,wikipedia_pl,pl,wydarzen,https://pl.wikipedia.org/wiki/2024,5739849a57537596d25d99abf62220ed
235,14.45%   95.264      1 Szablon:Szablon_nawigacyjny,14.45%   95.264      1 Szablon:Szablon_nawigacyjny,2024-07-01,2024,2460492.5,722328.5,wikipedia_pl,pl,wydarzen,https://pl.wikipedia.org/wiki/2024,84ff24d90c84bb6583167f3579f0badd
236,10.60%   69.904    120 Szablon:Lang,10.60%   69.904    120 Szablon:Lang,2024-07-01,2024,2460492.5,722328.5,wikipedia_pl,pl,wydarzen,https://pl.wikipedia.org/wiki/2024,7c9ec49d56c8e3776a5df49601295bc9
237,7.48%   49.317      1 Szablon:Miesiąc,7.48%   49.317      1 Szablon:Miesiąc,2024-07-01,2024,2460492.5,722328.5,wikipedia_pl,pl,wydarzen,https://pl.wikipedia.org/wiki/2024,d442dba013464a3420957a99e155d06b
238,6.77%   44.664      1 Szablon:Kalendarz,6.77%   44.664      1 Szablon:Kalendarz,2024-07-01,2024,2460492.5,722328.5,wikipedia_pl,pl,wydarzen,https://pl.wikipedia.org/wiki/2024,7b19832b947c3fed0b68670e4d36cc94
239,1.86%   12.272     31 Szablon:Kalendarz/link,1.86%   12.272     31 Szablon:Kalendarz/link,2024-07-01,2024,2460492.5,722328.5,wikipedia_pl,pl,wydarzen,https://pl.wikipedia.org/wiki/2024,62ae4cd7a257746892706c39cae664e6
240,1.42%    9.383      1 Szablon:Spis_treści,1.42%    9.383      1 Szablon:Spis_treści,2024-07-01,2024,2460492.5,722328.5,wikipedia_pl,pl,wydarzen,https://pl.wikipedia.org/wiki/2024,b47c4ae0c10de293a885539a2c05e231
241,"Zobacz szczegółowe informacje o <a class=""external text"" href=""https://foundation.wikimedia.org/wiki","Zobacz szczegółowe informacje o <a class=""external text"" href=""https://foundation.wikimedia.org/wiki/Policy:Terms_of_Use/pl"">warunkach korzystania</a>.</li>",2024-07-01,2024,2460492.5,722328.5,wikipedia_pl,pl,wydarzen,https://pl.wikipedia.org/wiki/2024,5274dbc6f7e91ccd3e3a1c2ae639c143
603,"class=""vector-toc-list-item vector-toc-level-1 vector-toc-list-item-expanded"">","class=""vector-toc-list-item vector-toc-level-1 vector-toc-list-item-expanded"">",2024-07-01,2024,2460492.5,722328.5,wikipedia_en,en,events,https://en.wikipedia.org/wiki/2024,3b3a3b1c0b00e34d6c26c2549de969f8
604,"class=""vector-toc-list-item vector-toc-level-2"">","class=""vector-toc-list-item vector-toc-level-2"">",2024-07-01,2024,2460492.5,722328.5,wikipedia_en,en,events,https://en.wikipedia.org/wiki/2024,9f8ec0e4e8281a04697ec09cac455d90
605,"Millennium</th></tr><tr><td class=""sidebar-content hlist"">","Millennium</th></tr><tr><td class=""sidebar-content hlist"">",2024-07-01,2024,2460492.5,722328.5,wikipedia_en,en,events,https://en.wikipedia.org/wiki/2024,34f25f33cd14677fb7aa945ee261eb7f
606,"Centuries</th></tr><tr><td class=""sidebar-content hlist"">","Centuries</th></tr><tr><td class=""sidebar-content hlist"">",2024-07-01,2024,2460492.5,722328.5,wikipedia_en,en,events,https://en.wikipedia.org/wiki/2024,55f3a5d3b162f516508cd0754de3d799
607,"additional terms may apply. By using this site, you agree to the <a href=""https://foundation.wikimed","additional terms may apply. By using this site, you agree to the <a href=""https://foundation.wikimedia.org/wiki/Special:MyLanguage/Policy:Terms_of_Use"" class=""extiw"" title=""foundation:Special:MyLanguage/Policy:Terms of Use"">Terms of Use</a> and <a href=""https://foundation.wikimedia.org/wiki/Special:MyLanguage/Policy:Privacy_policy"" class=""extiw"" title=""foundation:Special:MyLanguage/Policy:Privacy policy"">Privacy Policy</a>. Wikipedia® is a registered trademark of the <a rel=""nofollow"" class=""external text"" href=""https://wikimediafoundation.org/"">Wikimedia Foundation, Inc.</a>, a non-profit organization.</li>",2024-07-01,2024,2460492.5,722328.5,wikipedia_en,en,events,https://en.wikipedia.org/wiki/2024,52867b6333187a65a9a1b70d07e00417
769,"| <a href=""/wiki/2030er"" title=""2030er"">2030er</a>&#160;| <a href=""/wiki/2040er"" title=""2040er"">2040","| <a href=""/wiki/2030er"" title=""2030er"">2030er</a>&#160;| <a href=""/wiki/2040er"" title=""2040er"">2040er</a><br />",2024-07-01,2024,2460492.5,722328.5,wikipedia_de,de,ereignis,https://de.wikipedia.org/wiki/2024,f7b02597bccc6959f4fda34b3be17915
770,"| <a href=""/wiki/2025"" title=""2025"">2025</a>&#160;| <a href=""/wiki/2026"" title=""2026"">2026</a>&#160;","| <a href=""/wiki/2025"" title=""2025"">2025</a>&#160;| <a href=""/wiki/2026"" title=""2026"">2026</a>&#160;| <a href=""/wiki/2027"" title=""2027"">2027</a>&#160;| <a href=""/wiki/2028"" title=""2028"">2028</a>&#160;| <a href=""/wiki/2029"" title=""2029"">►</a><br />",2024-07-01,2024,2460492.5,722328.5,wikipedia_de,de,ereignis,https://de.wikipedia.org/wiki/2024,64c797035b3672a5064635163eba4a42
881,"class=""vector-toc-list-item vector-toc-level-1 vector-toc-list-item-expanded"">","class=""vector-toc-list-item vector-toc-level-1 vector-toc-list-item-expanded"">",2024-07-01,2024,2460492.5,722328.5,wikipedia_fr,fr,événement,https://fr.wikipedia.org/wiki/2024,4a61ba4e87bded287580c82ab3b07af0
1412,"Earthquake M6.2 - Bonin Islands, Japan region","Magnitude 6.2 earthquake at Bonin Islands, Japan region. Depth: Nonekm",2024-07-07,2024,2460498.5,722334.5,usgs_earthquake,en,geological_event,https://earthquake.usgs.gov/earthquakes/eventpage/us7000mxmu,3cb60f94b3dd0c334391bda57553ca68
1091,"Is there something missing from the Antikythera Mechanism? Was it a
  mechanical Planetarium, positioner? or a Luni solar Time calculator device?
  Reconstructing the lost parts of b1 gear and its Cover Disc","We present the observations and the results of our experience from a large
number of flight hours in constructing, handling, testing, studying and
interacting with our Antikythera Mechanism functional reconstruction models. We
constructed our models according to the X Ray tomographies and without any use
of modern stabilization parts (screws, nuts etc). Simple typical bronze
material (not with special alloys) was used in the construction, while (most
of) the gears were cut from simple bronze discs with thickness about 2mm and
with triangular shaped teeth (not in modern involute shape). The bronze (not
iron or steel) shafts have dimensions conforming to the original parts of the
ancient artifact. The assembly of the parts was done following careful study of
the Personal Constructional Characteristics and the Design Style of the ancient
Craftsman, which are visible or even hidden on the Antikythera Mechanism
Fragments. During the extensive use of our models, it was concluded that two
important and mandatory indicators are missing from all current reconstructions
of the Antikythera Mechanism. The absence of these two indicator dials makes it
difficult to properly operate the Mechanism and their existence is necessary,
in order for the Antikythera Mechanism to be considered as a complete and self
contained operational time measuring device. The two procedures related to the
(poorly) preserved remains were located on gear b1 and the lost Cover Disc of
the b1 gear. The reconstruction of those missing parts was achieved by paying
special attention to the Personal Constructional Characteristics of the ancient
Craftsman. The extensive analysis of the Antikythera Mechanism calibrated
scales leads to the understanding of the Mechanism as a luni solar time
measuring device, as opposed to the notion that it was a mechanical planetarium
presenting the hypothesized planetary motions and positions.",2024-07-08,2024,2460499.5,722335.5,arxiv,en,scientific_paper,http://arxiv.org/abs/2407.15858v1,4e749c70a1ad313c521b8fc9e4677e41
1411,Earthquake M6.6 - south of Africa,Magnitude 6.6 earthquake at south of Africa. Depth: Nonekm,2024-07-10,2024,2460501.5,722337.5,usgs_earthquake,en,geological_event,https://earthquake.usgs.gov/earthquakes/eventpage/us7000my76,ac6e2c6e74130886e5a0d458557375ed
1409,"Earthquake M6.4 - 209 km WSW of Tofino, Canada","Magnitude 6.4 earthquake at 209 km WSW of Tofino, Canada. Depth: Nonekm",2024-07-11,2024,2460502.5,722338.5,usgs_earthquake,en,geological_event,https://earthquake.usgs.gov/earthquakes/eventpage/us7000mykj,dc1c40b1e56f41e2a549d1f15c5e8cc7
1410,"Earthquake M7.1 - 106 km WSW of Sangay, Philippines","Magnitude 7.1 earthquake at 106 km WSW of Sangay, Philippines. Depth: Nonekm",2024-07-11,2024,2460502.5,722338.5,usgs_earthquake,en,geological_event,https://earthquake.usgs.gov/earthquakes/eventpage/us7000myfa,5951490a775f4ca5288a10427c3b5e43
1031,"How the Michelson and Morley experiment was reinterpreted by special
  relativity","We elucidate how different theoretical assumptions bring about radically
different interpretations of the same experimental result. We do this by
analyzing special relativity as it was originally formulated. Then, we examine
the relationship of the theory with the result of the Michelson and Morley
experiment. We point out that in diverse a historical context the same
experiment can be thought of as providing different conceptualizations of
phenomena. This demonstrates why special relativity prevailed over its rival
theories. This theory made a new reinterpretation of the experiment by
associating it with a novel phenomenon, namely, the invariance of the speed of
light, a phenomenon that was not the one originally investigated. This leads us
to an understanding of how this experiment could have been interpreted in a
completely different historical context.",2024-07-17,2024,2460508.5,722344.5,arxiv,en,scientific_paper,http://arxiv.org/abs/2407.12960v2,30292cf60ef942f2b377ceed77634742
1407,"Earthquake M6 - 168 km SW of Nikolski, Alaska","Magnitude 6 earthquake at 168 km SW of Nikolski, Alaska. Depth: Nonekm",2024-07-19,2024,2460510.5,722346.5,usgs_earthquake,en,geological_event,https://earthquake.usgs.gov/earthquakes/eventpage/us7000n068,907816c9970ef8a4ccdc1881ac3231e8
1408,"Earthquake M7.4 - 41 km ESE of San Pedro de Atacama, Chile","Magnitude 7.4 earthquake at 41 km ESE of San Pedro de Atacama, Chile. Depth: Nonekm",2024-07-19,2024,2460510.5,722346.5,usgs_earthquake,en,geological_event,https://earthquake.usgs.gov/earthquakes/eventpage/us7000n05d,907128d916eee912632e0ceb68a89f8f
1030,"The Origin of Quantum Mechanical Statistics: Some Insights from the
  Research on Human Language","Identical systems, or entities, are indistinguishable in quantum mechanics
(QM), and the symmetrization postulate rules the possible statistical
distributions of a large number of identical quantum entities. However, a
thorough analysis on the historical development of QM attributes the origin of
quantum statistics, in particular, Bose-Einstein statistics, to a lack of
statistical independence of the micro-states of identical quantum entities. We
have recently identified Bose-Einstein statistics in the combination of words
in large texts, as a consequence of the entanglement created by the meaning
carried by words when they combine in human language. Relying on this
investigation, we put forward the hypothesis that entanglement, hence the lack
of statistical independence, is due to a mechanism of contextual updating,
which provides deeper reasons for the appearance of Bose-Einstein statistics in
human language. However, this investigation also contributes to a better
understanding of the origin of quantum mechanical statistics in physics.
Finally, we provide new insights into the intrinsically random behaviour of
microscopic entities that is generally assumed within classical statistical
mechanics.",2024-07-20,2024,2460511.5,722347.5,arxiv,en,scientific_paper,http://arxiv.org/abs/2407.14924v2,0e64060bd5164fd6de72566f8b68cba5
1406,"Earthquake M6.2 - 6 km E of Jalapa, Guatemala","Magnitude 6.2 earthquake at 6 km E of Jalapa, Guatemala. Depth: Nonekm",2024-07-21,2024,2460512.5,722348.5,usgs_earthquake,en,geological_event,https://earthquake.usgs.gov/earthquakes/eventpage/us7000n0ka,8eec106899183add830d0208a49e522a
1405,"Earthquake M6.1 - 99 km NE of Norsup, Vanuatu","Magnitude 6.1 earthquake at 99 km NE of Norsup, Vanuatu. Depth: Nonekm",2024-07-22,2024,2460513.5,722349.5,usgs_earthquake,en,geological_event,https://earthquake.usgs.gov/earthquakes/eventpage/us7000n0s8,e596349912ccd98b67e1cabab326f334
1090,"All roads lead to (New) Rome: Byzantine astronomy and geography in a
  rapidly changing world","During the first few centuries CE, the centre of the known world gradually
shifted from Alexandria to Constantinople. Combined with a societal shift from
pagan beliefs to Christian doctrines, Antiquity gave way to the Byzantine era.
While Western Europe entered an extended period of intellectual decline,
Constantinople developed into a rich cultural crossroads between East and West.
Yet, Byzantine scholarship in astronomy and geography continued to rely heavily
on their ancient Greek heritage, and particularly on Ptolemy's Geography.
Unfortunately, Ptolemy's choices for his geographic coordinate system resulted
in inherent and significant distortions of and inaccuracies in maps centred on
the Byzantine Empire. This comprehensive review of Byzantine geographic
achievements -- supported by a review of astronomical developments pertaining
to position determination on Earth -- aims to demonstrate why and how, when
Constantinople fell to the Turks in 1453 and the Ottoman Empire commenced,
Byzantine astronomers had become the central axis in an extensive network of
Christians, Muslims and Jews. Their influence remained significant well into
the Ottoman era, particularly in the context of geographical applications.",2024-07-23,2024,2460514.5,722350.5,arxiv,en,scientific_paper,http://arxiv.org/abs/2407.16285v1,123f60d7f1479a7c97f2953c6e68e371
1029,"Julian Hirniak, an early proponent of periodic chemical reaction","In this article we present and discuss the work and scientific legacy of
Julian Hirniak, the Ukrainian chemist and physicist who published two articles
in 1908 and 1911 about periodic chemical reactions. Over the last 110+ years,
his theoretical work has often been cited favorably in connection with Alfred
Lotka's theoretical model of an oscillating reaction system. Other authors have
pointed out thermodynamic problems in Hirniak's reaction scheme. Based on
English translations of his 1908 Ukrainian and 1911 German articles, we show
that Hirniak's claim (that a cycle of inter-conversions of three chemical
isomers in a closed reaction vessel can show damped periodic behavior) violates
the \textit{Principle of Detailed Balance} (i.e., the Second Law of
Thermodynamics), and that Hirniak was aware of this Principle. We also discuss
his results in relation to Lotka's first model of damped oscillations in an
open system of chemical reactions involving an auto-catalytic reaction
operating far from equilibrium. Taking hints from both Hirniak and Lotka, we
show that the mundane case of a kinase enzyme catalyzing the phosphorylation of
a sugar can satisfy Hirniak's conditions for damped oscillations to its steady
state flux (i.e., the Michaelis--Menten rate law), but that the oscillations
are so highly damped as to be unobservable. Finally, we examine historical and
factual misunderstandings related to Julian Hirniak and his publications.",2024-07-29,2024,2460520.5,722356.5,arxiv,en,scientific_paper,http://arxiv.org/abs/2407.19945v1,37aeaf7e22d19d6a1814c7011507a29c
1404,"Earthquake M6 - 73 km SSE of Pangai, Tonga","Magnitude 6 earthquake at 73 km SSE of Pangai, Tonga. Depth: Nonekm",2024-07-29,2024,2460520.5,722356.5,usgs_earthquake,en,geological_event,https://earthquake.usgs.gov/earthquakes/eventpage/us6000ngng,bc15373cace1655742db4778dbcdbc51
242,"RLSTATE={""ext.gadget.wikiflex"":""ready"",""ext.gadget.infobox"":""ready"",""ext.gadget.hlist"":""ready"",""ext.","RLSTATE={""ext.gadget.wikiflex"":""ready"",""ext.gadget.infobox"":""ready"",""ext.gadget.hlist"":""ready"",""ext.gadget.darkmode-overrides"":""ready"",""ext.gadget.small-references"":""ready"",""ext.gadget.citation-access-info"":""ready"",""ext.gadget.sprawdz-problemy-szablony"":""ready"",""ext.globalCssJs.user.styles"":""ready"",""site.styles"":""ready"",""user.styles"":""ready"",""ext.globalCssJs.user"":""ready"",""user"":""ready"",""user.options"":""loading"",""ext.cite.styles"":""ready"",""ext.wikimediamessages.styles"":""ready"",""skins.vector.search.codex.styles"":""ready"",""skins.vector.styles"":""ready"",""skins.vector.icons"":""ready"",""jquery.makeCollapsible.styles"":""ready"",""ext.flaggedRevs.basic"":""ready"",""mediawiki.codex.messagebox.styles"":""ready"",""ext.visualEditor.desktopArticleTarget.noscript"":""ready"",""ext.uls.interlanguage"":""ready"",""wikibase.client.init"":""ready"",""ext.wikimediaBadges"":""ready""};RLPAGEMODULES=[""ext.xLab"",""ext.cite.ux-enhancements"",""ext.scribunto.logs"",""site"",""mediawiki.page.ready"",""jquery.makeCollapsible"",""mediawiki.toc"",""skins.vector.js"",""ext.centralNotice.geoIP"",""ext.centralNotice.startUp"",""ext.flaggedRevs.advanced"",""ext.gadget.ll-script-loader"",""ext.gadget.veKeepParameters"",""ext.gadget.szablon-galeria"",""ext.gadget.NavFrame"",""ext.gadget.citoid-overrides"",""ext.gadget.maps"",""ext.gadget.padlock-indicators"",""ext.gadget.interwiki-langlist"",""ext.gadget.edit-summaries"",""ext.gadget.edit-first-section"",""ext.gadget.wikibugs"",""ext.gadget.map-toggler"",""ext.gadget.narrowFootnoteColumns"",""ext.gadget.ally-enhance"",""ext.gadget.WDsearch"",""ext.urlShortener.toolbar"",""ext.centralauth.centralautologin"",""ext.popups"",""ext.visualEditor.desktopArticleTarget.init"",""ext.visualEditor.targetLoader"",""ext.echo.centralauth"",""ext.eventLogging"",""ext.wikimediaEvents"",""ext.navigationTiming"",""ext.uls.interface"",""ext.cx.eventlogging.campaigns"",""ext.cx.uls.quick.actions"",""wikibase.client.vector-2022"",""ext.checkUser.clientHints"",""ext.growthExperiments.SuggestedEditSession""];</script>",2024-08-01,2024,2460523.5,722359.5,wikipedia_pl,pl,wydarzen,https://pl.wikipedia.org/wiki/2024,e435274338db031cd10b6b3f4a6eb18a
243,18.88%  112.530      1 Szablon:Szablon_nawigacyjny,18.88%  112.530      1 Szablon:Szablon_nawigacyjny,2024-08-01,2024,2460523.5,722359.5,wikipedia_pl,pl,wydarzen,https://pl.wikipedia.org/wiki/2024,8e0d417fff89cf8b50c66ad9dbc59505
244,10.21%   60.848     70 Szablon:Lang,10.21%   60.848     70 Szablon:Lang,2024-08-01,2024,2460523.5,722359.5,wikipedia_pl,pl,wydarzen,https://pl.wikipedia.org/wiki/2024,423f8f3fbb68f79f18ab1d1335d37d44
245,9.30%   55.404      1 Szablon:Miesiąc,9.30%   55.404      1 Szablon:Miesiąc,2024-08-01,2024,2460523.5,722359.5,wikipedia_pl,pl,wydarzen,https://pl.wikipedia.org/wiki/2024,87d36ea74993cff006c892251e1ce378
246,8.32%   49.606      1 Szablon:Kalendarz,8.32%   49.606      1 Szablon:Kalendarz,2024-08-01,2024,2460523.5,722359.5,wikipedia_pl,pl,wydarzen,https://pl.wikipedia.org/wiki/2024,fb8d66e1d47de1365bcb7102dfb76e3b
247,2.47%   14.734     31 Szablon:Kalendarz/link,2.47%   14.734     31 Szablon:Kalendarz/link,2024-08-01,2024,2460523.5,722359.5,wikipedia_pl,pl,wydarzen,https://pl.wikipedia.org/wiki/2024,b400b07de3081144c07bce3306807020
248,1.81%   10.783      1 Szablon:Spis_treści,1.81%   10.783      1 Szablon:Spis_treści,2024-08-01,2024,2460523.5,722359.5,wikipedia_pl,pl,wydarzen,https://pl.wikipedia.org/wiki/2024,daf81214c64f63369ffbc3feecdec746
249,"Zobacz szczegółowe informacje o <a class=""external text"" href=""https://foundation.wikimedia.org/wiki","Zobacz szczegółowe informacje o <a class=""external text"" href=""https://foundation.wikimedia.org/wiki/Policy:Terms_of_Use/pl"">warunkach korzystania</a>.</li>",2024-08-01,2024,2460523.5,722359.5,wikipedia_pl,pl,wydarzen,https://pl.wikipedia.org/wiki/2024,9b32c86988b67372b82511c386f9d42c
608,"class=""vector-toc-list-item vector-toc-level-1 vector-toc-list-item-expanded"">","class=""vector-toc-list-item vector-toc-level-1 vector-toc-list-item-expanded"">",2024-08-01,2024,2460523.5,722359.5,wikipedia_en,en,events,https://en.wikipedia.org/wiki/2024,8a32cf073b1cdccf88f4ab0710138101
609,"class=""vector-toc-list-item vector-toc-level-2"">","class=""vector-toc-list-item vector-toc-level-2"">",2024-08-01,2024,2460523.5,722359.5,wikipedia_en,en,events,https://en.wikipedia.org/wiki/2024,cb68ebf7a09ba179c0d56cd4921be6a8
610,"Millennium</th></tr><tr><td class=""sidebar-content hlist"">","Millennium</th></tr><tr><td class=""sidebar-content hlist"">",2024-08-01,2024,2460523.5,722359.5,wikipedia_en,en,events,https://en.wikipedia.org/wiki/2024,ea04039ac39a6525afb012e8e0da05d4
611,"Centuries</th></tr><tr><td class=""sidebar-content hlist"">","Centuries</th></tr><tr><td class=""sidebar-content hlist"">",2024-08-01,2024,2460523.5,722359.5,wikipedia_en,en,events,https://en.wikipedia.org/wiki/2024,c32bd7bb5f4fbd8b851b3dbf56fa9081
612,"additional terms may apply. By using this site, you agree to the <a href=""https://foundation.wikimed","additional terms may apply. By using this site, you agree to the <a href=""https://foundation.wikimedia.org/wiki/Special:MyLanguage/Policy:Terms_of_Use"" class=""extiw"" title=""foundation:Special:MyLanguage/Policy:Terms of Use"">Terms of Use</a> and <a href=""https://foundation.wikimedia.org/wiki/Special:MyLanguage/Policy:Privacy_policy"" class=""extiw"" title=""foundation:Special:MyLanguage/Policy:Privacy policy"">Privacy Policy</a>. Wikipedia® is a registered trademark of the <a rel=""nofollow"" class=""external text"" href=""https://wikimediafoundation.org/"">Wikimedia Foundation, Inc.</a>, a non-profit organization.</li>",2024-08-01,2024,2460523.5,722359.5,wikipedia_en,en,events,https://en.wikipedia.org/wiki/2024,bbebdbc44172efa1f6764f934596cd2e
771,"| <a href=""/wiki/2030er"" title=""2030er"">2030er</a>&#160;| <a href=""/wiki/2040er"" title=""2040er"">2040","| <a href=""/wiki/2030er"" title=""2030er"">2030er</a>&#160;| <a href=""/wiki/2040er"" title=""2040er"">2040er</a><br />",2024-08-01,2024,2460523.5,722359.5,wikipedia_de,de,ereignis,https://de.wikipedia.org/wiki/2024,7eb8c380ccfe23fb4eda181597d373a9
772,"| <a href=""/wiki/2025"" title=""2025"">2025</a>&#160;| <a href=""/wiki/2026"" title=""2026"">2026</a>&#160;","| <a href=""/wiki/2025"" title=""2025"">2025</a>&#160;| <a href=""/wiki/2026"" title=""2026"">2026</a>&#160;| <a href=""/wiki/2027"" title=""2027"">2027</a>&#160;| <a href=""/wiki/2028"" title=""2028"">2028</a>&#160;| <a href=""/wiki/2029"" title=""2029"">►</a><br />",2024-08-01,2024,2460523.5,722359.5,wikipedia_de,de,ereignis,https://de.wikipedia.org/wiki/2024,8d277cb9e6725e1164db9a84d647c703
882,"class=""vector-toc-list-item vector-toc-level-1 vector-toc-list-item-expanded"">","class=""vector-toc-list-item vector-toc-level-1 vector-toc-list-item-expanded"">",2024-08-01,2024,2460523.5,722359.5,wikipedia_fr,fr,événement,https://fr.wikipedia.org/wiki/2024,758533512ac818bcd3a24504c6b362a3
1402,"Earthquake M6.3 - 44 km E of Barcelona, Philippines","Magnitude 6.3 earthquake at 44 km E of Barcelona, Philippines. Depth: Nonekm",2024-08-03,2024,2460525.5,722361.5,usgs_earthquake,en,geological_event,https://earthquake.usgs.gov/earthquakes/eventpage/us6000nht0,271c357c4285dc3607a76080cdc05c5a
1403,"Earthquake M6.8 - 20 km E of Barcelona, Philippines","Magnitude 6.8 earthquake at 20 km E of Barcelona, Philippines. Depth: Nonekm",2024-08-03,2024,2460525.5,722361.5,usgs_earthquake,en,geological_event,https://earthquake.usgs.gov/earthquakes/eventpage/us6000nhqc,4b208bf6542d3fb02e775a7e750646c8
1028,A neo-Kantian explanation of the applicability of mathematics to physics,"Various 'optimistic' attempts have been made to reasonably explain the
undeniable effectiveness of mathematics in its application to physics. They
range over retrospective, historical accounts of mathematical applicability
based on pragmatic considerations, on the one side, and prospective accounts
based on indispensability considerations, on the other. In view of some
objections that I will raise against these accounts, I would like to propose a
third alternative based on Ernst Cassirer's neo-Kantian view which can overcome
these objections and embrace both pragmatic and indispensability
considerations. According to this view, mathematics and physics are seen as
different modes of a basic process of cognitive synthesis that are essentially
applied to each other according to a priori principles of theory development
inherently incorporated into scientists' minds. As emphasised by Cassirer,
these principles have a constitutive role (i.e., they explain the relevant
phenomena across scientific change) and a regulative role (i.e., they
incorporate the ideal of unity, permanence and generality at each stage of
knowledge), both of which have been captured through a functional (i.e.,
structural) understanding of concepts. As a particular case study, these
principles shall be instantiated by invariance groups responsible for the
effectiveness of applying Lie group theory to physics.",2024-08-06,2024,2460528.5,722364.5,arxiv,en,scientific_paper,http://arxiv.org/abs/2408.02952v1,30f1a82195fb31afe4ae3e0f76e51e28
1401,"Earthquake M7.1 - 2024 Hyuganada Sea, Japan Earthquake","Magnitude 7.1 earthquake at 2024 Hyuganada Sea, Japan Earthquake. Depth: Nonekm",2024-08-08,2024,2460530.5,722366.5,usgs_earthquake,en,geological_event,https://earthquake.usgs.gov/earthquakes/eventpage/us6000nith,b940615e5f3f9ceea74a43357a59b552
1400,"Earthquake M6.5 - 151 km E of Dolinsk, Russia","Magnitude 6.5 earthquake at 151 km E of Dolinsk, Russia. Depth: Nonekm",2024-08-10,2024,2460532.5,722368.5,usgs_earthquake,en,geological_event,https://earthquake.usgs.gov/earthquakes/eventpage/us6000nj9s,e95d4a147574d88916c1ad105d2559cf
1399,"Earthquake M6.1 - 30 km SSE of Hualien City, Taiwan","Magnitude 6.1 earthquake at 30 km SSE of Hualien City, Taiwan. Depth: Nonekm",2024-08-16,2024,2460538.5,722374.5,usgs_earthquake,en,geological_event,https://earthquake.usgs.gov/earthquakes/eventpage/us7000n7b8,e270a533c542926f2ac68d2aff6466d6
1398,"Earthquake M7 - 102 km E of Petropavlovsk-Kamchatsky, Russia","Magnitude 7 earthquake at 102 km E of Petropavlovsk-Kamchatsky, Russia. Depth: Nonekm",2024-08-17,2024,2460539.5,722375.5,usgs_earthquake,en,geological_event,https://earthquake.usgs.gov/earthquakes/eventpage/us7000n7n8,192c691781a1cd24dc781ea6e88548a6
1396,"Earthquake M6 - 65 km W of Pangai, Tonga","Magnitude 6 earthquake at 65 km W of Pangai, Tonga. Depth: Nonekm",2024-08-26,2024,2460548.5,722384.5,usgs_earthquake,en,geological_event,https://earthquake.usgs.gov/earthquakes/eventpage/us7000n9dz,12659359e3f40b87a30bbde722df007d
1397,"Earthquake M6.9 - 75 km W of Pangai, Tonga","Magnitude 6.9 earthquake at 75 km W of Pangai, Tonga. Depth: Nonekm",2024-08-26,2024,2460548.5,722384.5,usgs_earthquake,en,geological_event,https://earthquake.usgs.gov/earthquakes/eventpage/us7000n9dt,f4f71954b53b83bfc9bd340d31ea55c7
1027,Feynman 1947 letter on path integral for the Dirac equation,"In 1947, four months before the famous Shelter Island conference, Richard
Feynman wrote a lengthy letter to his former MIT classmate Theodore Welton,
reporting on his efforts to develop a path integral describing the propagation
of a Dirac particle. While these efforts never came to fruition, and were
shortly abandoned in favor of a very different method of dealing with the
electron propagator appearing in in QED, the letter is interesting both from
the historical viewpoint of revealing what Feynman was thinking about during
that period just before the development of QED, and for its scientific ideas.
It also contains at the end some philosophical remarks, which Feynman wraps up
with the comment, ``Well enough for the baloney.'' In this article I present a
transcription of the letter along with editorial notes, and a facsimile of the
original handwritten document. I also briefly comment on Feynman's efforts and
discuss their relation to some later work.",2024-08-27,2024,2460549.5,722385.5,arxiv,en,scientific_paper,http://arxiv.org/abs/2408.15070v2,5a2c9d17b31e97a5328ecd5b28fcec0b
1395,"Earthquake M6.1 - 56 km SSW of La Libertad, El Salvador","Magnitude 6.1 earthquake at 56 km SSW of La Libertad, El Salvador. Depth: Nonekm",2024-08-28,2024,2460550.5,722386.5,usgs_earthquake,en,geological_event,https://earthquake.usgs.gov/earthquakes/eventpage/us6000nncs,ec99ebc5e696b473f1a0fb0b81b19650
1394,"Earthquake M6 - 117 km E of Petropavlovsk-Kamchatsky, Russia","Magnitude 6 earthquake at 117 km E of Petropavlovsk-Kamchatsky, Russia. Depth: Nonekm",2024-08-30,2024,2460552.5,722388.5,usgs_earthquake,en,geological_event,https://earthquake.usgs.gov/earthquakes/eventpage/us6000nnlx,9873b65c4341f6da637eafdd676f1e5a
250,"RLSTATE={""ext.gadget.wikiflex"":""ready"",""ext.gadget.infobox"":""ready"",""ext.gadget.hlist"":""ready"",""ext.","RLSTATE={""ext.gadget.wikiflex"":""ready"",""ext.gadget.infobox"":""ready"",""ext.gadget.hlist"":""ready"",""ext.gadget.darkmode-overrides"":""ready"",""ext.gadget.small-references"":""ready"",""ext.gadget.citation-access-info"":""ready"",""ext.gadget.sprawdz-problemy-szablony"":""ready"",""ext.globalCssJs.user.styles"":""ready"",""site.styles"":""ready"",""user.styles"":""ready"",""ext.globalCssJs.user"":""ready"",""user"":""ready"",""user.options"":""loading"",""ext.cite.styles"":""ready"",""ext.wikimediamessages.styles"":""ready"",""skins.vector.search.codex.styles"":""ready"",""skins.vector.styles"":""ready"",""skins.vector.icons"":""ready"",""jquery.makeCollapsible.styles"":""ready"",""ext.flaggedRevs.basic"":""ready"",""mediawiki.codex.messagebox.styles"":""ready"",""ext.visualEditor.desktopArticleTarget.noscript"":""ready"",""ext.uls.interlanguage"":""ready"",""wikibase.client.init"":""ready"",""ext.wikimediaBadges"":""ready""};RLPAGEMODULES=[""ext.xLab"",""ext.cite.ux-enhancements"",""ext.scribunto.logs"",""site"",""mediawiki.page.ready"",""jquery.makeCollapsible"",""mediawiki.toc"",""skins.vector.js"",""ext.centralNotice.geoIP"",""ext.centralNotice.startUp"",""ext.flaggedRevs.advanced"",""ext.gadget.ll-script-loader"",""ext.gadget.veKeepParameters"",""ext.gadget.szablon-galeria"",""ext.gadget.NavFrame"",""ext.gadget.citoid-overrides"",""ext.gadget.maps"",""ext.gadget.padlock-indicators"",""ext.gadget.interwiki-langlist"",""ext.gadget.edit-summaries"",""ext.gadget.edit-first-section"",""ext.gadget.wikibugs"",""ext.gadget.map-toggler"",""ext.gadget.narrowFootnoteColumns"",""ext.gadget.ally-enhance"",""ext.gadget.WDsearch"",""ext.urlShortener.toolbar"",""ext.centralauth.centralautologin"",""ext.popups"",""ext.visualEditor.desktopArticleTarget.init"",""ext.visualEditor.targetLoader"",""ext.echo.centralauth"",""ext.eventLogging"",""ext.wikimediaEvents"",""ext.navigationTiming"",""ext.uls.interface"",""ext.cx.eventlogging.campaigns"",""ext.cx.uls.quick.actions"",""wikibase.client.vector-2022"",""ext.checkUser.clientHints"",""ext.growthExperiments.SuggestedEditSession""];</script>",2024-09-01,2024,2460554.5,722390.5,wikipedia_pl,pl,wydarzen,https://pl.wikipedia.org/wiki/2024,51f5cc403978c8b0641d58ffe673b3ed
251,17.34%  102.246      1 Szablon:Szablon_nawigacyjny,17.34%  102.246      1 Szablon:Szablon_nawigacyjny,2024-09-01,2024,2460554.5,722390.5,wikipedia_pl,pl,wydarzen,https://pl.wikipedia.org/wiki/2024,12cb50cc5684cb1803f9ee1b79dbd0ca
252,10.41%   61.381      1 Szablon:Miesiąc,10.41%   61.381      1 Szablon:Miesiąc,2024-09-01,2024,2460554.5,722390.5,wikipedia_pl,pl,wydarzen,https://pl.wikipedia.org/wiki/2024,5649117af39d860f9a171d965eff92ec
253,9.39%   55.379      1 Szablon:Kalendarz,9.39%   55.379      1 Szablon:Kalendarz,2024-09-01,2024,2460554.5,722390.5,wikipedia_pl,pl,wydarzen,https://pl.wikipedia.org/wiki/2024,754c4d8b050f7c68adface9f36630555
254,9.18%   54.141     96 Szablon:Lang,9.18%   54.141     96 Szablon:Lang,2024-09-01,2024,2460554.5,722390.5,wikipedia_pl,pl,wydarzen,https://pl.wikipedia.org/wiki/2024,34eb5d8468e9560b2e54ea1cea2eb7c4
255,3.82%   22.541      1 Szablon:Cytuj,3.82%   22.541      1 Szablon:Cytuj,2024-09-01,2024,2460554.5,722390.5,wikipedia_pl,pl,wydarzen,https://pl.wikipedia.org/wiki/2024,bbf7bbcb4b6f5264e6d0aef0e327c5dd
256,2.64%   15.538     30 Szablon:Kalendarz/link,2.64%   15.538     30 Szablon:Kalendarz/link,2024-09-01,2024,2460554.5,722390.5,wikipedia_pl,pl,wydarzen,https://pl.wikipedia.org/wiki/2024,25c6c28c8e0a7e0f6ab4c0b61a92ef1e
257,"Zobacz szczegółowe informacje o <a class=""external text"" href=""https://foundation.wikimedia.org/wiki","Zobacz szczegółowe informacje o <a class=""external text"" href=""https://foundation.wikimedia.org/wiki/Policy:Terms_of_Use/pl"">warunkach korzystania</a>.</li>",2024-09-01,2024,2460554.5,722390.5,wikipedia_pl,pl,wydarzen,https://pl.wikipedia.org/wiki/2024,d3d622b9304a5a78e906269bbafee810
613,"class=""vector-toc-list-item vector-toc-level-1 vector-toc-list-item-expanded"">","class=""vector-toc-list-item vector-toc-level-1 vector-toc-list-item-expanded"">",2024-09-01,2024,2460554.5,722390.5,wikipedia_en,en,events,https://en.wikipedia.org/wiki/2024,7fcffd3ccd33690253c25dd32a5ae3fa
614,"class=""vector-toc-list-item vector-toc-level-2"">","class=""vector-toc-list-item vector-toc-level-2"">",2024-09-01,2024,2460554.5,722390.5,wikipedia_en,en,events,https://en.wikipedia.org/wiki/2024,add0f92dde7a64df638ab774e082df8f
615,"Millennium</th></tr><tr><td class=""sidebar-content hlist"">","Millennium</th></tr><tr><td class=""sidebar-content hlist"">",2024-09-01,2024,2460554.5,722390.5,wikipedia_en,en,events,https://en.wikipedia.org/wiki/2024,b43f73fa008efb3bbd1b721e498af271
616,"Centuries</th></tr><tr><td class=""sidebar-content hlist"">","Centuries</th></tr><tr><td class=""sidebar-content hlist"">",2024-09-01,2024,2460554.5,722390.5,wikipedia_en,en,events,https://en.wikipedia.org/wiki/2024,42f32455efab11892cecbc39119e5869
617,"additional terms may apply. By using this site, you agree to the <a href=""https://foundation.wikimed","additional terms may apply. By using this site, you agree to the <a href=""https://foundation.wikimedia.org/wiki/Special:MyLanguage/Policy:Terms_of_Use"" class=""extiw"" title=""foundation:Special:MyLanguage/Policy:Terms of Use"">Terms of Use</a> and <a href=""https://foundation.wikimedia.org/wiki/Special:MyLanguage/Policy:Privacy_policy"" class=""extiw"" title=""foundation:Special:MyLanguage/Policy:Privacy policy"">Privacy Policy</a>. Wikipedia® is a registered trademark of the <a rel=""nofollow"" class=""external text"" href=""https://wikimediafoundation.org/"">Wikimedia Foundation, Inc.</a>, a non-profit organization.</li>",2024-09-01,2024,2460554.5,722390.5,wikipedia_en,en,events,https://en.wikipedia.org/wiki/2024,a21059d3af181cfab839ea9020cefabc
773,"| <a href=""/wiki/2030er"" title=""2030er"">2030er</a>&#160;| <a href=""/wiki/2040er"" title=""2040er"">2040","| <a href=""/wiki/2030er"" title=""2030er"">2030er</a>&#160;| <a href=""/wiki/2040er"" title=""2040er"">2040er</a><br />",2024-09-01,2024,2460554.5,722390.5,wikipedia_de,de,ereignis,https://de.wikipedia.org/wiki/2024,28877e7152450505d656d4fe21aff55f
774,"| <a href=""/wiki/2025"" title=""2025"">2025</a>&#160;| <a href=""/wiki/2026"" title=""2026"">2026</a>&#160;","| <a href=""/wiki/2025"" title=""2025"">2025</a>&#160;| <a href=""/wiki/2026"" title=""2026"">2026</a>&#160;| <a href=""/wiki/2027"" title=""2027"">2027</a>&#160;| <a href=""/wiki/2028"" title=""2028"">2028</a>&#160;| <a href=""/wiki/2029"" title=""2029"">►</a><br />",2024-09-01,2024,2460554.5,722390.5,wikipedia_de,de,ereignis,https://de.wikipedia.org/wiki/2024,3e3a596d0bcbee5b0aec9f3f9b54aacb
883,"class=""vector-toc-list-item vector-toc-level-1 vector-toc-list-item-expanded"">","class=""vector-toc-list-item vector-toc-level-1 vector-toc-list-item-expanded"">",2024-09-01,2024,2460554.5,722390.5,wikipedia_fr,fr,événement,https://fr.wikipedia.org/wiki/2024,fd8ef297b140c3847196d31f7aebd46e
1393,"Earthquake M6.4 - 56 km S of Panguna, Papua New Guinea","Magnitude 6.4 earthquake at 56 km S of Panguna, Papua New Guinea. Depth: Nonekm",2024-09-01,2024,2460554.5,722390.5,usgs_earthquake,en,geological_event,https://earthquake.usgs.gov/earthquakes/eventpage/us6000np3z,f02422caa019c7eb517944b38ccdeeeb
1026,Classical Mechanics from Energy Conservation or: Why not Momentum?,"It is demonstrated that energy conservation allows for a ""heuristic""
derivation of Newtonian mechanics, if the energy is presumed to be an additive
function of position and velocity. It is shown that energy must be depicted as
a function of position and momentum in order to allow for the correct
relativistic equations. Accordingly it is argued that not only quantum theory
but also special relativity is intrinsically Hamiltonian and requires a
description by coordinates and momenta instead of coordinates and velocities.
Furthermore it is argued that the usual historical order of the ""formulations""
of mechanics, from Newtonian via Lagrangian to Hamiltonian mechanics, is
illogical and misleading. Therefore it should be reversed.",2024-09-03,2024,2460556.5,722392.5,arxiv,en,scientific_paper,http://arxiv.org/abs/2409.01946v2,09efca7d0e1dc83cb3a090d2073ebf1c
1392,"Earthquake M6.2 - 59 km NNE of Angoram, Papua New Guinea","Magnitude 6.2 earthquake at 59 km NNE of Angoram, Papua New Guinea. Depth: Nonekm",2024-09-05,2024,2460558.5,722394.5,usgs_earthquake,en,geological_event,https://earthquake.usgs.gov/earthquakes/eventpage/us6000nps8,9253cc25faec69714c6e24eafba005cd
1391,"Earthquake M6.3 - 168 km SW of Lorengau, Papua New Guinea","Magnitude 6.3 earthquake at 168 km SW of Lorengau, Papua New Guinea. Depth: Nonekm",2024-09-11,2024,2460564.5,722400.5,usgs_earthquake,en,geological_event,https://earthquake.usgs.gov/earthquakes/eventpage/us7000nd4f,eea61d0b72adf3f32ddafa36b5c465c5
1025,"The Interaction of Matter and Radiation: The Physics of C.V. Raman, S.N.
  Bose and M.N. Saha. Part 1: Historical Background","Three extraordinary physics discoveries were made from colonial India, which
did not have any previous tradition of research in modern physics: Saha
ionization equation (1920), Bose statistics (1924), Raman effect (1928). All
the three discoverers were founding faculty members of the new small physics
department of Calcutta University, which started functioning from 1916. These
discoveries were all in the general topic of interaction between matter and
radiation. In Part 1 of this article, we describe the social and the
intellectual environment in which these discoveries were made. Part 2 will
focus on the science involved in these discoveries.",2024-09-13,2024,2460566.5,722402.5,arxiv,en,scientific_paper,http://arxiv.org/abs/2410.00007v1,9672a3dda316239d55cf6a2d428a2073
1024,"Torres funerarias chullpa en el valle del río Lauca: un primer
  análisis arqueoastronómico","In this work we employ the methods of archaeoastronomy to analyze the
orientation, possibly astronomical, of numerous groups of chullpa funerary
towers, mainly from the 12th to 16th centuries, located in the Lauca River
valley of the central Bolivian highlands. Despite their great historical
relevance, both regarding the beliefs and funerary customs of the local
populations and the characteristics of the landscape in the highlands, little
is known about the relationship of these mortuary monuments with the sky.
Several authors, from chroniclers of the colonial era to more modern explorers,
indicate that the tomb towers of these regions are oriented in such a way that
important parts of their structure (in general, the entrances of the chullpas)
point towards the sunrise on the eastern horizon, in order to be imbued with
the first rays of the Sun. However, the sunrise changes its location noticeably
at different times of the year. Given the lack of written information or other
forms of original documentation, in order to affirm the use of a systematic
orientation, it is necessary to measure a statistically significant number of
monuments. We present here the results of the analysis of the precise spatial
orientation of the entrances of 80 towers measured in situ during field work in
the Lauca River valley. We find that, except for a few, all the buildings have
the openings' axes oriented towards the east and within the solar range,
between the extreme azimuths of the annual movement of the Sun as it crosses
the local horizon, with a notable concentration of entrances that point
slightly towards the north of due east. Our work is the first systematic study
of the orientations of the chullpa towers of the Lauca River and can provide
crucial information to understand the evolution and scope of the chullpa
phenomenon in the Bolivian highlands and in the entire surrounding region.",2024-09-16,2024,2460569.5,722405.5,arxiv,en,scientific_paper,http://arxiv.org/abs/2409.10497v1,f7b1816318e4fd0d5a9ddb00796fa7d3
1089,"The Ancient Egyptian Cosmological Vignette: First Visual Evidence of the
  Milky Way and Trends in Coffin Depictions of the Sky Goddess Nut","Here, I test the long-held assumption that the ancient Egyptian sky goddess
Nut represented the Milky Way by examining Nut's visual depictions on ancient
Egyptian coffins. I assemble a catalog of 555 coffin elements, including 118
cosmological vignettes from the 21st/22nd Dynasties, and report several
observations. First, the cosmological vignette on the outer coffin of
Nesitaudjatakhet bears a unique feature: a thick, undulating black curve that
bisects Nut's star-studded body and recalls the Great Rift that cleaves the
Milky Way in two. Similar undulating curves bisect the astronomical ceiling in
the tomb of Seti I and appear as part of depictions of Nut in the tombs of
Ramesses IV, VI, and IX. Moreover, the undulating curve resembles similar
features identified as the Milky Way on the bodies of Navajo, Hopi, and Zuni
spiritual beings. Hence, I argue that the undulating curve is a visual
representation of the Milky Way and that it supports a previously suggested
identification of the Winding Waterway as the Galaxy's Egyptian name. However,
the rarity of this feature strengthens the conclusion reached by Graur (2024a):
Though Nut and the Milky Way are linked, they are not synonymous. Instead of
acting as a representation of Nut, the Milky Way is one more celestial
phenomenon that, like the Sun and the stars, is associated with Nut in her role
as the sky. Second, Nut's body is decorated with stars in only a quarter of the
cosmological vignettes, suggesting that the Egyptians of the 21st/22nd
Dynasties may have had a marked preference for the day sky over the night sky.
Finally, I discuss the interplay between Nut's cosmological vignette and
full-length portraits inside coffins from the New Kingdom to the Roman Period
in the context of Nut's combined cosmological and eschatological roles as an
embodiment of the coffin.",2024-09-16,2024,2460569.5,722405.5,arxiv,en,scientific_paper,http://arxiv.org/abs/2409.10265v3,03f11b0d6bc849218fc32ac2013f38b3
1389,"Earthquake M6.3 - 266 km NE of Saipan, Northern Mariana Islands","Magnitude 6.3 earthquake at 266 km NE of Saipan, Northern Mariana Islands. Depth: Nonekm",2024-09-16,2024,2460569.5,722405.5,usgs_earthquake,en,geological_event,https://earthquake.usgs.gov/earthquakes/eventpage/us7000ne84,1ae6065a6c2817794ea7fe32e8f1f499
1390,"Earthquake M6.5 - 271 km WNW of Port McNeill, Canada","Magnitude 6.5 earthquake at 271 km WNW of Port McNeill, Canada. Depth: Nonekm",2024-09-16,2024,2460569.5,722405.5,usgs_earthquake,en,geological_event,https://earthquake.usgs.gov/earthquakes/eventpage/us7000ne51,d2582d09f5fffabcc9aba7e6f2571c5a
1023,The Challenging History of Other Earths,"This paper provides an overview of recent historical research regarding
scientifically-informed challenges to the idea that the stars are other suns
orbited by other inhabited earths -- an idea that came to be known as ""the
Plurality of Worlds"". Johannes Kepler in the seventeenth century, Jacques
Cassini in the eighteenth, and William Whewell in the nineteenth each argued
against ""pluralism"" based on what in their respective times was solid science.
Nevertheless, pluralism remained popular despite these and other scientific
challenges. This history will be of interest to the astronomical community so
that it is better positioned to avoid difficulties should the historical
trajectory of pluralism continue, especially as it persists in the popular
imagination.",2024-09-17,2024,2460570.5,722406.5,arxiv,en,scientific_paper,http://arxiv.org/abs/2409.11349v1,8059de5bb66e4b1550a0a670a8c602ae
1388,"Earthquake M6 - 95 km NNW of Villa General Roca, Argentina","Magnitude 6 earthquake at 95 km NNW of Villa General Roca, Argentina. Depth: Nonekm",2024-09-21,2024,2460574.5,722410.5,usgs_earthquake,en,geological_event,https://earthquake.usgs.gov/earthquakes/eventpage/us6000ntjh,e9d565daf5d173a520079c0afc208f7e
1387,"Earthquake M6 - 67 km SSW of Gorontalo, Indonesia","Magnitude 6 earthquake at 67 km SSW of Gorontalo, Indonesia. Depth: Nonekm",2024-09-23,2024,2460576.5,722412.5,usgs_earthquake,en,geological_event,https://earthquake.usgs.gov/earthquakes/eventpage/us6000ntxc,10f3b5c54249d1d55c2073b47bc93018
1386,Earthquake M6.3 - Mauritius - Reunion region,Magnitude 6.3 earthquake at Mauritius - Reunion region. Depth: Nonekm,2024-09-26,2024,2460579.5,722415.5,usgs_earthquake,en,geological_event,https://earthquake.usgs.gov/earthquakes/eventpage/us7000ngmr,699944d6c4baa3b043c165886e8ab585
1022,"A translation of L. Euler's "" Examination of an artifice for propelling
  a ship by the principle of internal motion""","The following translation of Leonhard Euler's ""Examination of an Artifice for
Propelling a Ship by the Principle of Internal Motion,"" originally published in
1750, offers a glimpse into a fascinating historical debate in the field of
mechanics. This work critically examines a proposal by Jacob Bernoulli, one of
the foremost mathematicians of the 17th century, who suggested that a ship
could be propelled by forces entirely confined within the vessel itself-a
concept that contradicts the principles of classical mechanics. This
translation is intended to make Euler's insights accessible to a modern
audience, highlighting the enduring relevance of these foundational principles.
The commentary provided offers context and clarification, drawing parallels
between Euler's work and contemporary understandings of mechanics. By examining
the arguments of two of the greatest minds in the history of science, readers
are invited to appreciate the depth and precision of classical mechanics as it
was developed during the Enlightenment.",2024-09-30,2024,2460583.5,722419.5,arxiv,en,scientific_paper,http://arxiv.org/abs/2410.00283v1,3598379dfdc4c173be45f8abedc75b3f
258,"RLSTATE={""ext.gadget.wikiflex"":""ready"",""ext.gadget.infobox"":""ready"",""ext.gadget.hlist"":""ready"",""ext.","RLSTATE={""ext.gadget.wikiflex"":""ready"",""ext.gadget.infobox"":""ready"",""ext.gadget.hlist"":""ready"",""ext.gadget.darkmode-overrides"":""ready"",""ext.gadget.small-references"":""ready"",""ext.gadget.citation-access-info"":""ready"",""ext.gadget.sprawdz-problemy-szablony"":""ready"",""ext.globalCssJs.user.styles"":""ready"",""site.styles"":""ready"",""user.styles"":""ready"",""ext.globalCssJs.user"":""ready"",""user"":""ready"",""user.options"":""loading"",""ext.cite.styles"":""ready"",""ext.wikimediamessages.styles"":""ready"",""skins.vector.search.codex.styles"":""ready"",""skins.vector.styles"":""ready"",""skins.vector.icons"":""ready"",""jquery.makeCollapsible.styles"":""ready"",""ext.flaggedRevs.basic"":""ready"",""mediawiki.codex.messagebox.styles"":""ready"",""ext.visualEditor.desktopArticleTarget.noscript"":""ready"",""ext.uls.interlanguage"":""ready"",""wikibase.client.init"":""ready"",""ext.wikimediaBadges"":""ready""};RLPAGEMODULES=[""ext.xLab"",""ext.cite.ux-enhancements"",""ext.scribunto.logs"",""site"",""mediawiki.page.ready"",""jquery.makeCollapsible"",""mediawiki.toc"",""skins.vector.js"",""ext.centralNotice.geoIP"",""ext.centralNotice.startUp"",""ext.flaggedRevs.advanced"",""ext.gadget.ll-script-loader"",""ext.gadget.veKeepParameters"",""ext.gadget.szablon-galeria"",""ext.gadget.NavFrame"",""ext.gadget.citoid-overrides"",""ext.gadget.maps"",""ext.gadget.padlock-indicators"",""ext.gadget.interwiki-langlist"",""ext.gadget.edit-summaries"",""ext.gadget.edit-first-section"",""ext.gadget.wikibugs"",""ext.gadget.map-toggler"",""ext.gadget.narrowFootnoteColumns"",""ext.gadget.ally-enhance"",""ext.gadget.WDsearch"",""ext.urlShortener.toolbar"",""ext.centralauth.centralautologin"",""ext.popups"",""ext.visualEditor.desktopArticleTarget.init"",""ext.visualEditor.targetLoader"",""ext.echo.centralauth"",""ext.eventLogging"",""ext.wikimediaEvents"",""ext.navigationTiming"",""ext.uls.interface"",""ext.cx.eventlogging.campaigns"",""ext.cx.uls.quick.actions"",""wikibase.client.vector-2022"",""ext.checkUser.clientHints"",""ext.growthExperiments.SuggestedEditSession""];</script>",2024-10-01,2024,2460584.5,722420.5,wikipedia_pl,pl,wydarzen,https://pl.wikipedia.org/wiki/2024,977ca7c3507335a74c260e10bdf6c88d
259,14.31%  123.943      1 Szablon:Szablon_nawigacyjny,14.31%  123.943      1 Szablon:Szablon_nawigacyjny,2024-10-01,2024,2460584.5,722420.5,wikipedia_pl,pl,wydarzen,https://pl.wikipedia.org/wiki/2024,0f3ad1b8c6e7ad1d8bbb80491c2fd25e
260,10.83%   93.804    132 Szablon:Lang,10.83%   93.804    132 Szablon:Lang,2024-10-01,2024,2460584.5,722420.5,wikipedia_pl,pl,wydarzen,https://pl.wikipedia.org/wiki/2024,c0996e18efecd1c60659c1146f22c4f2
261,6.08%   52.658      1 Szablon:Miesiąc,6.08%   52.658      1 Szablon:Miesiąc,2024-10-01,2024,2460584.5,722420.5,wikipedia_pl,pl,wydarzen,https://pl.wikipedia.org/wiki/2024,0fcb8e88f04ab409eb4f97dc9f33214e
262,5.30%   45.874      1 Szablon:Kalendarz,5.30%   45.874      1 Szablon:Kalendarz,2024-10-01,2024,2460584.5,722420.5,wikipedia_pl,pl,wydarzen,https://pl.wikipedia.org/wiki/2024,c6c084fe784b5f86fd39fe0cf77a2fe4
263,4.30%   37.235      1 Szablon:Link-interwiki,4.30%   37.235      1 Szablon:Link-interwiki,2024-10-01,2024,2460584.5,722420.5,wikipedia_pl,pl,wydarzen,https://pl.wikipedia.org/wiki/2024,6e012bc27cd84b9e3e4eafe74059cd16
264,1.58%   13.710     31 Szablon:Kalendarz/link,1.58%   13.710     31 Szablon:Kalendarz/link,2024-10-01,2024,2460584.5,722420.5,wikipedia_pl,pl,wydarzen,https://pl.wikipedia.org/wiki/2024,790a9ab0a922952905f53e96e34eb148
265,"Zobacz szczegółowe informacje o <a class=""external text"" href=""https://foundation.wikimedia.org/wiki","Zobacz szczegółowe informacje o <a class=""external text"" href=""https://foundation.wikimedia.org/wiki/Policy:Terms_of_Use/pl"">warunkach korzystania</a>.</li>",2024-10-01,2024,2460584.5,722420.5,wikipedia_pl,pl,wydarzen,https://pl.wikipedia.org/wiki/2024,3582e76b03504d4e3d41f32187e1985b
618,"class=""vector-toc-list-item vector-toc-level-1 vector-toc-list-item-expanded"">","class=""vector-toc-list-item vector-toc-level-1 vector-toc-list-item-expanded"">",2024-10-01,2024,2460584.5,722420.5,wikipedia_en,en,events,https://en.wikipedia.org/wiki/2024,859b9e9d333cd66ba5e0f696ba709885
619,"class=""vector-toc-list-item vector-toc-level-2"">","class=""vector-toc-list-item vector-toc-level-2"">",2024-10-01,2024,2460584.5,722420.5,wikipedia_en,en,events,https://en.wikipedia.org/wiki/2024,2f72baae5462a0fa1c48ec4e30460b8b
620,"Millennium</th></tr><tr><td class=""sidebar-content hlist"">","Millennium</th></tr><tr><td class=""sidebar-content hlist"">",2024-10-01,2024,2460584.5,722420.5,wikipedia_en,en,events,https://en.wikipedia.org/wiki/2024,a45eb68727f95af0542b2b7847a81802
621,"Centuries</th></tr><tr><td class=""sidebar-content hlist"">","Centuries</th></tr><tr><td class=""sidebar-content hlist"">",2024-10-01,2024,2460584.5,722420.5,wikipedia_en,en,events,https://en.wikipedia.org/wiki/2024,d702e8b43d9162b4602ad70e013536d2
622,"additional terms may apply. By using this site, you agree to the <a href=""https://foundation.wikimed","additional terms may apply. By using this site, you agree to the <a href=""https://foundation.wikimedia.org/wiki/Special:MyLanguage/Policy:Terms_of_Use"" class=""extiw"" title=""foundation:Special:MyLanguage/Policy:Terms of Use"">Terms of Use</a> and <a href=""https://foundation.wikimedia.org/wiki/Special:MyLanguage/Policy:Privacy_policy"" class=""extiw"" title=""foundation:Special:MyLanguage/Policy:Privacy policy"">Privacy Policy</a>. Wikipedia® is a registered trademark of the <a rel=""nofollow"" class=""external text"" href=""https://wikimediafoundation.org/"">Wikimedia Foundation, Inc.</a>, a non-profit organization.</li>",2024-10-01,2024,2460584.5,722420.5,wikipedia_en,en,events,https://en.wikipedia.org/wiki/2024,9ea7c8ab1265d58f9962bf477cfb3c9b
775,"| <a href=""/wiki/2030er"" title=""2030er"">2030er</a>&#160;| <a href=""/wiki/2040er"" title=""2040er"">2040","| <a href=""/wiki/2030er"" title=""2030er"">2030er</a>&#160;| <a href=""/wiki/2040er"" title=""2040er"">2040er</a><br />",2024-10-01,2024,2460584.5,722420.5,wikipedia_de,de,ereignis,https://de.wikipedia.org/wiki/2024,d12c511ddca1906db7bbdb7a98da22a3
776,"| <a href=""/wiki/2025"" title=""2025"">2025</a>&#160;| <a href=""/wiki/2026"" title=""2026"">2026</a>&#160;","| <a href=""/wiki/2025"" title=""2025"">2025</a>&#160;| <a href=""/wiki/2026"" title=""2026"">2026</a>&#160;| <a href=""/wiki/2027"" title=""2027"">2027</a>&#160;| <a href=""/wiki/2028"" title=""2028"">2028</a>&#160;| <a href=""/wiki/2029"" title=""2029"">►</a><br />",2024-10-01,2024,2460584.5,722420.5,wikipedia_de,de,ereignis,https://de.wikipedia.org/wiki/2024,415aa957565c4c731ab243e67a2341de
884,"class=""vector-toc-list-item vector-toc-level-1 vector-toc-list-item-expanded"">","class=""vector-toc-list-item vector-toc-level-1 vector-toc-list-item-expanded"">",2024-10-01,2024,2460584.5,722420.5,wikipedia_fr,fr,événement,https://fr.wikipedia.org/wiki/2024,ceadb805f67df440e39f79f67e533864
1384,"Earthquake M6.6 - 125 km SE of Neiafu, Tonga","Magnitude 6.6 earthquake at 125 km SE of Neiafu, Tonga. Depth: Nonekm",2024-10-01,2024,2460584.5,722420.5,usgs_earthquake,en,geological_event,https://earthquake.usgs.gov/earthquakes/eventpage/us7000nhjw,1b09ede94c71d90d70aabe9d8da77e79
1385,"Earthquake M6.1 - 260 km ESE of Baubau, Indonesia","Magnitude 6.1 earthquake at 260 km ESE of Baubau, Indonesia. Depth: Nonekm",2024-10-01,2024,2460584.5,722420.5,usgs_earthquake,en,geological_event,https://earthquake.usgs.gov/earthquakes/eventpage/us7000nhex,4458605ca210e8423f7131a811478469
1021,"The Fear of Halley's Comet Visit in 1910 is Preserved in a Cave in
  Southern Puerto Rico","This paper explores a unique cave art found in southern Puerto Rico that
depicts a comet over a tomb. Through interdisciplinary methods, including art
interpretation, historical documentation, and demographic analysis, this study
uncovered the artist's identity, the societal context of the period, and the
potential motivations behind the creation of this art. The investigation
revealed a connection to the passage of Halley's Comet in 1910 and the
widespread panic it induced.",2024-10-04,2024,2460587.5,722423.5,arxiv,en,scientific_paper,http://arxiv.org/abs/2410.03259v1,cc9d481820d53e9a5b3cd4d31eec3ac7
1383,"Earthquake M6.2 - 40 km WNW of Tamarindo, Costa Rica","Magnitude 6.2 earthquake at 40 km WNW of Tamarindo, Costa Rica. Depth: Nonekm",2024-10-12,2024,2460595.5,722431.5,usgs_earthquake,en,geological_event,https://earthquake.usgs.gov/earthquakes/eventpage/us6000nyau,1ed453887e66dd8f955895728fd49c46
1020,Some singular spacetimes and their possible alternatives,"This is a brief review article of a seminar given at the International
Conference on Gravitation, Astrophysics and Cosmology 2024 (ICGAC-2024),
Mathura, India. We begin with a historical survey of some singular solutions in
the theory of gravitation, as well as a very brief discussion of how black
holes could physically form. Some possible scenarios which could perhaps
eliminate these singularities are then reviewed and discussed. Due to the
vastness of the field the coverage is not exhaustive, but instead the
concentration is on a small subset of topics such as possible quantum gravity
effects, non-commutative geometry, and gravastars. A simple singularity theorem
is also presented in the appendix. Although parts of the manuscript assume some
familiarity with relativistic gravitation or differential geometry, the aim is
for the broad picture to be accessible to non-specialists of other physical
sciences and mathematics.",2024-10-14,2024,2460597.5,722433.5,arxiv,en,scientific_paper,http://arxiv.org/abs/2410.10541v1,4e325c1e1fe63f6cf30e822308a9ec00
1382,"Earthquake M6 - 19 km W of Doğanyol, Turkey","Magnitude 6 earthquake at 19 km W of Doğanyol, Turkey. Depth: Nonekm",2024-10-16,2024,2460599.5,722435.5,usgs_earthquake,en,geological_event,https://earthquake.usgs.gov/earthquakes/eventpage/us6000nyzk,99567b6b6dfbb2f3ab6fb2c0eea93554
1381,"Earthquake M6.2 - 146 km SSW of Severo-Kuril’sk, Russia","Magnitude 6.2 earthquake at 146 km SSW of Severo-Kuril’sk, Russia. Depth: Nonekm",2024-10-23,2024,2460606.5,722442.5,usgs_earthquake,en,geological_event,https://earthquake.usgs.gov/earthquakes/eventpage/us7000nmlt,f5920ea9b21540d55fa265ec856105ce
1379,"Earthquake M6 - 267 km W of Bandon, Oregon","Magnitude 6 earthquake at 267 km W of Bandon, Oregon. Depth: Nonekm",2024-10-30,2024,2460613.5,722449.5,usgs_earthquake,en,geological_event,https://earthquake.usgs.gov/earthquakes/eventpage/us7000np33,cef91308475fe39e317f582850c22a94
1380,"Earthquake M6 - 126 km N of Kimbe, Papua New Guinea","Magnitude 6 earthquake at 126 km N of Kimbe, Papua New Guinea. Depth: Nonekm",2024-10-30,2024,2460613.5,722449.5,usgs_earthquake,en,geological_event,https://earthquake.usgs.gov/earthquakes/eventpage/us7000nnz9,493910b83c6fb40e001cf612d4ca1e6d
266,"RLSTATE={""ext.gadget.wikiflex"":""ready"",""ext.gadget.infobox"":""ready"",""ext.gadget.hlist"":""ready"",""ext.","RLSTATE={""ext.gadget.wikiflex"":""ready"",""ext.gadget.infobox"":""ready"",""ext.gadget.hlist"":""ready"",""ext.gadget.darkmode-overrides"":""ready"",""ext.gadget.small-references"":""ready"",""ext.gadget.citation-access-info"":""ready"",""ext.gadget.sprawdz-problemy-szablony"":""ready"",""ext.globalCssJs.user.styles"":""ready"",""site.styles"":""ready"",""user.styles"":""ready"",""ext.globalCssJs.user"":""ready"",""user"":""ready"",""user.options"":""loading"",""ext.cite.styles"":""ready"",""ext.wikimediamessages.styles"":""ready"",""skins.vector.search.codex.styles"":""ready"",""skins.vector.styles"":""ready"",""skins.vector.icons"":""ready"",""jquery.makeCollapsible.styles"":""ready"",""ext.flaggedRevs.basic"":""ready"",""mediawiki.codex.messagebox.styles"":""ready"",""ext.visualEditor.desktopArticleTarget.noscript"":""ready"",""ext.uls.interlanguage"":""ready"",""wikibase.client.init"":""ready"",""ext.wikimediaBadges"":""ready""};RLPAGEMODULES=[""ext.xLab"",""ext.cite.ux-enhancements"",""ext.scribunto.logs"",""site"",""mediawiki.page.ready"",""jquery.makeCollapsible"",""mediawiki.toc"",""skins.vector.js"",""ext.centralNotice.geoIP"",""ext.centralNotice.startUp"",""ext.flaggedRevs.advanced"",""ext.gadget.ll-script-loader"",""ext.gadget.veKeepParameters"",""ext.gadget.szablon-galeria"",""ext.gadget.NavFrame"",""ext.gadget.citoid-overrides"",""ext.gadget.maps"",""ext.gadget.padlock-indicators"",""ext.gadget.interwiki-langlist"",""ext.gadget.edit-summaries"",""ext.gadget.edit-first-section"",""ext.gadget.wikibugs"",""ext.gadget.map-toggler"",""ext.gadget.narrowFootnoteColumns"",""ext.gadget.ally-enhance"",""ext.gadget.WDsearch"",""ext.urlShortener.toolbar"",""ext.centralauth.centralautologin"",""ext.popups"",""ext.visualEditor.desktopArticleTarget.init"",""ext.visualEditor.targetLoader"",""ext.echo.centralauth"",""ext.eventLogging"",""ext.wikimediaEvents"",""ext.navigationTiming"",""ext.uls.interface"",""ext.cx.eventlogging.campaigns"",""ext.cx.uls.quick.actions"",""wikibase.client.vector-2022"",""ext.checkUser.clientHints"",""ext.growthExperiments.SuggestedEditSession""];</script>",2024-11-01,2024,2460615.5,722451.5,wikipedia_pl,pl,wydarzen,https://pl.wikipedia.org/wiki/2024,d3f7b99d799cbade0a8175efee53f38a
267,14.59%  100.832      1 Szablon:Szablon_nawigacyjny,14.59%  100.832      1 Szablon:Szablon_nawigacyjny,2024-11-01,2024,2460615.5,722451.5,wikipedia_pl,pl,wydarzen,https://pl.wikipedia.org/wiki/2024,bf15d6846b1c1304d46541fd299d19e3
268,10.08%   69.656    124 Szablon:Lang,10.08%   69.656    124 Szablon:Lang,2024-11-01,2024,2460615.5,722451.5,wikipedia_pl,pl,wydarzen,https://pl.wikipedia.org/wiki/2024,ce67694afb76db2475bee22c9a55cfbe
269,7.05%   48.708      1 Szablon:Miesiąc,7.05%   48.708      1 Szablon:Miesiąc,2024-11-01,2024,2460615.5,722451.5,wikipedia_pl,pl,wydarzen,https://pl.wikipedia.org/wiki/2024,a4f389cb0ca0f745e1e1e9561b9a648d
270,6.37%   44.037      1 Szablon:Kalendarz,6.37%   44.037      1 Szablon:Kalendarz,2024-11-01,2024,2460615.5,722451.5,wikipedia_pl,pl,wydarzen,https://pl.wikipedia.org/wiki/2024,fbff7dc78846ca0fef308c179ab0b460
271,1.92%   13.256     30 Szablon:Kalendarz/link,1.92%   13.256     30 Szablon:Kalendarz/link,2024-11-01,2024,2460615.5,722451.5,wikipedia_pl,pl,wydarzen,https://pl.wikipedia.org/wiki/2024,607a539bac8c3feff45674dd51e2b78d
272,1.39%    9.582      1 Szablon:Spis_treści,1.39%    9.582      1 Szablon:Spis_treści,2024-11-01,2024,2460615.5,722451.5,wikipedia_pl,pl,wydarzen,https://pl.wikipedia.org/wiki/2024,4fcbd6e89805515447751966e54b5466
273,"Zobacz szczegółowe informacje o <a class=""external text"" href=""https://foundation.wikimedia.org/wiki","Zobacz szczegółowe informacje o <a class=""external text"" href=""https://foundation.wikimedia.org/wiki/Policy:Terms_of_Use/pl"">warunkach korzystania</a>.</li>",2024-11-01,2024,2460615.5,722451.5,wikipedia_pl,pl,wydarzen,https://pl.wikipedia.org/wiki/2024,3c7aea15e8d628d4db55414ea15a9d7f
623,"class=""vector-toc-list-item vector-toc-level-1 vector-toc-list-item-expanded"">","class=""vector-toc-list-item vector-toc-level-1 vector-toc-list-item-expanded"">",2024-11-01,2024,2460615.5,722451.5,wikipedia_en,en,events,https://en.wikipedia.org/wiki/2024,f16340aed8271b8794db55506a104512
624,"class=""vector-toc-list-item vector-toc-level-2"">","class=""vector-toc-list-item vector-toc-level-2"">",2024-11-01,2024,2460615.5,722451.5,wikipedia_en,en,events,https://en.wikipedia.org/wiki/2024,f974e82e96b87c5c24a1993be547d8f2
625,"Millennium</th></tr><tr><td class=""sidebar-content hlist"">","Millennium</th></tr><tr><td class=""sidebar-content hlist"">",2024-11-01,2024,2460615.5,722451.5,wikipedia_en,en,events,https://en.wikipedia.org/wiki/2024,8688f62ac26d8c19e9f5bf35ab60a471
626,"Centuries</th></tr><tr><td class=""sidebar-content hlist"">","Centuries</th></tr><tr><td class=""sidebar-content hlist"">",2024-11-01,2024,2460615.5,722451.5,wikipedia_en,en,events,https://en.wikipedia.org/wiki/2024,a66d299b6c578c788bccdbff514cab19
627,"additional terms may apply. By using this site, you agree to the <a href=""https://foundation.wikimed","additional terms may apply. By using this site, you agree to the <a href=""https://foundation.wikimedia.org/wiki/Special:MyLanguage/Policy:Terms_of_Use"" class=""extiw"" title=""foundation:Special:MyLanguage/Policy:Terms of Use"">Terms of Use</a> and <a href=""https://foundation.wikimedia.org/wiki/Special:MyLanguage/Policy:Privacy_policy"" class=""extiw"" title=""foundation:Special:MyLanguage/Policy:Privacy policy"">Privacy Policy</a>. Wikipedia® is a registered trademark of the <a rel=""nofollow"" class=""external text"" href=""https://wikimediafoundation.org/"">Wikimedia Foundation, Inc.</a>, a non-profit organization.</li>",2024-11-01,2024,2460615.5,722451.5,wikipedia_en,en,events,https://en.wikipedia.org/wiki/2024,dc8ec4d716582535c2b0e2580befbb79
777,"| <a href=""/wiki/2030er"" title=""2030er"">2030er</a>&#160;| <a href=""/wiki/2040er"" title=""2040er"">2040","| <a href=""/wiki/2030er"" title=""2030er"">2030er</a>&#160;| <a href=""/wiki/2040er"" title=""2040er"">2040er</a><br />",2024-11-01,2024,2460615.5,722451.5,wikipedia_de,de,ereignis,https://de.wikipedia.org/wiki/2024,504ea555d2b0e9e73714f4f235981651
778,"| <a href=""/wiki/2025"" title=""2025"">2025</a>&#160;| <a href=""/wiki/2026"" title=""2026"">2026</a>&#160;","| <a href=""/wiki/2025"" title=""2025"">2025</a>&#160;| <a href=""/wiki/2026"" title=""2026"">2026</a>&#160;| <a href=""/wiki/2027"" title=""2027"">2027</a>&#160;| <a href=""/wiki/2028"" title=""2028"">2028</a>&#160;| <a href=""/wiki/2029"" title=""2029"">►</a><br />",2024-11-01,2024,2460615.5,722451.5,wikipedia_de,de,ereignis,https://de.wikipedia.org/wiki/2024,52724935b8030583897b2ddcc31902c3
885,"class=""vector-toc-list-item vector-toc-level-1 vector-toc-list-item-expanded"">","class=""vector-toc-list-item vector-toc-level-1 vector-toc-list-item-expanded"">",2024-11-01,2024,2460615.5,722451.5,wikipedia_fr,fr,événement,https://fr.wikipedia.org/wiki/2024,8a98525bbba5aa6b439d3e93a8d7f3d7
1378,"Earthquake M6.3 - 239 km WNW of Cochrane, Chile","Magnitude 6.3 earthquake at 239 km WNW of Cochrane, Chile. Depth: Nonekm",2024-11-08,2024,2460622.5,722458.5,usgs_earthquake,en,geological_event,https://earthquake.usgs.gov/earthquakes/eventpage/us7000nql2,137a71e9c795ad3e24d376c83d32e154
1088,"Timekeeping at Akhet Khufu, as shown by the Diary of Merer","The discovery of the Diary of Merer (papyri Wadi al-Jarf) allows us to see
the Egyptian calendar applied in a logbook. The diary is dated to the 26th year
of reign of Khufu and describes Merer and his crew transporting the limestone
blocks from the Tura quarries to Akhet Khufu, that is, the pyramid of Khufu
(Old Kingdom). We find a calendar with 30-day months, 10-day weeks, five
epagomenal days (Tallet, 2017) and Merer's job adapted to the seasons of the
year. Seasons and epagomenal days have names according to inscriptions on the
east wall of the Tehne tomb of Nj-k'-'nh (Nikaiankh), end of Fourth Dynasty or
early Fifth Dynasty. The Diary gives us an overall impression of extreme
modernity in the logistics of ancient Egypt. And Merer looks like a person with
a reputation for good timekeeping at Akhet Khufu.",2024-11-10,2024,2460624.5,722460.5,arxiv,en,scientific_paper,http://arxiv.org/abs/2411.08061v2,c16a60a476c654118bd18d4f07b77168
1377,"Earthquake M6.8 - 42 km SSW of Bartolomé Masó, Cuba","Magnitude 6.8 earthquake at 42 km SSW of Bartolomé Masó, Cuba. Depth: Nonekm",2024-11-10,2024,2460624.5,722460.5,usgs_earthquake,en,geological_event,https://earthquake.usgs.gov/earthquakes/eventpage/us7000nr0v,2a0d17703d4a4c4e4b58224f52af3568
1376,"Earthquake M6.6 - 122 km ESE of Kokopo, Papua New Guinea","Magnitude 6.6 earthquake at 122 km ESE of Kokopo, Papua New Guinea. Depth: Nonekm",2024-11-15,2024,2460629.5,722465.5,usgs_earthquake,en,geological_event,https://earthquake.usgs.gov/earthquakes/eventpage/us7000nrwz,a99b7af65ce0dcb60e5a0071be0cc7a8
1375,"Earthquake M6.1 - 156 km SSE of Koshima, Japan","Magnitude 6.1 earthquake at 156 km SSE of Koshima, Japan. Depth: Nonekm",2024-11-17,2024,2460631.5,722467.5,usgs_earthquake,en,geological_event,https://earthquake.usgs.gov/earthquakes/eventpage/us7000nsa3,e1c23d189b6e87c5ff683a5ffdc1e3ba
1019,Underestimation of Hubble constant error bars: a historical analysis,"An analysis of a historical compilation of Hubble-Lema\^itre constant values
($H_0$: 163 data points measured between 1976 and 2019) assuming the standard
cosmological model gives a $\chi^2$ value of the dispersion with respect to the
weighted average of 580, much larger than the number of points, which has an
associated probability that is very low. This means that Hubble tensions were
always present in the literature, due either to the underestimation of
statistical error bars associated with the observed parameter measurements, or
to the fact that systematic errors were not properly taken into account in many
of the measurements.
  The fact that the underestimation of error bars for $H_0$ is so common might
explain the apparent 4.4-sigma discrepancy by Riess et al. As a matter of fact,
more recent precise $H_0$ measurements with JWST data by Freedman et al. using
standard candles in galaxies find there is no tension with CMBR data, possibly
indicating that previously Riess et al. had underestimated their errors.
  Here we have carried out a recalibration of the probabilities. The tension of
4.4-$\sigma $, estimated between the local Cepheid-supernova distance ladder
and cosmic microwave background (CMB) data, is indeed a 2.1-$\sigma $ tension
in equivalent terms of a normal distribution, with an associated probability
$P$ = 0.036 (1 in 28). This can be increased to an equivalent tension of
2.5-$\sigma $ in the worst cases of claimed 6-$\sigma $ tension, which may in
any case happen as a random statistical fluctuation.
  If Hubble tensions were always present in the literature, and present day
tensions are not more important than previous ones, why, then, is there so much
noise and commotion surrounding Hubble tension after 2019? It is suggested here
that this obeys a sociological phenomenon of ``groupthink''.",2024-11-20,2024,2460634.5,722470.5,arxiv,en,scientific_paper,http://arxiv.org/abs/2411.13621v1,f1a077276961f85e9a67774436a7d15c
1018,"Meaning at the Planck scale? Contextualized word embeddings for doing
  history, philosophy, and sociology of science","This paper explores the potential of contextualized word embeddings (CWEs) as
a new tool in the history, philosophy, and sociology of science (HPSS) for
studying contextual and evolving meanings of scientific concepts. Using the
term ""Planck"" as a test case, I evaluate five BERT-based models with varying
degrees of domain-specific pretraining, including my custom model
Astro-HEP-BERT, trained on the Astro-HEP Corpus, a dataset containing 21.84
million paragraphs from 600,000 articles in astrophysics and high-energy
physics. For this analysis, I compiled two labeled datasets: (1) the
Astro-HEP-Planck Corpus, consisting of 2,900 labeled occurrences of ""Planck""
sampled from 1,500 paragraphs in the Astro-HEP Corpus, and (2) a
physics-related Wikipedia dataset comprising 1,186 labeled occurrences of
""Planck"" across 885 paragraphs. Results demonstrate that the domain-adapted
models outperform the general-purpose ones in disambiguating the target term,
predicting its known meanings, and generating high-quality sense clusters, as
measured by a novel purity indicator I developed. Additionally, this approach
reveals semantic shifts in the target term over three decades in the unlabeled
Astro-HEP Corpus, highlighting the emergence of the Planck space mission as a
dominant sense. The study underscores the importance of domain-specific
pretraining for analyzing scientific language and demonstrates the
cost-effectiveness of adapting pretrained models for HPSS research. By offering
a scalable and transferable method for modeling the meanings of scientific
concepts, CWEs open up new avenues for investigating the socio-historical
dynamics of scientific discourses.",2024-11-21,2024,2460635.5,722471.5,arxiv,en,scientific_paper,http://arxiv.org/abs/2411.14073v1,f35116b3493cded517da0c8a471b3213
1374,"Earthquake M6.1 - 38 km WNW of Hakui, Japan","Magnitude 6.1 earthquake at 38 km WNW of Hakui, Japan. Depth: Nonekm",2024-11-26,2024,2460640.5,722476.5,usgs_earthquake,en,geological_event,https://earthquake.usgs.gov/earthquakes/eventpage/us7000nu90,0045e8ecb96162133c762ec6530c368a
274,"RLSTATE={""ext.gadget.wikiflex"":""ready"",""ext.gadget.infobox"":""ready"",""ext.gadget.hlist"":""ready"",""ext.","RLSTATE={""ext.gadget.wikiflex"":""ready"",""ext.gadget.infobox"":""ready"",""ext.gadget.hlist"":""ready"",""ext.gadget.darkmode-overrides"":""ready"",""ext.gadget.small-references"":""ready"",""ext.gadget.citation-access-info"":""ready"",""ext.gadget.sprawdz-problemy-szablony"":""ready"",""ext.globalCssJs.user.styles"":""ready"",""site.styles"":""ready"",""user.styles"":""ready"",""ext.globalCssJs.user"":""ready"",""user"":""ready"",""user.options"":""loading"",""ext.cite.styles"":""ready"",""ext.wikimediamessages.styles"":""ready"",""skins.vector.search.codex.styles"":""ready"",""skins.vector.styles"":""ready"",""skins.vector.icons"":""ready"",""jquery.makeCollapsible.styles"":""ready"",""ext.flaggedRevs.basic"":""ready"",""mediawiki.codex.messagebox.styles"":""ready"",""ext.visualEditor.desktopArticleTarget.noscript"":""ready"",""ext.uls.interlanguage"":""ready"",""wikibase.client.init"":""ready"",""ext.wikimediaBadges"":""ready""};RLPAGEMODULES=[""ext.xLab"",""ext.cite.ux-enhancements"",""ext.scribunto.logs"",""site"",""mediawiki.page.ready"",""jquery.makeCollapsible"",""mediawiki.toc"",""skins.vector.js"",""ext.centralNotice.geoIP"",""ext.centralNotice.startUp"",""ext.flaggedRevs.advanced"",""ext.gadget.ll-script-loader"",""ext.gadget.veKeepParameters"",""ext.gadget.szablon-galeria"",""ext.gadget.NavFrame"",""ext.gadget.citoid-overrides"",""ext.gadget.maps"",""ext.gadget.padlock-indicators"",""ext.gadget.interwiki-langlist"",""ext.gadget.edit-summaries"",""ext.gadget.edit-first-section"",""ext.gadget.wikibugs"",""ext.gadget.map-toggler"",""ext.gadget.narrowFootnoteColumns"",""ext.gadget.ally-enhance"",""ext.gadget.WDsearch"",""ext.urlShortener.toolbar"",""ext.centralauth.centralautologin"",""ext.popups"",""ext.visualEditor.desktopArticleTarget.init"",""ext.visualEditor.targetLoader"",""ext.echo.centralauth"",""ext.eventLogging"",""ext.wikimediaEvents"",""ext.navigationTiming"",""ext.uls.interface"",""ext.cx.eventlogging.campaigns"",""ext.cx.uls.quick.actions"",""wikibase.client.vector-2022"",""ext.checkUser.clientHints"",""ext.growthExperiments.SuggestedEditSession""];</script>",2024-12-01,2024,2460645.5,722481.5,wikipedia_pl,pl,wydarzen,https://pl.wikipedia.org/wiki/2024,7a6854e46af97c1e377fe27fa944d000
275,13.65%  107.842      1 Szablon:Szablon_nawigacyjny,13.65%  107.842      1 Szablon:Szablon_nawigacyjny,2024-12-01,2024,2460645.5,722481.5,wikipedia_pl,pl,wydarzen,https://pl.wikipedia.org/wiki/2024,e73393e853bc9a801f8eb5a6d5350fae
276,10.68%   84.423    116 Szablon:Lang,10.68%   84.423    116 Szablon:Lang,2024-12-01,2024,2460645.5,722481.5,wikipedia_pl,pl,wydarzen,https://pl.wikipedia.org/wiki/2024,4940100582f3758e191f3ea520881875
277,7.25%   57.272      1 Szablon:Miesiąc,7.25%   57.272      1 Szablon:Miesiąc,2024-12-01,2024,2460645.5,722481.5,wikipedia_pl,pl,wydarzen,https://pl.wikipedia.org/wiki/2024,d8fe6ebdc41d54c0e9320b13a4ec3474
278,6.63%   52.349      1 Szablon:Kalendarz,6.63%   52.349      1 Szablon:Kalendarz,2024-12-01,2024,2460645.5,722481.5,wikipedia_pl,pl,wydarzen,https://pl.wikipedia.org/wiki/2024,5ca94877d4130537a305b54d53df8c49
279,1.84%   14.577     31 Szablon:Kalendarz/link,1.84%   14.577     31 Szablon:Kalendarz/link,2024-12-01,2024,2460645.5,722481.5,wikipedia_pl,pl,wydarzen,https://pl.wikipedia.org/wiki/2024,bd8e737f0e4738e535f24bb62f347459
280,1.17%    9.281      1 Szablon:Spis_treści,1.17%    9.281      1 Szablon:Spis_treści,2024-12-01,2024,2460645.5,722481.5,wikipedia_pl,pl,wydarzen,https://pl.wikipedia.org/wiki/2024,199faf815708ccdb2a0ef28c267b02e6
281,"Zobacz szczegółowe informacje o <a class=""external text"" href=""https://foundation.wikimedia.org/wiki","Zobacz szczegółowe informacje o <a class=""external text"" href=""https://foundation.wikimedia.org/wiki/Policy:Terms_of_Use/pl"">warunkach korzystania</a>.</li>",2024-12-01,2024,2460645.5,722481.5,wikipedia_pl,pl,wydarzen,https://pl.wikipedia.org/wiki/2024,69629b6e1eab2e5992eb43a934175758
628,"class=""vector-toc-list-item vector-toc-level-1 vector-toc-list-item-expanded"">","class=""vector-toc-list-item vector-toc-level-1 vector-toc-list-item-expanded"">",2024-12-01,2024,2460645.5,722481.5,wikipedia_en,en,events,https://en.wikipedia.org/wiki/2024,7da527a724a777485ddc01ebb716b674
629,"class=""vector-toc-list-item vector-toc-level-2"">","class=""vector-toc-list-item vector-toc-level-2"">",2024-12-01,2024,2460645.5,722481.5,wikipedia_en,en,events,https://en.wikipedia.org/wiki/2024,1ec226cbf85827990576bb4d7852a1a2
630,"Millennium</th></tr><tr><td class=""sidebar-content hlist"">","Millennium</th></tr><tr><td class=""sidebar-content hlist"">",2024-12-01,2024,2460645.5,722481.5,wikipedia_en,en,events,https://en.wikipedia.org/wiki/2024,7cb49887488d452a4dae5e34f19f5ffa
631,"Centuries</th></tr><tr><td class=""sidebar-content hlist"">","Centuries</th></tr><tr><td class=""sidebar-content hlist"">",2024-12-01,2024,2460645.5,722481.5,wikipedia_en,en,events,https://en.wikipedia.org/wiki/2024,514ec111e7fc0c77591e3ea18312c014
632,"additional terms may apply. By using this site, you agree to the <a href=""https://foundation.wikimed","additional terms may apply. By using this site, you agree to the <a href=""https://foundation.wikimedia.org/wiki/Special:MyLanguage/Policy:Terms_of_Use"" class=""extiw"" title=""foundation:Special:MyLanguage/Policy:Terms of Use"">Terms of Use</a> and <a href=""https://foundation.wikimedia.org/wiki/Special:MyLanguage/Policy:Privacy_policy"" class=""extiw"" title=""foundation:Special:MyLanguage/Policy:Privacy policy"">Privacy Policy</a>. Wikipedia® is a registered trademark of the <a rel=""nofollow"" class=""external text"" href=""https://wikimediafoundation.org/"">Wikimedia Foundation, Inc.</a>, a non-profit organization.</li>",2024-12-01,2024,2460645.5,722481.5,wikipedia_en,en,events,https://en.wikipedia.org/wiki/2024,7aff2b0233f679a5f333ae099fc1d540
779,"| <a href=""/wiki/2030er"" title=""2030er"">2030er</a>&#160;| <a href=""/wiki/2040er"" title=""2040er"">2040","| <a href=""/wiki/2030er"" title=""2030er"">2030er</a>&#160;| <a href=""/wiki/2040er"" title=""2040er"">2040er</a><br />",2024-12-01,2024,2460645.5,722481.5,wikipedia_de,de,ereignis,https://de.wikipedia.org/wiki/2024,71f3a6d550a51dc494b95120b889aa96
780,"| <a href=""/wiki/2025"" title=""2025"">2025</a>&#160;| <a href=""/wiki/2026"" title=""2026"">2026</a>&#160;","| <a href=""/wiki/2025"" title=""2025"">2025</a>&#160;| <a href=""/wiki/2026"" title=""2026"">2026</a>&#160;| <a href=""/wiki/2027"" title=""2027"">2027</a>&#160;| <a href=""/wiki/2028"" title=""2028"">2028</a>&#160;| <a href=""/wiki/2029"" title=""2029"">►</a><br />",2024-12-01,2024,2460645.5,722481.5,wikipedia_de,de,ereignis,https://de.wikipedia.org/wiki/2024,1799dc53396647c4fa96774112c6c82f
886,"class=""vector-toc-list-item vector-toc-level-1 vector-toc-list-item-expanded"">","class=""vector-toc-list-item vector-toc-level-1 vector-toc-list-item-expanded"">",2024-12-01,2024,2460645.5,722481.5,wikipedia_fr,fr,événement,https://fr.wikipedia.org/wiki/2024,4a026e4e91cdb9e231f135f6bbaac3bc
1373,"Earthquake M7 - 2024 Offshore Cape Mendocino, California Earthquake","Magnitude 7 earthquake at 2024 Offshore Cape Mendocino, California Earthquake. Depth: Nonekm",2024-12-05,2024,2460649.5,722485.5,usgs_earthquake,en,geological_event,https://earthquake.usgs.gov/earthquakes/eventpage/nc75095651,626276ac8b6d5ea15561e89d3b8a3d3b
1371,"Earthquake M6.3 - 108 km SSW of Adak, Alaska","Magnitude 6.3 earthquake at 108 km SSW of Adak, Alaska. Depth: Nonekm",2024-12-08,2024,2460652.5,722488.5,usgs_earthquake,en,geological_event,https://earthquake.usgs.gov/earthquakes/eventpage/us7000nx3z,cef2fd31115fc516358ee27af09a1a5f
1372,Earthquake M6 - Kuril Islands,Magnitude 6 earthquake at Kuril Islands. Depth: Nonekm,2024-12-08,2024,2460652.5,722488.5,usgs_earthquake,en,geological_event,https://earthquake.usgs.gov/earthquakes/eventpage/us7000nx17,68ceaab8dc52de930e022117cb97867e
1369,"Earthquake M6.1 - 126 km SSW of Adak, Alaska","Magnitude 6.1 earthquake at 126 km SSW of Adak, Alaska. Depth: Nonekm",2024-12-09,2024,2460653.5,722489.5,usgs_earthquake,en,geological_event,https://earthquake.usgs.gov/earthquakes/eventpage/us7000nx5z,4194312641ce53416d4bd37b88266e5e
1370,"Earthquake M6.3 - 104 km SSW of Adak, Alaska","Magnitude 6.3 earthquake at 104 km SSW of Adak, Alaska. Depth: Nonekm",2024-12-09,2024,2460653.5,722489.5,usgs_earthquake,en,geological_event,https://earthquake.usgs.gov/earthquakes/eventpage/us7000nx5r,00df8e30ef907e56f89a4f9e1eafc0d9
1087,"From terrestrial weather to space weather through the history of
  scintillation","Recent observations of interplanetary scintillation (IPS) at radio
frequencies have proved to be a powerful tool for probing the solar environment
from the ground. But how far back does this tradition really extend? Our survey
of the literature to date has revealed a long history of scintillating
observations, beginning with the oral traditions of Indigenous peoples from
around the globe, encompassing the works of the Ancient Greeks and Renaissance
scholars, and continuing right through into modern optics, astronomy and space
science. We outline here the major steps that humanity has taken along this
journey, using scintillation as a tool for predicting first terrestrial, and
then space weather without ever having to leave the ground.",2024-12-13,2024,2460657.5,722493.5,arxiv,en,scientific_paper,http://arxiv.org/abs/2412.19816v1,88ad6566a0887a545a49bf3c388bdffe
1368,"Earthquake M6.4 - 56 km ESE of Molina, Chile","Magnitude 6.4 earthquake at 56 km ESE of Molina, Chile. Depth: Nonekm",2024-12-14,2024,2460658.5,722494.5,usgs_earthquake,en,geological_event,https://earthquake.usgs.gov/earthquakes/eventpage/us7000nyqr,c027e69c2e1ebc315d1df383715fe852
1367,"Earthquake M7.3 - 24 km WNW of Port-Vila, Vanuatu","Magnitude 7.3 earthquake at 24 km WNW of Port-Vila, Vanuatu. Depth: Nonekm",2024-12-17,2024,2460661.5,722497.5,usgs_earthquake,en,geological_event,https://earthquake.usgs.gov/earthquakes/eventpage/us7000nzf3,99febe4bf898c975d552fd0fead52c84
1016,"The April 1, 2471 b.C. eclipse and the end of 4th Egyptian dynasty","On April 1, 2471 bC an impressive, unpredictable phenomenon occurred over the
Delta of the Nile: a total solar eclipse, with totality band almost centered on
the sacred city of Buto, and with the capital Memphis very close (>95%) to
totality. This date is compatible with existing chronologies for the reign of
Pharaoh Shepseskaf, who adopted a clamorous symbolic break with respect to the
tradition of solarized kings started by Khufu. Indeed his tomb was not built in
view from Heliopolis and was not a pyramid, but a kind of unique monument
resembling the symbolic shrine at Buto. The aim of the present paper is to
investigate in a systematic way the possibility that the origin of this
historical break, which marks the end of the 4th dynasty, can be identified
precisely in the 2471 bC eclipse, therefore furnishing a new astronomical
anchor for the chronology of the Old Kingdom.",2024-12-18,2024,2460662.5,722498.5,arxiv,en,scientific_paper,http://arxiv.org/abs/2412.13640v2,75fa91012f7c400c505a988ef55cb709
1017,Dark Matter: Explanatory Unification and Historical Continuity,"In recent years, the hope to confirm the existence of dark matter by
experimentally detecting it has diminished significantly. After more than 30
years of experimental searches, many of the most promising candidates have
since been ruled out, leaving the epistemic and scientific condition of dark
matter in a state of suspension. In efforts to improve the epistemic
justification for the dark-matter hypothesis, physicists have turned to
philosophical arguments and historical narratives. In this paper, I explicate
two such strategies -- explanatory unification and historical continuity --
applied in the context of dark matter. I argue that greater care and attention
should be invested in the explanatory arguments to increase their strength, and
that a survey of primary historical sources in astronomy renders the historical
evidence for the continuity of dark matter substantially weaker. The quality
and rigor of the philosophical and historical arguments which physicists are
constructing could be substantially improved by increasing interdisciplinary
practices.",2024-12-18,2024,2460662.5,722498.5,arxiv,en,scientific_paper,http://arxiv.org/abs/2412.13404v1,681f209fecb0179a581d1c8366be6d36
1366,"Earthquake M6.1 - 33 km W of Port-Vila, Vanuatu","Magnitude 6.1 earthquake at 33 km W of Port-Vila, Vanuatu. Depth: Nonekm",2024-12-21,2024,2460665.5,722501.5,usgs_earthquake,en,geological_event,https://earthquake.usgs.gov/earthquakes/eventpage/us7000p0lv,b1925b1429948159c2bbc4b756297c2c
1015,Klippings Ten Commandments,"This is a short historical note about the visit of Prof. G. Klipping of Fritz
Haber Institute, Germany, to the low temperature physics laboratory of Indian
Institute of Technology, Madras. During his visit in 1979, Klipping delivered a
series of lectures on cryogenic practices and low temperature physics in the
physics department. The authors, both Masters degree students at that time,
with a specialization in cryogenics, attended these lectures arranged by Prof.
R. Srinivasan then head of the Low Temperature laboratory. In this non
technical note, the authors attempt to portray the research philosophy and
attitudes of Klipping as captured through many wise remarks and snippets which
formed an integral part of his lectures. In the 1970-80s Klipping made
invaluable contributions to the development of cryogenics research in India.",2024-12-26,2024,2460670.5,722506.5,arxiv,en,scientific_paper,http://arxiv.org/abs/2412.19231v1,9130a06970c08624cd93ebab41b2e448
1365,Earthquake M6.8 - Kuril Islands,Magnitude 6.8 earthquake at Kuril Islands. Depth: Nonekm,2024-12-27,2024,2460671.5,722507.5,usgs_earthquake,en,geological_event,https://earthquake.usgs.gov/earthquakes/eventpage/us6000pfw7,46a4ce9670acd89f0d10fbd7c8941534
1202,"Two Egyptian Kings, Shepseskaf and Userkaf, and a solar eclipse (2471
  BC)","Recently, arXiv published a work by G. Magli about the eclipse of 1 April
2471 BC and a supposed influence of it on the end of the fourth Egyptian
dynasty and the beginning of the fifth one. In Magli's arXiv/2412.13640 paper,
the eclipse is defined as the 'Shepseskaf eclipse'. Magli considers that this
eclipse happened during the reign of the 'last ruler of the 4th dynasty,
Shepseskaf'. Some literature is giving the name of further members of this
dynasty. Therefore, here we add some references, besides those given in arXiv.
We will show that, in this literature, the same eclipse of 2471 BC is linked to
king Userkaf of the fifth dynasty. Some observations about chronological data
proposed by Magli are also necessary. Since in arxiv/2412.13640 paper we find
mentioned by Magli the pyramid of Cheops (that is Akhet Khufu, a name which is
generally translated as the Khufu's horizon) and the symbol of the 'solarized'
horizon, N27 of the Gardiner's list, it is necessary to stress that the word
Akhet was written with the crested ibis, G25, as clearly shown by the Wadi
al-Jarf papyri, which are contemporary to Khufu's reign. Mark Lehner, 2001,
recognizing a translation problem, rendered Akhet Khufu as the 'Spirit of
Khufu'. The use of the crested ibis, in a locution translated as 'dwellers of
the horizon' is attested in a Pepi II letter to his vizier Herkhuf, then three
centuries after Khufu.",2024-12-29,2024,2460673.5,722509.5,arxiv,en,scientific_paper,http://arxiv.org/abs/2412.20407v2,50a1bc611af718d6b06f09b879c7f5f6
282,"RLSTATE={""ext.gadget.wikiflex"":""ready"",""ext.gadget.infobox"":""ready"",""ext.gadget.hlist"":""ready"",""ext.","RLSTATE={""ext.gadget.wikiflex"":""ready"",""ext.gadget.infobox"":""ready"",""ext.gadget.hlist"":""ready"",""ext.gadget.darkmode-overrides"":""ready"",""ext.gadget.small-references"":""ready"",""ext.gadget.citation-access-info"":""ready"",""ext.gadget.sprawdz-problemy-szablony"":""ready"",""ext.globalCssJs.user.styles"":""ready"",""site.styles"":""ready"",""user.styles"":""ready"",""ext.globalCssJs.user"":""ready"",""user"":""ready"",""user.options"":""loading"",""ext.cite.styles"":""ready"",""ext.wikimediamessages.styles"":""ready"",""skins.vector.search.codex.styles"":""ready"",""skins.vector.styles"":""ready"",""skins.vector.icons"":""ready"",""jquery.makeCollapsible.styles"":""ready"",""ext.flaggedRevs.basic"":""ready"",""mediawiki.codex.messagebox.styles"":""ready"",""ext.visualEditor.desktopArticleTarget.noscript"":""ready"",""ext.uls.interlanguage"":""ready"",""wikibase.client.init"":""ready""};RLPAGEMODULES=[""ext.xLab"",""ext.cite.ux-enhancements"",""ext.scribunto.logs"",""site"",""mediawiki.page.ready"",""jquery.makeCollapsible"",""mediawiki.toc"",""skins.vector.js"",""ext.centralNotice.geoIP"",""ext.centralNotice.startUp"",""ext.flaggedRevs.advanced"",""ext.gadget.ll-script-loader"",""ext.gadget.veKeepParameters"",""ext.gadget.szablon-galeria"",""ext.gadget.NavFrame"",""ext.gadget.citoid-overrides"",""ext.gadget.maps"",""ext.gadget.padlock-indicators"",""ext.gadget.interwiki-langlist"",""ext.gadget.edit-summaries"",""ext.gadget.edit-first-section"",""ext.gadget.wikibugs"",""ext.gadget.map-toggler"",""ext.gadget.narrowFootnoteColumns"",""ext.gadget.ally-enhance"",""ext.gadget.WDsearch"",""ext.urlShortener.toolbar"",""ext.centralauth.centralautologin"",""mmv.bootstrap"",""ext.popups"",""ext.visualEditor.desktopArticleTarget.init"",""ext.visualEditor.targetLoader"",""ext.echo.centralauth"",""ext.eventLogging"",""ext.wikimediaEvents"",""ext.navigationTiming"",""ext.uls.interface"",""ext.cx.eventlogging.campaigns"",""ext.cx.uls.quick.actions"",""wikibase.client.vector-2022"",""ext.checkUser.clientHints"",""ext.growthExperiments.SuggestedEditSession""];</script>",2025-01-01,2025,2460676.5,722512.5,wikipedia_pl,pl,wydarzen,https://pl.wikipedia.org/wiki/2025,740b3c2d57684cbc230c2714f1f62f13
283,10.96%  103.432    154 Szablon:Lang,10.96%  103.432    154 Szablon:Lang,2025-01-01,2025,2460676.5,722512.5,wikipedia_pl,pl,wydarzen,https://pl.wikipedia.org/wiki/2025,b09f8391b6e4e22b4cdb05d3eefd3d33
284,10.85%  102.428      1 Szablon:Szablon_nawigacyjny,10.85%  102.428      1 Szablon:Szablon_nawigacyjny,2025-01-01,2025,2460676.5,722512.5,wikipedia_pl,pl,wydarzen,https://pl.wikipedia.org/wiki/2025,c812bf8c518c62a457c056490beb222a
285,6.29%   59.406      1 Szablon:Miesiąc,6.29%   59.406      1 Szablon:Miesiąc,2025-01-01,2025,2460676.5,722512.5,wikipedia_pl,pl,wydarzen,https://pl.wikipedia.org/wiki/2025,e3f5183698ad479e319c3df53fe163db
286,5.71%   53.890      1 Szablon:Kalendarz,5.71%   53.890      1 Szablon:Kalendarz,2025-01-01,2025,2460676.5,722512.5,wikipedia_pl,pl,wydarzen,https://pl.wikipedia.org/wiki/2025,3bad5c6abfa271f6bd85f408d3a6b563
287,4.50%   42.469      4 Szablon:Link-interwiki,4.50%   42.469      4 Szablon:Link-interwiki,2025-01-01,2025,2460676.5,722512.5,wikipedia_pl,pl,wydarzen,https://pl.wikipedia.org/wiki/2025,58a44473f768a4f1cdbbf310eaecaedb
288,2.90%   27.362      1 Szablon:Commonscat,2.90%   27.362      1 Szablon:Commonscat,2025-01-01,2025,2460676.5,722512.5,wikipedia_pl,pl,wydarzen,https://pl.wikipedia.org/wiki/2025,2d3d46cc77a68eff129cfe4569789e7e
289,"Zobacz szczegółowe informacje o <a class=""external text"" href=""https://foundation.wikimedia.org/wiki","Zobacz szczegółowe informacje o <a class=""external text"" href=""https://foundation.wikimedia.org/wiki/Policy:Terms_of_Use/pl"">warunkach korzystania</a>.</li>",2025-01-01,2025,2460676.5,722512.5,wikipedia_pl,pl,wydarzen,https://pl.wikipedia.org/wiki/2025,b5ee6988183230ab4e03228f974582d5
633,"class=""vector-toc-list-item vector-toc-level-1 vector-toc-list-item-expanded"">","class=""vector-toc-list-item vector-toc-level-1 vector-toc-list-item-expanded"">",2025-01-01,2025,2460676.5,722512.5,wikipedia_en,en,events,https://en.wikipedia.org/wiki/2025,876710e6f61dce4f24b36eddd5a88d55
634,"class=""vector-toc-list-item vector-toc-level-2"">","class=""vector-toc-list-item vector-toc-level-2"">",2025-01-01,2025,2460676.5,722512.5,wikipedia_en,en,events,https://en.wikipedia.org/wiki/2025,2473ff70de51f9edf7beb6e8bc2d5406
635,"Millennium</th></tr><tr><td class=""sidebar-content hlist"">","Millennium</th></tr><tr><td class=""sidebar-content hlist"">",2025-01-01,2025,2460676.5,722512.5,wikipedia_en,en,events,https://en.wikipedia.org/wiki/2025,dd68818575ada225e70617d17b8aac6e
636,"Centuries</th></tr><tr><td class=""sidebar-content hlist"">","Centuries</th></tr><tr><td class=""sidebar-content hlist"">",2025-01-01,2025,2460676.5,722512.5,wikipedia_en,en,events,https://en.wikipedia.org/wiki/2025,6b685a9c9e727b03d2d49b27e518ccde
637,"Decades</th></tr><tr><td class=""sidebar-content hlist"">","Decades</th></tr><tr><td class=""sidebar-content hlist"">",2025-01-01,2025,2460676.5,722512.5,wikipedia_en,en,events,https://en.wikipedia.org/wiki/2025,317a78232148d88a931ee70705b7f2ac
781,"| <a href=""/wiki/2030er"" title=""2030er"">2030er</a>&#160;| <a href=""/wiki/2040er"" title=""2040er"">2040","| <a href=""/wiki/2030er"" title=""2030er"">2030er</a>&#160;| <a href=""/wiki/2040er"" title=""2040er"">2040er</a><br />",2025-01-01,2025,2460676.5,722512.5,wikipedia_de,de,ereignis,https://de.wikipedia.org/wiki/2025,50175f246bb65525c3a674b923b58653
782,"| <a href=""/wiki/2026"" title=""2026"">2026</a>&#160;| <a href=""/wiki/2027"" title=""2027"">2027</a>&#160;","| <a href=""/wiki/2026"" title=""2026"">2026</a>&#160;| <a href=""/wiki/2027"" title=""2027"">2027</a>&#160;| <a href=""/wiki/2028"" title=""2028"">2028</a>&#160;| <a href=""/wiki/2029"" title=""2029"">2029</a>&#160;| <a href=""/wiki/2030"" title=""2030"">►</a><br />",2025-01-01,2025,2460676.5,722512.5,wikipedia_de,de,ereignis,https://de.wikipedia.org/wiki/2025,fad9a6badcaf13f52ed7cd1d3a3367b0
887,"class=""vector-toc-list-item vector-toc-level-1 vector-toc-list-item-expanded"">","class=""vector-toc-list-item vector-toc-level-1 vector-toc-list-item-expanded"">",2025-01-01,2025,2460676.5,722512.5,wikipedia_fr,fr,événement,https://fr.wikipedia.org/wiki/2025,3ba341c6249f6cb11568c3d02950fa4d
1364,Earthquake M6.1 - South Sandwich Islands region,Magnitude 6.1 earthquake at South Sandwich Islands region. Depth: Nonekm,2025-01-01,2025,2460676.5,722512.5,usgs_earthquake,en,geological_event,https://earthquake.usgs.gov/earthquakes/eventpage/us6000pgv4,3844215c4c0d4805ac69f46d5eab26d8
1363,"Earthquake M6.1 - 84 km NNW of Calama, Chile","Magnitude 6.1 earthquake at 84 km NNW of Calama, Chile. Depth: Nonekm",2025-01-02,2025,2460677.5,722513.5,usgs_earthquake,en,geological_event,https://earthquake.usgs.gov/earthquakes/eventpage/us6000phap,9f03c120fceb05ec30e87043e22e25de
1362,"Earthquake M6.2 - 56 km SSE of La Libertad, El Salvador","Magnitude 6.2 earthquake at 56 km SSE of La Libertad, El Salvador. Depth: Nonekm",2025-01-05,2025,2460680.5,722516.5,usgs_earthquake,en,geological_event,https://earthquake.usgs.gov/earthquakes/eventpage/us6000pi09,d733c864b2c09fe86de04a573a72b9f7
1361,Earthquake M7.1 - 2025 Southern Tibetan Plateau Earthquake,Magnitude 7.1 earthquake at 2025 Southern Tibetan Plateau Earthquake. Depth: Nonekm,2025-01-07,2025,2460682.5,722518.5,usgs_earthquake,en,geological_event,https://earthquake.usgs.gov/earthquakes/eventpage/us6000pi9w,1134bbf8ef6eb208ca47cfcac9d0ff62
1014,"Rationally warranted promise: the virtue-economic account of
  pursuit-worthiness","Pursuing a scientific idea is often justified by the promise associated with
it. Philosophers of science have proposed a variety of approaches to such
promise, including more specific indicators. Economic models in particular
emphasise the trade-off between an idea's benefits and its costs. Taking up
this Peirce-inspired idea, we spell out the metaphor of such a cost-benefit
analysis of scientific ideas. We show that it fruitfully urges a set of salient
meta-methodological questions that accounts of scientific pursuit-worthiness
ought to address. In line with such a meta-methodological framework, we
articulate and explore an appealing and auspicious concretisation -- what we
shall dub ""the virtue-economic account of pursuit-worthiness"": cognitive
benefits and costs of an idea, we suggest, should be characterised in terms of
an idea's theoretical virtues, such as empirical adequacy, explanatory power,
or coherence. Assessments of pursuit-worthiness are deliberative judgements in
which scientifically competent evaluators weigh and compare the prospects of
such virtues, subject to certain rationality constraints that ensure historical
and contemporary scientific circumspection, coherence and systematicity. The
virtue-economic account, we show, sheds new light on the normativity of
scientific pursuit, methodological pluralism in science, and the rationality of
historical science.",2025-01-09,2025,2460684.5,722520.5,arxiv,en,scientific_paper,http://arxiv.org/abs/2501.05142v2,fe6f3fe517add23c8dc584ca1b5888ea
1013,The Spectre of Underdetermination in Modern Cosmology,"The scientific status of physical cosmology has been the subject of
philosophical debate ever since detailed mathematical models of the Universe
emerged from Einstein's general theory of relativity. Such debates have
revolved around whether and to what extent cosmology meets established
demarcation criteria for a discipline to be scientific, as well as determining
how to best characterize cosmology as a science, given the unique challenges
and limitations faced by a discipline which aims to study the origin,
composition, and fate of the Universe itself. The present article revisits, in
light of the dramatic progress in cosmology in recent decades, an earlier
debate held in the 1950s between Herman Bondi and Gerald Whitrow regarding the
scientific status of cosmology. We analyse cosmology's transition from an
emerging science to a cornerstone of modern physics, highlighting its empirical
successes in establishing the $\Lambda$-Cold Dark Matter ($\Lambda$CDM) model
and in its delivery of various successful novel predictions. Despite this
remarkable scientific success and progress, we argue that modern cosmology
faces a further profound challenge: the permanent underdetermination of the
microphysical nature of its exotic energy components: inflation, dark matter,
and dark energy. Drawing historical parallels with the role of spectroscopy in
revealing the microphysical nature of atomic physics, we argue that the
epistemic barriers obstructing us from ascertaining the microphysical nature of
these exotic energy components are significant, in turn casting doubt upon
whether cosmology can ever transcend these particular epistemic challenges. We
conclude by reflecting on the prospects for future breakthroughs and/or
non-empirical arguments which could decide this issue conclusively.",2025-01-10,2025,2460685.5,722521.5,arxiv,en,scientific_paper,http://arxiv.org/abs/2501.06095v2,0b2bcd192fd5160537620c799579c6c3
1360,"Earthquake M6.2 - 18 km SE of Aquila, Mexico","Magnitude 6.2 earthquake at 18 km SE of Aquila, Mexico. Depth: Nonekm",2025-01-12,2025,2460687.5,722523.5,usgs_earthquake,en,geological_event,https://earthquake.usgs.gov/earthquakes/eventpage/us6000pjig,3c6219d73f8f93b5314229adfb24367b
1359,"Earthquake M6.8 - 15 km SE of Miyazaki, Japan","Magnitude 6.8 earthquake at 15 km SE of Miyazaki, Japan. Depth: Nonekm",2025-01-13,2025,2460688.5,722524.5,usgs_earthquake,en,geological_event,https://earthquake.usgs.gov/earthquakes/eventpage/us6000pjny,bcc6457f3a36d22f7b6cf8b7c5d1e928
1358,"Earthquake M6 - 10 km NE of Yujing, Taiwan","Magnitude 6 earthquake at 10 km NE of Yujing, Taiwan. Depth: Nonekm",2025-01-20,2025,2460695.5,722531.5,usgs_earthquake,en,geological_event,https://earthquake.usgs.gov/earthquakes/eventpage/us6000pl8h,ca324ea95efe8ffb4bf4e3754d9aced1
1086,Galileo Galilei and Satellite Navigation,"In 1492, for the first time, an unknown ocean opened up before sailors: weeks
of navigation and no idea how to pinpoint their location. Since ancient times,
navigators had known how to determine latitude by using the North Star, but the
""problem of longitude"" was different. More than a century later, Galileo
Galilei discovered in Padua Jupiter's satellites and quickly realized that a
sailor who could observe their eclipses would know his own longitude. Yet his
brilliant insight was 400 years ahead of the technology of his time.
Impractical at sea, on land this idea became a formidable tool for cartography
and ushered in the age of the image of the world. Today the technique can be
realized thanks to artificial satellites, and the Tuscan genius' name has
reached space with the European satellite system named Galileo. An exhibition
in Paris, organized by the Permanent Representation of Italy to the
International Organizations, Sorbonne University, and the Galileo Museum in
Florence, and directed by Asia Ruffo di Calabria of the Musee des Arts et
Metiers, by Quentin Cheval-Galland of the Sorbonne University, and by
Alessandro De Angelis, allowed visitors to observe inventions of the time and
some writings by Galileo on the theme of geolocation. The exhibition was held
in Paris in June 2024. It was replicated in Prague in October 2024, in
Amsterdam in December 2025, and at the Perimeter Institute in Waterloo, Canada,
in February 2025.",2025-01-27,2025,2460702.5,722538.5,arxiv,en,scientific_paper,http://arxiv.org/abs/2501.15884v1,17c899e90de9211a1998636916e68450
290,"RLSTATE={""ext.gadget.wikiflex"":""ready"",""ext.gadget.infobox"":""ready"",""ext.gadget.hlist"":""ready"",""ext.","RLSTATE={""ext.gadget.wikiflex"":""ready"",""ext.gadget.infobox"":""ready"",""ext.gadget.hlist"":""ready"",""ext.gadget.darkmode-overrides"":""ready"",""ext.gadget.small-references"":""ready"",""ext.gadget.citation-access-info"":""ready"",""ext.gadget.sprawdz-problemy-szablony"":""ready"",""ext.globalCssJs.user.styles"":""ready"",""site.styles"":""ready"",""user.styles"":""ready"",""ext.globalCssJs.user"":""ready"",""user"":""ready"",""user.options"":""loading"",""ext.cite.styles"":""ready"",""ext.wikimediamessages.styles"":""ready"",""skins.vector.search.codex.styles"":""ready"",""skins.vector.styles"":""ready"",""skins.vector.icons"":""ready"",""jquery.makeCollapsible.styles"":""ready"",""ext.flaggedRevs.basic"":""ready"",""mediawiki.codex.messagebox.styles"":""ready"",""ext.visualEditor.desktopArticleTarget.noscript"":""ready"",""ext.uls.interlanguage"":""ready"",""wikibase.client.init"":""ready""};RLPAGEMODULES=[""ext.xLab"",""ext.cite.ux-enhancements"",""ext.scribunto.logs"",""site"",""mediawiki.page.ready"",""jquery.makeCollapsible"",""mediawiki.toc"",""skins.vector.js"",""ext.centralNotice.geoIP"",""ext.centralNotice.startUp"",""ext.flaggedRevs.advanced"",""ext.gadget.ll-script-loader"",""ext.gadget.veKeepParameters"",""ext.gadget.szablon-galeria"",""ext.gadget.NavFrame"",""ext.gadget.citoid-overrides"",""ext.gadget.maps"",""ext.gadget.padlock-indicators"",""ext.gadget.interwiki-langlist"",""ext.gadget.edit-summaries"",""ext.gadget.edit-first-section"",""ext.gadget.wikibugs"",""ext.gadget.map-toggler"",""ext.gadget.narrowFootnoteColumns"",""ext.gadget.ally-enhance"",""ext.gadget.WDsearch"",""ext.urlShortener.toolbar"",""ext.centralauth.centralautologin"",""ext.popups"",""ext.visualEditor.desktopArticleTarget.init"",""ext.visualEditor.targetLoader"",""ext.echo.centralauth"",""ext.eventLogging"",""ext.wikimediaEvents"",""ext.navigationTiming"",""ext.uls.interface"",""ext.cx.eventlogging.campaigns"",""ext.cx.uls.quick.actions"",""wikibase.client.vector-2022"",""ext.checkUser.clientHints"",""ext.growthExperiments.SuggestedEditSession""];</script>",2025-02-01,2025,2460707.5,722543.5,wikipedia_pl,pl,wydarzen,https://pl.wikipedia.org/wiki/2025,095691e208832c47098123ea43469366
291,29.88%  112.266      1 Szablon:Szablon_nawigacyjny,29.88%  112.266      1 Szablon:Szablon_nawigacyjny,2025-02-01,2025,2460707.5,722543.5,wikipedia_pl,pl,wydarzen,https://pl.wikipedia.org/wiki/2025,0c330baa0eccfd5ba094053cc277e7cc
292,19.79%   74.380      1 Szablon:Miesiąc,19.79%   74.380      1 Szablon:Miesiąc,2025-02-01,2025,2460707.5,722543.5,wikipedia_pl,pl,wydarzen,https://pl.wikipedia.org/wiki/2025,06337848c1e732053b4c75578a7f3120
293,18.42%   69.229      1 Szablon:Kalendarz,18.42%   69.229      1 Szablon:Kalendarz,2025-02-01,2025,2460707.5,722543.5,wikipedia_pl,pl,wydarzen,https://pl.wikipedia.org/wiki/2025,7c18a2745c5cf81f853f58134f15a14a
294,7.83%   29.428     22 Szablon:Lang,7.83%   29.428     22 Szablon:Lang,2025-02-01,2025,2460707.5,722543.5,wikipedia_pl,pl,wydarzen,https://pl.wikipedia.org/wiki/2025,55bda8032625ee2b0dbcb1c51087e9bc
295,3.68%   13.810     28 Szablon:Kalendarz/link,3.68%   13.810     28 Szablon:Kalendarz/link,2025-02-01,2025,2460707.5,722543.5,wikipedia_pl,pl,wydarzen,https://pl.wikipedia.org/wiki/2025,b045aa9e70cb32236da7f691e372aa4b
296,2.96%   11.135      1 Szablon:Spis_treści,2.96%   11.135      1 Szablon:Spis_treści,2025-02-01,2025,2460707.5,722543.5,wikipedia_pl,pl,wydarzen,https://pl.wikipedia.org/wiki/2025,39b1a508a4b51bbe2e3e6d0ea3770c89
297,"Zobacz szczegółowe informacje o <a class=""external text"" href=""https://foundation.wikimedia.org/wiki","Zobacz szczegółowe informacje o <a class=""external text"" href=""https://foundation.wikimedia.org/wiki/Policy:Terms_of_Use/pl"">warunkach korzystania</a>.</li>",2025-02-01,2025,2460707.5,722543.5,wikipedia_pl,pl,wydarzen,https://pl.wikipedia.org/wiki/2025,e3b0ee74b39bdead0428a14dff6d0adc
638,"class=""vector-toc-list-item vector-toc-level-1 vector-toc-list-item-expanded"">","class=""vector-toc-list-item vector-toc-level-1 vector-toc-list-item-expanded"">",2025-02-01,2025,2460707.5,722543.5,wikipedia_en,en,events,https://en.wikipedia.org/wiki/2025,b65058124cc89c81189d8ca90ea5f6da
639,"class=""vector-toc-list-item vector-toc-level-2"">","class=""vector-toc-list-item vector-toc-level-2"">",2025-02-01,2025,2460707.5,722543.5,wikipedia_en,en,events,https://en.wikipedia.org/wiki/2025,27b2300062944f680fccea3d8b399146
640,"Millennium</th></tr><tr><td class=""sidebar-content hlist"">","Millennium</th></tr><tr><td class=""sidebar-content hlist"">",2025-02-01,2025,2460707.5,722543.5,wikipedia_en,en,events,https://en.wikipedia.org/wiki/2025,190b5825281dcaa1e1229d8191c43546
641,"Centuries</th></tr><tr><td class=""sidebar-content hlist"">","Centuries</th></tr><tr><td class=""sidebar-content hlist"">",2025-02-01,2025,2460707.5,722543.5,wikipedia_en,en,events,https://en.wikipedia.org/wiki/2025,e8edc91074647868d453030a7c9d2066
642,"Decades</th></tr><tr><td class=""sidebar-content hlist"">","Decades</th></tr><tr><td class=""sidebar-content hlist"">",2025-02-01,2025,2460707.5,722543.5,wikipedia_en,en,events,https://en.wikipedia.org/wiki/2025,054630184a34f53958dceae195257e0c
783,"| <a href=""/wiki/2030er"" title=""2030er"">2030er</a>&#160;| <a href=""/wiki/2040er"" title=""2040er"">2040","| <a href=""/wiki/2030er"" title=""2030er"">2030er</a>&#160;| <a href=""/wiki/2040er"" title=""2040er"">2040er</a><br />",2025-02-01,2025,2460707.5,722543.5,wikipedia_de,de,ereignis,https://de.wikipedia.org/wiki/2025,5f40ce0847525f464d5a70182b846cb8
784,"| <a href=""/wiki/2026"" title=""2026"">2026</a>&#160;| <a href=""/wiki/2027"" title=""2027"">2027</a>&#160;","| <a href=""/wiki/2026"" title=""2026"">2026</a>&#160;| <a href=""/wiki/2027"" title=""2027"">2027</a>&#160;| <a href=""/wiki/2028"" title=""2028"">2028</a>&#160;| <a href=""/wiki/2029"" title=""2029"">2029</a>&#160;| <a href=""/wiki/2030"" title=""2030"">►</a><br />",2025-02-01,2025,2460707.5,722543.5,wikipedia_de,de,ereignis,https://de.wikipedia.org/wiki/2025,8bd5f021ab458718b03ca829b06d5333
888,"class=""vector-toc-list-item vector-toc-level-1 vector-toc-list-item-expanded"">","class=""vector-toc-list-item vector-toc-level-1 vector-toc-list-item-expanded"">",2025-02-01,2025,2460707.5,722543.5,wikipedia_fr,fr,événement,https://fr.wikipedia.org/wiki/2025,270bf88972852e5f8abbb1280feccb69
1012,The Last Meridian Circles of Pulkovo Observatory,"Meridian circles played a fundamental role in astronomy since their invention
in 1704. Then, at the end of the XX century, this function had been taken over
by space astrometry, when the Hipparcos mission demonstrated the advantages of
space astrometry by achieving the milliarcsecond level of accuracy. This
historical sketch describes the development of the last meridian circles at
Pulkovo Observatory (St. Petersburg) in the last quarter of the XX century.",2025-02-05,2025,2460711.5,722547.5,arxiv,en,scientific_paper,http://arxiv.org/abs/2502.03583v1,27cdcf1841f54236b160a439976a0baf
1357,"Earthquake M7.6 - 210 km SSW of George Town, Cayman Islands","Magnitude 7.6 earthquake at 210 km SSW of George Town, Cayman Islands. Depth: Nonekm",2025-02-09,2025,2460715.5,722551.5,usgs_earthquake,en,geological_event,https://earthquake.usgs.gov/earthquakes/eventpage/us7000pcdl,53d3b016837f9801d1d81cc93960b802
1011,"The long-term solar variability, as reconstructed from historical
  sources: Several case studies in the 17th -- 18th centuries","On a centennial timescale, solar activity was quantified based on records of
instrumental sunspot observations. This article briefly discusses several
aspects of the recent archival investigations of historical sunspot records in
the 17th to 18th centuries. This article also reviews the recent updates for
the active day fraction and positions of the reported sunspot groups of the
Maunder Minimum to show their significance within the observational history.
These archival investigations serve as base datasets for reconstructing solar
activity.",2025-02-20,2025,2460726.5,722562.5,arxiv,en,scientific_paper,http://arxiv.org/abs/2502.14665v1,102e853302bba11e6609a71254584601
1356,"Earthquake M6 - 85 km SE of Lata, Solomon Islands","Magnitude 6 earthquake at 85 km SE of Lata, Solomon Islands. Depth: Nonekm",2025-02-23,2025,2460729.5,722565.5,usgs_earthquake,en,geological_event,https://earthquake.usgs.gov/earthquakes/eventpage/us7000pfmk,bed94121f04ac7cdf10a1910e2540dae
1355,"Earthquake M6.1 - 45 km E of Modisi, Indonesia","Magnitude 6.1 earthquake at 45 km E of Modisi, Indonesia. Depth: Nonekm",2025-02-25,2025,2460731.5,722567.5,usgs_earthquake,en,geological_event,https://earthquake.usgs.gov/earthquakes/eventpage/us6000pvgx,e44d367eac76487e5afffb199da2e47e
1010,Einleitung [Introduction],"Hilary Putnam's biography and philosophical development reflect the history
of Anglo-Saxon philosophy over the last 40 years. Putnam has influenced this
history significantly for almost as long. In this introduction, the main aim is
to present the context in which Putnam stands and from which his philosophical
contributions can be understood. In the context of a sketch of Putnam's
philosophical development, a preliminary historical classification of his work
will also be attempted, even if this is not the place for a comprehensive
critique or presentation: The introduction must remain at a fairly elementary
level and of course cannot replace a reading of the texts. Since Putnam's work
is certainly part of a rapprochement between 'analytic' and 'continental'
philosophy, the introduction to the texts translated here should finally make
clear what Putnam has to offer non-analytically oriented readers.
  Hilary Putnams Biographie und philosophische Entwicklung spiegeln die
Geschichte der angels\""achsischen Philosophie in den letzten 40 Jahren. Beinahe
ebenso lange hat Putnam diese Geschichte wesentlich beeinflu{\ss}t. In der
vorliegenden Einleitung soll vor allem der Kontext dargestellt werden, in dem
Putnam steht und aus dem heraus verst\""andlich wird, was er philosophisch zu
sagen hat. Im Rahmen einer Skizze von Putnams philosophischer Entwicklung soll
zudem eine vorl\""aufige philosophiehistorische Einordnung versucht werden, auch
wenn hier nicht der Ort f\""ur eine umfassende Kritik oder Darstellung sein
kann: Die Einleitung mu{\ss} auf recht elementarem Niveau bleiben und kann eine
Lekt\""ure der Texte nat\""urlich nicht ersetzen. Da Putnams Werk sicherlich Teil
einer Ann\""aherung von 'analytischer' und 'kontinentaler' Philosophie ist, soll
bei der Einf\""uhrung in die hier \""ubersetzten Texte schlie{\ss}lich deutlich
werden, was Putnam nicht analytisch orientierten Lesern zu bieten hat.",2025-02-28,2025,2460734.5,722570.5,arxiv,en,scientific_paper,http://arxiv.org/abs/2502.21131v1,80a65679c8d9a22b0df23df33be7cb8d
298,"RLSTATE={""ext.gadget.wikiflex"":""ready"",""ext.gadget.infobox"":""ready"",""ext.gadget.hlist"":""ready"",""ext.","RLSTATE={""ext.gadget.wikiflex"":""ready"",""ext.gadget.infobox"":""ready"",""ext.gadget.hlist"":""ready"",""ext.gadget.darkmode-overrides"":""ready"",""ext.gadget.small-references"":""ready"",""ext.gadget.citation-access-info"":""ready"",""ext.gadget.sprawdz-problemy-szablony"":""ready"",""ext.globalCssJs.user.styles"":""ready"",""site.styles"":""ready"",""user.styles"":""ready"",""ext.globalCssJs.user"":""ready"",""user"":""ready"",""user.options"":""loading"",""ext.cite.styles"":""ready"",""ext.wikimediamessages.styles"":""ready"",""skins.vector.search.codex.styles"":""ready"",""skins.vector.styles"":""ready"",""skins.vector.icons"":""ready"",""jquery.makeCollapsible.styles"":""ready"",""ext.flaggedRevs.basic"":""ready"",""mediawiki.codex.messagebox.styles"":""ready"",""ext.visualEditor.desktopArticleTarget.noscript"":""ready"",""ext.uls.interlanguage"":""ready"",""wikibase.client.init"":""ready""};RLPAGEMODULES=[""ext.xLab"",""ext.cite.ux-enhancements"",""ext.scribunto.logs"",""site"",""mediawiki.page.ready"",""jquery.makeCollapsible"",""mediawiki.toc"",""skins.vector.js"",""ext.centralNotice.geoIP"",""ext.centralNotice.startUp"",""ext.flaggedRevs.advanced"",""ext.gadget.ll-script-loader"",""ext.gadget.veKeepParameters"",""ext.gadget.szablon-galeria"",""ext.gadget.NavFrame"",""ext.gadget.citoid-overrides"",""ext.gadget.maps"",""ext.gadget.padlock-indicators"",""ext.gadget.interwiki-langlist"",""ext.gadget.edit-summaries"",""ext.gadget.edit-first-section"",""ext.gadget.wikibugs"",""ext.gadget.map-toggler"",""ext.gadget.narrowFootnoteColumns"",""ext.gadget.ally-enhance"",""ext.gadget.WDsearch"",""ext.urlShortener.toolbar"",""ext.centralauth.centralautologin"",""mmv.bootstrap"",""ext.popups"",""ext.visualEditor.desktopArticleTarget.init"",""ext.visualEditor.targetLoader"",""ext.echo.centralauth"",""ext.eventLogging"",""ext.wikimediaEvents"",""ext.navigationTiming"",""ext.uls.interface"",""ext.cx.eventlogging.campaigns"",""ext.cx.uls.quick.actions"",""wikibase.client.vector-2022"",""ext.checkUser.clientHints"",""ext.growthExperiments.SuggestedEditSession""];</script>",2025-03-01,2025,2460735.5,722571.5,wikipedia_pl,pl,wydarzen,https://pl.wikipedia.org/wiki/2025,942ec311f9ce4a6af9b3139b0996824f
299,15.19%  104.850      1 Szablon:Szablon_nawigacyjny,15.19%  104.850      1 Szablon:Szablon_nawigacyjny,2025-03-01,2025,2460735.5,722571.5,wikipedia_pl,pl,wydarzen,https://pl.wikipedia.org/wiki/2025,3dc4e80689695ac9cc9cca0ace69a88f
300,9.88%   68.169    108 Szablon:Lang,9.88%   68.169    108 Szablon:Lang,2025-03-01,2025,2460735.5,722571.5,wikipedia_pl,pl,wydarzen,https://pl.wikipedia.org/wiki/2025,80f01eef2270f9bd648b42a0fef7617a
301,8.31%   57.366      1 Szablon:Miesiąc,8.31%   57.366      1 Szablon:Miesiąc,2025-03-01,2025,2460735.5,722571.5,wikipedia_pl,pl,wydarzen,https://pl.wikipedia.org/wiki/2025,6b37e23c9a3fc4976be931d1453635b7
302,7.49%   51.681      1 Szablon:Kalendarz,7.49%   51.681      1 Szablon:Kalendarz,2025-03-01,2025,2460735.5,722571.5,wikipedia_pl,pl,wydarzen,https://pl.wikipedia.org/wiki/2025,aadfbd944e8eb2d172989cc50142ea2c
303,4.23%   29.179      1 Szablon:Link-interwiki,4.23%   29.179      1 Szablon:Link-interwiki,2025-03-01,2025,2460735.5,722571.5,wikipedia_pl,pl,wydarzen,https://pl.wikipedia.org/wiki/2025,82a04bb687f6f3deea0a23e794208f15
304,3.50%   24.160      1 Szablon:Commonscat,3.50%   24.160      1 Szablon:Commonscat,2025-03-01,2025,2460735.5,722571.5,wikipedia_pl,pl,wydarzen,https://pl.wikipedia.org/wiki/2025,9a0442378369ae1614e64a99891bd27a
305,"Zobacz szczegółowe informacje o <a class=""external text"" href=""https://foundation.wikimedia.org/wiki","Zobacz szczegółowe informacje o <a class=""external text"" href=""https://foundation.wikimedia.org/wiki/Policy:Terms_of_Use/pl"">warunkach korzystania</a>.</li>",2025-03-01,2025,2460735.5,722571.5,wikipedia_pl,pl,wydarzen,https://pl.wikipedia.org/wiki/2025,abc564a166a1c51b895128e081160d4c
643,"class=""vector-toc-list-item vector-toc-level-1 vector-toc-list-item-expanded"">","class=""vector-toc-list-item vector-toc-level-1 vector-toc-list-item-expanded"">",2025-03-01,2025,2460735.5,722571.5,wikipedia_en,en,events,https://en.wikipedia.org/wiki/2025,99fc94118aabe5b44b8dd235613bc246
644,"class=""vector-toc-list-item vector-toc-level-2"">","class=""vector-toc-list-item vector-toc-level-2"">",2025-03-01,2025,2460735.5,722571.5,wikipedia_en,en,events,https://en.wikipedia.org/wiki/2025,edc39bb981e3566ca8da7b11082e33e8
645,"Millennium</th></tr><tr><td class=""sidebar-content hlist"">","Millennium</th></tr><tr><td class=""sidebar-content hlist"">",2025-03-01,2025,2460735.5,722571.5,wikipedia_en,en,events,https://en.wikipedia.org/wiki/2025,7290eb145c864899be2ab965f2acaee5
646,"Centuries</th></tr><tr><td class=""sidebar-content hlist"">","Centuries</th></tr><tr><td class=""sidebar-content hlist"">",2025-03-01,2025,2460735.5,722571.5,wikipedia_en,en,events,https://en.wikipedia.org/wiki/2025,1c20ede480b421125e7b842adbeb694a
647,"Decades</th></tr><tr><td class=""sidebar-content hlist"">","Decades</th></tr><tr><td class=""sidebar-content hlist"">",2025-03-01,2025,2460735.5,722571.5,wikipedia_en,en,events,https://en.wikipedia.org/wiki/2025,40507a655017b6025848b070d90faf83
785,"| <a href=""/wiki/2030er"" title=""2030er"">2030er</a>&#160;| <a href=""/wiki/2040er"" title=""2040er"">2040","| <a href=""/wiki/2030er"" title=""2030er"">2030er</a>&#160;| <a href=""/wiki/2040er"" title=""2040er"">2040er</a><br />",2025-03-01,2025,2460735.5,722571.5,wikipedia_de,de,ereignis,https://de.wikipedia.org/wiki/2025,464e713f3871ce8b19b394ea31d304dc
786,"| <a href=""/wiki/2026"" title=""2026"">2026</a>&#160;| <a href=""/wiki/2027"" title=""2027"">2027</a>&#160;","| <a href=""/wiki/2026"" title=""2026"">2026</a>&#160;| <a href=""/wiki/2027"" title=""2027"">2027</a>&#160;| <a href=""/wiki/2028"" title=""2028"">2028</a>&#160;| <a href=""/wiki/2029"" title=""2029"">2029</a>&#160;| <a href=""/wiki/2030"" title=""2030"">►</a><br />",2025-03-01,2025,2460735.5,722571.5,wikipedia_de,de,ereignis,https://de.wikipedia.org/wiki/2025,65909c9ef7c261a9781e34ec83b91724
889,"class=""vector-toc-list-item vector-toc-level-1 vector-toc-list-item-expanded"">","class=""vector-toc-list-item vector-toc-level-1 vector-toc-list-item-expanded"">",2025-03-01,2025,2460735.5,722571.5,wikipedia_fr,fr,événement,https://fr.wikipedia.org/wiki/2025,412ce9cd60eee33404a7c10e50ac0310
1354,"Earthquake M6 - 98 km S of Calama, Chile","Magnitude 6 earthquake at 98 km S of Calama, Chile. Depth: Nonekm",2025-03-06,2025,2460740.5,722576.5,usgs_earthquake,en,geological_event,https://earthquake.usgs.gov/earthquakes/eventpage/us6000px89,aa47f2303bc661f6e7e6d8203b3a6917
1353,"Earthquake M6.5 - 34 km NE of Olonkinbyen, Svalbard and Jan Mayen","Magnitude 6.5 earthquake at 34 km NE of Olonkinbyen, Svalbard and Jan Mayen. Depth: Nonekm",2025-03-10,2025,2460744.5,722580.5,usgs_earthquake,en,geological_event,https://earthquake.usgs.gov/earthquakes/eventpage/us6000pxvx,2d3e37ec3698058f224897aafee38794
1352,"Earthquake M6 - Nicobar Islands, India region","Magnitude 6 earthquake at Nicobar Islands, India region. Depth: Nonekm",2025-03-12,2025,2460746.5,722582.5,usgs_earthquake,en,geological_event,https://earthquake.usgs.gov/earthquakes/eventpage/us6000py97,e016b190d377c2b3a802eb7daa5c8810
1009,"Why the Brain Cannot Be a Digital Computer: History-Dependence and the
  Computational Limits of Consciousness","This paper presents a novel information-theoretic proof demonstrating that
the human brain as currently understood cannot function as a classical digital
computer. Through systematic quantification of distinguishable conscious states
and their historical dependencies, we establish that the minimum information
required to specify a conscious state exceeds the physical information capacity
of the human brain by a significant factor. Our analysis calculates the
bit-length requirements for representing consciously distinguishable sensory
""stimulus frames"" and demonstrates that consciousness exhibits mandatory
temporal-historical dependencies that multiply these requirements beyond the
brain's storage capabilities. This mathematical approach offers new insights
into the fundamental limitations of computational models of consciousness and
suggests that non-classical information processing mechanisms may be necessary
to account for conscious experience.",2025-03-13,2025,2460747.5,722583.5,arxiv,en,scientific_paper,http://arxiv.org/abs/2503.10518v1,4e18f3f2230084d180da01bfe3393d26
1008,Key Historical Experiments in Hadron Physics,"The experimental observations that led to the quark structure of matter and
the development of hadron physics are reviewed with emphasis on the discoveries
of mesons and baryons, starting in the 1940s with the pion and kaon which
mediate the strong hadronic force. The evidence for an internal structure of
the hadrons consisting of two or three elementary spin 1/2 particles is
reviewed. The discoveries of hadrons made of the heavier charm and bottom
quarks are described. In 2003 more complex multi-quark hadrons began to emerge.
The subsequent developments beyond the early 2000s are covered in the Review of
Particle Physics (Phys. Rev. D 110 (2024) 030001). Given the very large number
of observed hadrons, the choice of key experiments is somewhat subjective.",2025-03-15,2025,2460749.5,722585.5,arxiv,en,scientific_paper,http://arxiv.org/abs/2503.14689v1,863f629a2f8ad9523b4c5a85139efc7d
1007,"The Birth of Quantum Mechanics: A Historical Study Through the Canonical
  Papers","This paper explores the historical development of the theory of quantum
mechanics between 1900 and 1927 by chronological examination of the
foundational papers and ideas. Beginning with Planck's introduction of energy
quantisation in blackbody radiation, we follow the emergence of Einstein's
light quanta hypothesis, Bohr's atomic model, and the statistical implications
of indistinguishable particles. Special emphasis is placed on the transition
from the Old Quantum Theory to modern quantum mechanics, particularly through
Heisenberg's matrix mechanics and Schr\""{o}dinger's wave mechanics. This study
aims to provide a structured historical account, offering insights into the
conceptual transformations that led to quantum mechanics while making the
development accessible to physicists, historians of science, and advanced
students interested in the origins of modern quantum theory.",2025-03-17,2025,2460751.5,722587.5,arxiv,en,scientific_paper,http://arxiv.org/abs/2503.13630v4,d23388b39b17292422a9e1e574e8a85a
1006,"The localization problem: an antinomy between measurability and causal
  dynamics","The localization problem in relativistic quantum theory has persisted for
more than seven decades, yet it is largely unknown and continues to perplex
even those well-versed in the subject. At the heart of this problem lies a
fundamental conflict between localizability and relativistic causality, which
can also be construed as part of the broader dichotomy between measurement and
unitary dynamics. This article provides a historical review of the localization
problem in one-particle relativistic quantum mechanics, clarifying some
persistent misconceptions in the literature, and underscoring the antinomy
between causal dynamics and localized observables.",2025-03-19,2025,2460753.5,722589.5,arxiv,en,scientific_paper,http://arxiv.org/abs/2503.15254v1,352997d5988e9947244e34a950214a01
1350,"Earthquake M6.2 - 88 km SSE of Adak, Alaska","Magnitude 6.2 earthquake at 88 km SSE of Adak, Alaska. Depth: Nonekm",2025-03-21,2025,2460755.5,722591.5,usgs_earthquake,en,geological_event,https://earthquake.usgs.gov/earthquakes/eventpage/us7000pllu,9d0a4618e5d781a8ef4e94ffb3493bc4
1351,"Earthquake M6.2 - 124 km SSE of Burica, Panama","Magnitude 6.2 earthquake at 124 km SSE of Burica, Panama. Depth: Nonekm",2025-03-21,2025,2460755.5,722591.5,usgs_earthquake,en,geological_event,https://earthquake.usgs.gov/earthquakes/eventpage/us7000pllt,b10e39754d39fe308cd3029c8c80d4d7
1349,"Earthquake M6.7 - 170 km WSW of Riverton, New Zealand","Magnitude 6.7 earthquake at 170 km WSW of Riverton, New Zealand. Depth: Nonekm",2025-03-25,2025,2460759.5,722595.5,usgs_earthquake,en,geological_event,https://earthquake.usgs.gov/earthquakes/eventpage/us7000pmem,03c8584f2a8ddf6652f0648f36a724a2
1345,Earthquake M6.6 - central Mid-Atlantic Ridge,Magnitude 6.6 earthquake at central Mid-Atlantic Ridge. Depth: Nonekm,2025-03-28,2025,2460762.5,722598.5,usgs_earthquake,en,geological_event,https://earthquake.usgs.gov/earthquakes/eventpage/us7000pnf2,ed71f504fb2c8d41e1b4a028ab1fc005
1346,Earthquake M6.7 - Burma (Myanmar),Magnitude 6.7 earthquake at Burma (Myanmar). Depth: Nonekm,2025-03-28,2025,2460762.5,722598.5,usgs_earthquake,en,geological_event,https://earthquake.usgs.gov/earthquakes/eventpage/us7000pn9z,c8146c406b0d6102c0beef58c18d6d18
1347,"Earthquake M7.7 - 2025 Mandalay, Burma (Myanmar) Earthquake","Magnitude 7.7 earthquake at 2025 Mandalay, Burma (Myanmar) Earthquake. Depth: Nonekm",2025-03-28,2025,2460762.5,722598.5,usgs_earthquake,en,geological_event,https://earthquake.usgs.gov/earthquakes/eventpage/us7000pn9s,87d6333f21e85b88d3586a812bbf608d
1348,Earthquake M6.1 - central Mid-Atlantic Ridge,Magnitude 6.1 earthquake at central Mid-Atlantic Ridge. Depth: Nonekm,2025-03-28,2025,2460762.5,722598.5,usgs_earthquake,en,geological_event,https://earthquake.usgs.gov/earthquakes/eventpage/us7000pn7g,3de7322b4ab6c503d93c5fa85240077c
1343,"Earthquake M6.2 - 72 km SSE of Pangai, Tonga","Magnitude 6.2 earthquake at 72 km SSE of Pangai, Tonga. Depth: Nonekm",2025-03-30,2025,2460764.5,722600.5,usgs_earthquake,en,geological_event,https://earthquake.usgs.gov/earthquakes/eventpage/us7000pnvp,162a7bd6af42fb052d82d69df261c2b5
1344,"Earthquake M7 - 61 km SSE of Pangai, Tonga","Magnitude 7 earthquake at 61 km SSE of Pangai, Tonga. Depth: Nonekm",2025-03-30,2025,2460764.5,722600.5,usgs_earthquake,en,geological_event,https://earthquake.usgs.gov/earthquakes/eventpage/us7000pntq,da75d33528e03b653d7d85b47de2ab86
1085,"Timaeus' Puzzle of the Innumerable Interstices in a Universe Without
  Void","Some of the most challenging problems in Timaeus' cosmology arise from the
geometry of a universe without any void. On the one hand, the universe is
spherical in shape; on the other hand, it must be entirely filled with the four
basic particles that make up all bodies in the universe, each shaped like one
of four regular polyhedra (cubes, tetrahedra, octahedra and icosahedra). The
faces of all these particles are composed of right triangles. However, this
leads to two mathematical impossibilities. 1. Obtaining a spherical surface
from linear surfaces, as it is impossible to create a circle from straight
lines. 2. Obtaining a complete tiling of a sphere using regular polyhedra,
without any voids or intersections between these polyhedra. The first problem
is addressed in another article slated for publication. In the present one, our
focus will be on the second problem, for which we will present a solution
within the framework of Timaeus' cosmology. The crux of this solution lies in a
feature of Timaeus' universe that sets it apart from almost all ancient
cosmologies. Instead of being composed of rigid parts, it is a dynamic living
body in which all basic components are in constant motion, continuously
undergoing both destruction and reconstruction. In the first part, we examine
the main features of Timaeus' cosmology relevant to our issue. In the second
part, we analyze the paradox in details and its consequences for Timaeus'
cosmology. We then discuss the common 'solutions' and highlight their
shortcomings. Finally, we propose a solution that we believe is consistent with
Plato's text and independent of the choice of the major schools of
interpretation of the Timaeus.",2025-03-31,2025,2460765.5,722601.5,arxiv,en,scientific_paper,http://arxiv.org/abs/2504.11462v1,a1c88600c492154c01ed86bb0a54b90e
306,"RLSTATE={""ext.gadget.wikiflex"":""ready"",""ext.gadget.infobox"":""ready"",""ext.gadget.hlist"":""ready"",""ext.","RLSTATE={""ext.gadget.wikiflex"":""ready"",""ext.gadget.infobox"":""ready"",""ext.gadget.hlist"":""ready"",""ext.gadget.darkmode-overrides"":""ready"",""ext.gadget.small-references"":""ready"",""ext.gadget.citation-access-info"":""ready"",""ext.gadget.sprawdz-problemy-szablony"":""ready"",""ext.globalCssJs.user.styles"":""ready"",""site.styles"":""ready"",""user.styles"":""ready"",""ext.globalCssJs.user"":""ready"",""user"":""ready"",""user.options"":""loading"",""ext.cite.styles"":""ready"",""ext.wikimediamessages.styles"":""ready"",""skins.vector.search.codex.styles"":""ready"",""skins.vector.styles"":""ready"",""skins.vector.icons"":""ready"",""jquery.makeCollapsible.styles"":""ready"",""ext.flaggedRevs.basic"":""ready"",""mediawiki.codex.messagebox.styles"":""ready"",""ext.visualEditor.desktopArticleTarget.noscript"":""ready"",""ext.uls.interlanguage"":""ready"",""wikibase.client.init"":""ready""};RLPAGEMODULES=[""ext.xLab"",""ext.cite.ux-enhancements"",""ext.scribunto.logs"",""site"",""mediawiki.page.ready"",""jquery.makeCollapsible"",""mediawiki.toc"",""skins.vector.js"",""ext.centralNotice.geoIP"",""ext.centralNotice.startUp"",""ext.flaggedRevs.advanced"",""ext.gadget.ll-script-loader"",""ext.gadget.veKeepParameters"",""ext.gadget.szablon-galeria"",""ext.gadget.NavFrame"",""ext.gadget.citoid-overrides"",""ext.gadget.maps"",""ext.gadget.padlock-indicators"",""ext.gadget.interwiki-langlist"",""ext.gadget.edit-summaries"",""ext.gadget.edit-first-section"",""ext.gadget.wikibugs"",""ext.gadget.map-toggler"",""ext.gadget.narrowFootnoteColumns"",""ext.gadget.ally-enhance"",""ext.gadget.WDsearch"",""ext.urlShortener.toolbar"",""ext.centralauth.centralautologin"",""mmv.bootstrap"",""ext.popups"",""ext.visualEditor.desktopArticleTarget.init"",""ext.visualEditor.targetLoader"",""ext.echo.centralauth"",""ext.eventLogging"",""ext.wikimediaEvents"",""ext.navigationTiming"",""ext.uls.interface"",""ext.cx.eventlogging.campaigns"",""ext.cx.uls.quick.actions"",""wikibase.client.vector-2022"",""ext.checkUser.clientHints"",""ext.growthExperiments.SuggestedEditSession""];</script>",2025-04-01,2025,2460766.5,722602.5,wikipedia_pl,pl,wydarzen,https://pl.wikipedia.org/wiki/2025,05349332b31de9be093f95282116e298
307,16.02%  103.090      1 Szablon:Szablon_nawigacyjny,16.02%  103.090      1 Szablon:Szablon_nawigacyjny,2025-04-01,2025,2460766.5,722602.5,wikipedia_pl,pl,wydarzen,https://pl.wikipedia.org/wiki/2025,31feb698baeda0130c80eee0c282a5ea
308,10.23%   65.828    106 Szablon:Lang,10.23%   65.828    106 Szablon:Lang,2025-04-01,2025,2460766.5,722602.5,wikipedia_pl,pl,wydarzen,https://pl.wikipedia.org/wiki/2025,e8ff32923f4096054267f68e8f9b97c4
309,7.87%   50.623      1 Szablon:Miesiąc,7.87%   50.623      1 Szablon:Miesiąc,2025-04-01,2025,2460766.5,722602.5,wikipedia_pl,pl,wydarzen,https://pl.wikipedia.org/wiki/2025,d080204149c531efa0d0b09ae30aab7c
310,6.47%   41.610      1 Szablon:Kalendarz,6.47%   41.610      1 Szablon:Kalendarz,2025-04-01,2025,2460766.5,722602.5,wikipedia_pl,pl,wydarzen,https://pl.wikipedia.org/wiki/2025,933c1467986cecbb9ed1f7d9e61ff4df
311,3.39%   21.809      1 Szablon:Commonscat,3.39%   21.809      1 Szablon:Commonscat,2025-04-01,2025,2460766.5,722602.5,wikipedia_pl,pl,wydarzen,https://pl.wikipedia.org/wiki/2025,1c642977eb8f249f7f844dc44cf10312
312,3.09%   19.875      1 Szablon:Projekt_siostrzany,3.09%   19.875      1 Szablon:Projekt_siostrzany,2025-04-01,2025,2460766.5,722602.5,wikipedia_pl,pl,wydarzen,https://pl.wikipedia.org/wiki/2025,ccf271facbd34824fd56c17707e632e7
313,"Zobacz szczegółowe informacje o <a class=""external text"" href=""https://foundation.wikimedia.org/wiki","Zobacz szczegółowe informacje o <a class=""external text"" href=""https://foundation.wikimedia.org/wiki/Policy:Terms_of_Use/pl"">warunkach korzystania</a>.</li>",2025-04-01,2025,2460766.5,722602.5,wikipedia_pl,pl,wydarzen,https://pl.wikipedia.org/wiki/2025,28006a48ffcc989cf63c4426894b1e9c
648,"class=""vector-toc-list-item vector-toc-level-1 vector-toc-list-item-expanded"">","class=""vector-toc-list-item vector-toc-level-1 vector-toc-list-item-expanded"">",2025-04-01,2025,2460766.5,722602.5,wikipedia_en,en,events,https://en.wikipedia.org/wiki/2025,08e06bbd41b16306567c2d0a0db467bf
649,"class=""vector-toc-list-item vector-toc-level-2"">","class=""vector-toc-list-item vector-toc-level-2"">",2025-04-01,2025,2460766.5,722602.5,wikipedia_en,en,events,https://en.wikipedia.org/wiki/2025,e96fe364401df28ebf5550e30336ba54
650,"Millennium</th></tr><tr><td class=""sidebar-content hlist"">","Millennium</th></tr><tr><td class=""sidebar-content hlist"">",2025-04-01,2025,2460766.5,722602.5,wikipedia_en,en,events,https://en.wikipedia.org/wiki/2025,b3bf54eef748a54b874dbceeb5b78035
651,"Centuries</th></tr><tr><td class=""sidebar-content hlist"">","Centuries</th></tr><tr><td class=""sidebar-content hlist"">",2025-04-01,2025,2460766.5,722602.5,wikipedia_en,en,events,https://en.wikipedia.org/wiki/2025,1a65e6e253196c484b8e883f3940a144
652,"Decades</th></tr><tr><td class=""sidebar-content hlist"">","Decades</th></tr><tr><td class=""sidebar-content hlist"">",2025-04-01,2025,2460766.5,722602.5,wikipedia_en,en,events,https://en.wikipedia.org/wiki/2025,e172ca615121887b72f41315d5959ad8
787,"| <a href=""/wiki/2030er"" title=""2030er"">2030er</a>&#160;| <a href=""/wiki/2040er"" title=""2040er"">2040","| <a href=""/wiki/2030er"" title=""2030er"">2030er</a>&#160;| <a href=""/wiki/2040er"" title=""2040er"">2040er</a><br />",2025-04-01,2025,2460766.5,722602.5,wikipedia_de,de,ereignis,https://de.wikipedia.org/wiki/2025,2142b758ae9af0b103fccac4ca1ac90c
788,"| <a href=""/wiki/2026"" title=""2026"">2026</a>&#160;| <a href=""/wiki/2027"" title=""2027"">2027</a>&#160;","| <a href=""/wiki/2026"" title=""2026"">2026</a>&#160;| <a href=""/wiki/2027"" title=""2027"">2027</a>&#160;| <a href=""/wiki/2028"" title=""2028"">2028</a>&#160;| <a href=""/wiki/2029"" title=""2029"">2029</a>&#160;| <a href=""/wiki/2030"" title=""2030"">►</a><br />",2025-04-01,2025,2460766.5,722602.5,wikipedia_de,de,ereignis,https://de.wikipedia.org/wiki/2025,b69b5360aa7c6c34b1820149b480dfcf
890,"class=""vector-toc-list-item vector-toc-level-1 vector-toc-list-item-expanded"">","class=""vector-toc-list-item vector-toc-level-1 vector-toc-list-item-expanded"">",2025-04-01,2025,2460766.5,722602.5,wikipedia_fr,fr,événement,https://fr.wikipedia.org/wiki/2025,18e9bd1dedb394e33e718ae2818d634e
1341,"Earthquake M6.1 - 56 km ENE of Nishinoomote, Japan","Magnitude 6.1 earthquake at 56 km ENE of Nishinoomote, Japan. Depth: Nonekm",2025-04-02,2025,2460767.5,722603.5,usgs_earthquake,en,geological_event,https://earthquake.usgs.gov/earthquakes/eventpage/us7000ppfy,5971963d8800c7429c4ca504daf1df90
1342,Earthquake M6.3 - Pacific-Antarctic Ridge,Magnitude 6.3 earthquake at Pacific-Antarctic Ridge. Depth: Nonekm,2025-04-02,2025,2460767.5,722603.5,usgs_earthquake,en,geological_event,https://earthquake.usgs.gov/earthquakes/eventpage/us7000ppd9,9df5720ac2b89e5d045d705c0dae95d1
1340,Earthquake M6.9 - Reykjanes Ridge,Magnitude 6.9 earthquake at Reykjanes Ridge. Depth: Nonekm,2025-04-03,2025,2460768.5,722604.5,usgs_earthquake,en,geological_event,https://earthquake.usgs.gov/earthquakes/eventpage/us6000q3nw,fa9d5e054137ce39f29c1166d7056076
1339,"Earthquake M6.9 - 184 km ESE of Kimbe, Papua New Guinea","Magnitude 6.9 earthquake at 184 km ESE of Kimbe, Papua New Guinea. Depth: Nonekm",2025-04-04,2025,2460769.5,722605.5,usgs_earthquake,en,geological_event,https://earthquake.usgs.gov/earthquakes/eventpage/us6000q41n,1587896dc49d55136fa817c22403bbd4
1005,Limiting velocity and generalized Lorentz trasformations,"After a short Historical bibliographical note, in the Starting points
attention will be focused on some postulates common to classical mechanics and
special relativity. Starting from these premises, in the sections The deduction
of the form of possible transformations and The Ignatowsky constant it will be
shown that the choice between the Galilean scheme and one of the generalized
Lorentz type is in fact the only possible one. In a generalized Lorentz scheme,
the interactions propagate at a finite velocity VL and the form of the
transformations of the space-time coordinates of the events is analogous to
those of Lorentz; the only difference is that the limiting speed VL plays the
role assumed by the invariance of c, the speed of light in a vacuum, in Lorentz
transformations. The line of development of the arguments does not depend
directly on electromagnetism, in other words we are dealing with a regulating
principle for kinematics and for the set of laws of physics. The assumption
VL=c can be assumed from the experimental datum of the invariance of c, i.e.
from the validity of Maxwell's equations. Galileo transformations are obtained
if and only if the time interval between two events is an invariant for
inertial frames of reference, if this interval is not invariant then the
transformations are of the generalized Lorentz type. In this framework, the
experimental confirmations of the non-invariance of time intervals constitute
an indirect confirmation of the generalized Lorentz transformations and
therefore of the existence of a limiting velocity for the interactions. During
the course of the discussion, a demonstration of the ""Reciprocity Lemma"" will
also be presented, different and simpler than other approaches proposed in the
literature [6,7,8].",2025-04-06,2025,2460771.5,722607.5,arxiv,en,scientific_paper,http://arxiv.org/abs/2504.04617v1,129bcf5176f053ba77976099f6515d72
1004,"Reflective Empiricism: Bias Reflection and Introspection as a Scientific
  Method","This paper introduces Reflective Empiricism, an extension of empirical
science that incorporates subjective perception and consciousness processes as
equally valid sources of knowledge. It views reality as an interplay of
subjective experience and objective laws, comprehensible only through
systematic introspection, bias reflection, and premise-based
logical-explorative modeling. This approach overcomes paradigmatic blindness
arising from unreflected subjective filters in established paradigms, promoting
an adaptable science. Innovations include a method for bias recognition,
premise-based models grounded in observed phenomena to unlock new conceptual
spaces, and Heureka moments - intuitive insights - as starting points for
hypotheses, subsequently tested empirically. The author's self-observation,
such as analyzing belief formation, demonstrates its application and
transformative power. Rooted in philosophical and scientific-historical
references (e.g., Archimedes' intuition, quantum observer effect), Reflective
Empiricism connects physics, psychology, and philosophy, enhancing
interdisciplinary synthesis and accelerating knowledge creation by leveraging
anomalies and subjective depth. It does not seek to replace empirical research
but to enrich it, enabling a more holistic understanding of complex phenomena
like consciousness and advancing 21st-century science.",2025-04-07,2025,2460772.5,722608.5,arxiv,en,scientific_paper,http://arxiv.org/abs/2504.12310v1,f90ef1aa38012888ce959aa32f3e03ba
1003,Strict renormalizability as a paradigm for fundamental physics,"An important theoretical achievement of the last century was the realization
that strict renormalizability can be a powerful criterion to select Lagrangians
in the framework of perturbative quantum field theory. The Standard Model
Lagrangian (without gravity) is strictly renormalizable from a perturbative
point of view. On the other hand, the inclusion of gravity seems not to respect
this criterion, since general relativity is perturbatively non-renormalizable.
The aim of this work is to provide concrete evidence that strict
renormalizability is still a valid criterion even when applied to gravity.
First, we show that adding quadratic curvature terms to the Einstein-Hilbert
action gives rise to a strictly renormalizable theory known as quadratic
gravity. Second, we argue that this unique theory represents the most
conservative approach to quantum gravity and, at the same time, is highly
predictive, as it can explain new physics beyond general relativity already in
the sub-Planckian regime. In particular, it provides one of the best fits to
the CMB anisotropies via Starobinsky inflation and makes sharp cosmological
predictions that can be tested in the near future. Finally, we comment on the
(super-)Planckian regime and conclude with a historical note.",2025-04-08,2025,2460773.5,722609.5,arxiv,en,scientific_paper,http://arxiv.org/abs/2504.05900v2,c8820b0432224c098ee52800a8e35d88
1338,"Earthquake M6.1 - 104 km ESE of Kokopo, Papua New Guinea","Magnitude 6.1 earthquake at 104 km ESE of Kokopo, Papua New Guinea. Depth: Nonekm",2025-04-12,2025,2460777.5,722613.5,usgs_earthquake,en,geological_event,https://earthquake.usgs.gov/earthquakes/eventpage/us6000q5ka,416d1f6ad7294f3cd50a94b8289760f0
1337,Earthquake M6.5 - south of the Fiji Islands,Magnitude 6.5 earthquake at south of the Fiji Islands. Depth: Nonekm,2025-04-13,2025,2460778.5,722614.5,usgs_earthquake,en,geological_event,https://earthquake.usgs.gov/earthquakes/eventpage/us6000q5tp,b81c5dfab67775717865852f4e51d15d
1336,Earthquake M6.6 - southeast Indian Ridge,Magnitude 6.6 earthquake at southeast Indian Ridge. Depth: Nonekm,2025-04-16,2025,2460781.5,722617.5,usgs_earthquake,en,geological_event,https://earthquake.usgs.gov/earthquakes/eventpage/us6000q6cs,92179ce651ed3b6cbedb77f2bb4831be
1002,"Astronomical Refutation of the New Chronology by Fomenko and Nosovsky:
  The 1151-Year Planetary Cycle and Dating of the Almagest via Speed/Error
  Correlation","This paper introduces two astronomical methods developed through
computational simulation to evaluate the historical dating of ancient
astronomical sources. The first identifies a 1151-year planetary cycle based on
the recurrence of visible configurations of Mercury to Saturn, including the
Sun and Moon, from a geocentric perspective. The second, called SESCC
(Speed-Error Signals Cross Correlation), statistically estimates the epoch of
star catalogs by analyzing the correlation between positional error and proper
motion in ecliptic latitude. Both methods are reproducible, data-driven, and
yield results that contradict key tenets of the New Chronology proposed by
Fomenko and Nosovsky, most notably the claim that the Anno Domini began in 1152
CE. Open-source code and analysis tools are provided for independent
verification.",2025-04-17,2025,2460782.5,722618.5,arxiv,en,scientific_paper,http://arxiv.org/abs/2504.12962v1,79a87160a66ee10b853d6294485921d3
1335,"Earthquake M6.2 - 271 km SE of Pondaguitan, Philippines","Magnitude 6.2 earthquake at 271 km SE of Pondaguitan, Philippines. Depth: Nonekm",2025-04-22,2025,2460787.5,722623.5,usgs_earthquake,en,geological_event,https://earthquake.usgs.gov/earthquakes/eventpage/us7000pu62,bdd78387ec44537fdade278bb2f065e6
1334,"Earthquake M6.2 - 24 km SE of Marmara Ereğlisi, Turkey","Magnitude 6.2 earthquake at 24 km SE of Marmara Ereğlisi, Turkey. Depth: Nonekm",2025-04-23,2025,2460788.5,722624.5,usgs_earthquake,en,geological_event,https://earthquake.usgs.gov/earthquakes/eventpage/us7000pufs,d5367e1dcb95cfa18281ce6bce8c0e04
1333,"Earthquake M6.3 - 19 km NE of Esmeraldas, Ecuador","Magnitude 6.3 earthquake at 19 km NE of Esmeraldas, Ecuador. Depth: Nonekm",2025-04-25,2025,2460790.5,722626.5,usgs_earthquake,en,geological_event,https://earthquake.usgs.gov/earthquakes/eventpage/us7000pv06,915c5b0fed6d2b2b396589a912ae253b
1001,"The Radiation Pressure of Light: historical perspectives and the role of
  structured light","Light, or electromagnetic radiation, is well known to possess momentum, and
the exchange of this momentum with a reflecting surface leads to radiation
pressure. More often than not, it is the radiation pressure generated by a
plane wave incident on a flat mirror that is considered. The last few decades
have seen the emergence of structured light beams that may possess a complex
phase and amplitude structure in both their transverse and longitudinal
directions. This paper provides a historical overview of radiation pressure,
tracing its discovery and experimental validation, and examines how
transitioning to structured light from a plane wave can influence it. In
particular, we elucidate the difference in radiation pressure force for
structured light fields and how this differs from that of a plane wave at an
identical frequency. In particular, the well-known Gouy phase is shown to
contribute to a reduction in the radiation pressure force exerted on a flat
mirror in comparison to a plane wave for both HG and LG modes. As an
illustrative example, we compute that the radiation pressure force for LG modes
differs from that of a plane wave by approximately $20$ fN/W for each unit of
orbital angular momentum. A detailed experimental proposal to quantify this
variance in radiation pressure is described, and we demonstrate that this
measurement is within the realm of current metrological techniques.",2025-04-26,2025,2460791.5,722627.5,arxiv,en,scientific_paper,http://arxiv.org/abs/2504.18789v1,3e94cff28f53ed2307e6ca65d6185cd5
1331,Earthquake M6.8 - Macquarie Island region,Magnitude 6.8 earthquake at Macquarie Island region. Depth: Nonekm,2025-04-29,2025,2460794.5,722630.5,usgs_earthquake,en,geological_event,https://earthquake.usgs.gov/earthquakes/eventpage/us7000pvtr,3643efb0cbaa88c780ae8d15408bf373
1332,"Earthquake M6.2 - 285 km SW of Bluff, New Zealand","Magnitude 6.2 earthquake at 285 km SW of Bluff, New Zealand. Depth: Nonekm",2025-04-29,2025,2460794.5,722630.5,usgs_earthquake,en,geological_event,https://earthquake.usgs.gov/earthquakes/eventpage/us7000pvt7,2c405a914ef22883aed7dc86a759a64b
314,"RLSTATE={""ext.gadget.wikiflex"":""ready"",""ext.gadget.infobox"":""ready"",""ext.gadget.hlist"":""ready"",""ext.","RLSTATE={""ext.gadget.wikiflex"":""ready"",""ext.gadget.infobox"":""ready"",""ext.gadget.hlist"":""ready"",""ext.gadget.darkmode-overrides"":""ready"",""ext.gadget.small-references"":""ready"",""ext.gadget.citation-access-info"":""ready"",""ext.gadget.sprawdz-problemy-szablony"":""ready"",""ext.globalCssJs.user.styles"":""ready"",""site.styles"":""ready"",""user.styles"":""ready"",""ext.globalCssJs.user"":""ready"",""user"":""ready"",""user.options"":""loading"",""ext.cite.styles"":""ready"",""ext.wikimediamessages.styles"":""ready"",""skins.vector.search.codex.styles"":""ready"",""skins.vector.styles"":""ready"",""skins.vector.icons"":""ready"",""jquery.makeCollapsible.styles"":""ready"",""ext.flaggedRevs.basic"":""ready"",""mediawiki.codex.messagebox.styles"":""ready"",""ext.visualEditor.desktopArticleTarget.noscript"":""ready"",""ext.uls.interlanguage"":""ready"",""wikibase.client.init"":""ready""};RLPAGEMODULES=[""ext.xLab"",""ext.cite.ux-enhancements"",""ext.scribunto.logs"",""site"",""mediawiki.page.ready"",""jquery.makeCollapsible"",""mediawiki.toc"",""skins.vector.js"",""ext.centralNotice.geoIP"",""ext.centralNotice.startUp"",""ext.flaggedRevs.advanced"",""ext.gadget.ll-script-loader"",""ext.gadget.veKeepParameters"",""ext.gadget.szablon-galeria"",""ext.gadget.NavFrame"",""ext.gadget.citoid-overrides"",""ext.gadget.maps"",""ext.gadget.padlock-indicators"",""ext.gadget.interwiki-langlist"",""ext.gadget.edit-summaries"",""ext.gadget.edit-first-section"",""ext.gadget.wikibugs"",""ext.gadget.map-toggler"",""ext.gadget.narrowFootnoteColumns"",""ext.gadget.ally-enhance"",""ext.gadget.WDsearch"",""ext.urlShortener.toolbar"",""ext.centralauth.centralautologin"",""mmv.bootstrap"",""ext.popups"",""ext.visualEditor.desktopArticleTarget.init"",""ext.visualEditor.targetLoader"",""ext.echo.centralauth"",""ext.eventLogging"",""ext.wikimediaEvents"",""ext.navigationTiming"",""ext.uls.interface"",""ext.cx.eventlogging.campaigns"",""ext.cx.uls.quick.actions"",""wikibase.client.vector-2022"",""ext.checkUser.clientHints"",""ext.growthExperiments.SuggestedEditSession""];</script>",2025-05-01,2025,2460796.5,722632.5,wikipedia_pl,pl,wydarzen,https://pl.wikipedia.org/wiki/2025,74e28a5577d4b0360e4f1e23754b687d
315,19.71%   97.806      1 Szablon:Szablon_nawigacyjny,19.71%   97.806      1 Szablon:Szablon_nawigacyjny,2025-05-01,2025,2460796.5,722632.5,wikipedia_pl,pl,wydarzen,https://pl.wikipedia.org/wiki/2025,553a7e74132138d35a11a83c3aab27b5
316,11.27%   55.943      1 Szablon:Miesiąc,11.27%   55.943      1 Szablon:Miesiąc,2025-05-01,2025,2460796.5,722632.5,wikipedia_pl,pl,wydarzen,https://pl.wikipedia.org/wiki/2025,9ea0e20d20f28411a3b2b10a0225a48e
317,10.03%   49.777      1 Szablon:Kalendarz,10.03%   49.777      1 Szablon:Kalendarz,2025-05-01,2025,2460796.5,722632.5,wikipedia_pl,pl,wydarzen,https://pl.wikipedia.org/wiki/2025,94194630e55bb29ce4a969d2f0aa8d54
318,9.28%   46.068     76 Szablon:Lang,9.28%   46.068     76 Szablon:Lang,2025-05-01,2025,2460796.5,722632.5,wikipedia_pl,pl,wydarzen,https://pl.wikipedia.org/wiki/2025,d0ad06e5a08a17ec4970940ec062a44b
319,4.68%   23.204      1 Szablon:Commonscat,4.68%   23.204      1 Szablon:Commonscat,2025-05-01,2025,2460796.5,722632.5,wikipedia_pl,pl,wydarzen,https://pl.wikipedia.org/wiki/2025,b046884ee309356dc1f2c7ca527180f4
320,4.33%   21.489      1 Szablon:Projekt_siostrzany,4.33%   21.489      1 Szablon:Projekt_siostrzany,2025-05-01,2025,2460796.5,722632.5,wikipedia_pl,pl,wydarzen,https://pl.wikipedia.org/wiki/2025,dfd7306577d34639a51392bcbdcee6c2
321,"Zobacz szczegółowe informacje o <a class=""external text"" href=""https://foundation.wikimedia.org/wiki","Zobacz szczegółowe informacje o <a class=""external text"" href=""https://foundation.wikimedia.org/wiki/Policy:Terms_of_Use/pl"">warunkach korzystania</a>.</li>",2025-05-01,2025,2460796.5,722632.5,wikipedia_pl,pl,wydarzen,https://pl.wikipedia.org/wiki/2025,2bfd08fdb3aeba00f1935958017e0863
653,"class=""vector-toc-list-item vector-toc-level-1 vector-toc-list-item-expanded"">","class=""vector-toc-list-item vector-toc-level-1 vector-toc-list-item-expanded"">",2025-05-01,2025,2460796.5,722632.5,wikipedia_en,en,events,https://en.wikipedia.org/wiki/2025,89791cf872a03ff1bac97c10e8b16958
654,"class=""vector-toc-list-item vector-toc-level-2"">","class=""vector-toc-list-item vector-toc-level-2"">",2025-05-01,2025,2460796.5,722632.5,wikipedia_en,en,events,https://en.wikipedia.org/wiki/2025,1f301d1db95338980cb7385c121644e6
655,"Millennium</th></tr><tr><td class=""sidebar-content hlist"">","Millennium</th></tr><tr><td class=""sidebar-content hlist"">",2025-05-01,2025,2460796.5,722632.5,wikipedia_en,en,events,https://en.wikipedia.org/wiki/2025,b843a60fb4bf85ae3e121b3286a0e0b0
656,"Centuries</th></tr><tr><td class=""sidebar-content hlist"">","Centuries</th></tr><tr><td class=""sidebar-content hlist"">",2025-05-01,2025,2460796.5,722632.5,wikipedia_en,en,events,https://en.wikipedia.org/wiki/2025,ef24236edeaeb5e18a605aae8576824d
657,"Decades</th></tr><tr><td class=""sidebar-content hlist"">","Decades</th></tr><tr><td class=""sidebar-content hlist"">",2025-05-01,2025,2460796.5,722632.5,wikipedia_en,en,events,https://en.wikipedia.org/wiki/2025,0946e925c8d0d461c53266ff16973a63
789,"| <a href=""/wiki/2030er"" title=""2030er"">2030er</a>&#160;| <a href=""/wiki/2040er"" title=""2040er"">2040","| <a href=""/wiki/2030er"" title=""2030er"">2030er</a>&#160;| <a href=""/wiki/2040er"" title=""2040er"">2040er</a><br />",2025-05-01,2025,2460796.5,722632.5,wikipedia_de,de,ereignis,https://de.wikipedia.org/wiki/2025,c1f4b8a32ecd6de164513effc2198c50
790,"| <a href=""/wiki/2026"" title=""2026"">2026</a>&#160;| <a href=""/wiki/2027"" title=""2027"">2027</a>&#160;","| <a href=""/wiki/2026"" title=""2026"">2026</a>&#160;| <a href=""/wiki/2027"" title=""2027"">2027</a>&#160;| <a href=""/wiki/2028"" title=""2028"">2028</a>&#160;| <a href=""/wiki/2029"" title=""2029"">2029</a>&#160;| <a href=""/wiki/2030"" title=""2030"">►</a><br />",2025-05-01,2025,2460796.5,722632.5,wikipedia_de,de,ereignis,https://de.wikipedia.org/wiki/2025,4b37fa190bb3e59fb44f85534146f4c1
891,"class=""vector-toc-list-item vector-toc-level-1 vector-toc-list-item-expanded"">","class=""vector-toc-list-item vector-toc-level-1 vector-toc-list-item-expanded"">",2025-05-01,2025,2460796.5,722632.5,wikipedia_fr,fr,événement,https://fr.wikipedia.org/wiki/2025,cfd9127377695affb97e66f1652afe02
1329,"Earthquake M6.4 - 289 km SSE of Ushuaia, Argentina","Magnitude 6.4 earthquake at 289 km SSE of Ushuaia, Argentina. Depth: Nonekm",2025-05-02,2025,2460797.5,722633.5,usgs_earthquake,en,geological_event,https://earthquake.usgs.gov/earthquakes/eventpage/us7000pwpu,1bfdf0753be32285230fadb0966c33b8
1330,Earthquake M7.4 - 2025 Drake Passage Earthquake,Magnitude 7.4 earthquake at 2025 Drake Passage Earthquake. Depth: Nonekm,2025-05-02,2025,2460797.5,722633.5,usgs_earthquake,en,geological_event,https://earthquake.usgs.gov/earthquakes/eventpage/us7000pwkn,91c36fb8e5d86cf6c7eb4d4c431f2236
1328,Earthquake M6 - southern East Pacific Rise,Magnitude 6 earthquake at southern East Pacific Rise. Depth: Nonekm,2025-05-05,2025,2460800.5,722636.5,usgs_earthquake,en,geological_event,https://earthquake.usgs.gov/earthquakes/eventpage/us7000px6v,2b2241fa193142592fa47b5a8f65f48a
999,"Einstein, Evolution of Knowledge, and the Anthropocene: A Critical
  Reading of Jürgen Renn's Historiography","This article offers a critical engagement with J\""urgen Renn's
historiographical approach, with particular focus on ""The Evolution of
Knowledge"" and ""The Einsteinian Revolution"" (co-authored with Hanoch
Gutfreund). It explores how Renn reinterprets Albert Einstein's contributions
to modern physics, especially special and general relativity, not primarily as
the product of individual insight, but as emergent from broader epistemic
structures and long-term knowledge systems. The discussion centers on key
concepts such as ""challenging objects,"" ""epistemic matrices,"" ""mental models,""
and ""borderline problems,"" and situates Renn's framework within broader debates
involving Thomas Kuhn, Ludwik Fleck, and Mara Beller. While recognizing the
historiographical strengths of Renn's structuralist approach, the article
raises questions about its implications for understanding individual agency,
conceptual creativity, and the philosophical dimensions of scientific change.
The paper contends that a balanced account of scientific innovation must
preserve both the historical embeddedness of knowledge and the originality of
conceptual breakthroughs.",2025-05-06,2025,2460801.5,722637.5,arxiv,en,scientific_paper,http://arxiv.org/abs/2505.03450v1,202598f7ce208e7793ece0046e6e9323
1000,Uma breve história do spin,"A brief analysis is made of some historical points involved in the
consolidation of the theoretical concept of \textit{spin}, originally
introduced to explain the structure of atomic spectra in the absence and
presence of electromagnetic fields, in 1925, by Dutch physicists Samuel Abraham
Goudsmit and George Eugene Uhlenbeck. Its relevance in the context of the
quantum description of matter is reiterated.",2025-05-06,2025,2460801.5,722637.5,arxiv,en,scientific_paper,http://arxiv.org/abs/2505.03092v1,2bc23a0c90c83e0bc354e22e25d579ae
998,"Às vezes, solucionar uma crise depende de ampliá-la: a
  contribuição de Louis de Broglie à Física Quântica","Faz-se uma breve reconstru\c{c}\~ao hist\'orica de alguns pontos que, de
algum modo, contribu\'iram para o trabalho seminal de Louis de Broglie. Em
particular, enfatiza-se a relev\^ancia de sua tese de doutorado, principalmente
por seu valor epistemol\'ogico, ao ampliar a crise que havia sido introduzida
na descri\c{c}\~ao da radia\c{c}\~ao pelo \textit{quantum} de Planck, abrindo
caminho para sua solu\c{c}\~ao.
  A brief historical reconstruction of some points that, in some way,
contributed to Louis de Broglie's seminal work is made. In particular, the
relevance of his doctoral thesis is emphasized, mainly for its epistemological
value, in expanding the crisis that had been introduced in the description of
radiation by Planck's quantum, paving the way for its solution.",2025-05-09,2025,2460804.5,722640.5,arxiv,en,scientific_paper,http://arxiv.org/abs/2505.06421v1,87f576c31f141e6f7c9a530f8af89f57
997,"On the orientation of historic Christian churches of Fuerteventura:
  conciliating tradition, winds and topography","We present the results of an analysis of the precise spatial orientation of
colonial Christian churches located in the Canary Island of Fuerteventura
(Spain). Our sample consists of 48 churches, most built during the period
between the Castilian conquest led by the Norman Jean de B\'ethencourt in the
15th century and the end of the 19th century. We examine whether the standard
tradition was followed regarding the orientation of the apses of historic
churches eastwards. While most of the religious constructions in the sample
have their main axes oriented within the solar range, the statistical analysis
also reveals the presence of two different groups of churches with different
possible interpretations. For the first group, mainly composed of churches
located in the central part of the island, an anomalous tendency to orientate
them towards a declination of c. -14 degrees is detected. We provide some
possible explanations for this, which include the date of a traditional
Canarian celebration, an eventual imprint of topography, and the possibility of
sunset orientations. Also, this particular value of declination is close to
-16.3 degrees, the declination of Sirius during the 17th century. Therefore, we
provide ethnographic data that might support an eventually controversial
'bright star' orientation. For the second group, meanwhile, we find a pattern
of orientation where the apse of the churches points slightly to the north of
due east. We propose this might signal constructions that were oriented to the
rising Sun on dates close to Easter, one of the most important festivities of
Christianity.",2025-05-11,2025,2460806.5,722642.5,arxiv,en,scientific_paper,http://arxiv.org/abs/2505.18161v1,44722c3fa7ec456bceb7056812140984
1084,"Temporal Interception and Present Reconstruction: A Cognitive-Signal
  Model for Human and AI Decision Making","This paper proposes a novel theoretical model to explain how the human mind
and artificial intelligence can approach real-time awareness by reducing
perceptual delays. By investigating cosmic signal delay, neurological reaction
times, and the ancient cognitive state of stillness, we explore how one may
shift from reactive perception to a conscious interface with the near future.
This paper introduces both a physical and cognitive model for perceiving the
present not as a linear timestamp, but as an interference zone where
early-arriving cosmic signals and reactive human delays intersect. We propose
experimental approaches to test these ideas using human neural observation and
neuro-receptive extensions. Finally, we propose a mathematical framework to
guide the evolution of AI systems toward temporally efficient, ethically sound,
and internally conscious decision-making processes",2025-05-11,2025,2460806.5,722642.5,arxiv,en,scientific_paper,http://arxiv.org/abs/2505.09646v1,95dc00117e006180a349e39d207edd84
996,"300th anniversary of the birth of Father Eliseo della Concezione: the
  scientific contribution in the Royal Academy of Studies of Palermo","2025 marks the 300th birthday of Father Eliseo della Concezione, professor of
Experimental Physics at the Royal Academy of Studies of Palermo. To celebrate
this anniversary, the Physics and Chemistry Library of the University Library
System and the Department of Physics and Chemistry - Emilio Segre' have
organized several cultural activities. In the article, after a brief
biographical description of Father Eliseo della Concezione, we will present the
activities carried out and discuss the historical and educational aspects of
Father Eliseo's work carried out during his stay at the Royal Academy of
Palermo at the end of 18th century.",2025-05-14,2025,2460809.5,722645.5,arxiv,en,scientific_paper,http://arxiv.org/abs/2505.09192v1,6517c5c30fcca6991f5489435ebc2d98
1326,"Earthquake M6.4 - 142 km W of Neiafu, Tonga","Magnitude 6.4 earthquake at 142 km W of Neiafu, Tonga. Depth: Nonekm",2025-05-14,2025,2460809.5,722645.5,usgs_earthquake,en,geological_event,https://earthquake.usgs.gov/earthquakes/eventpage/us7000pz41,9436c7e2e0cdb65b7d47e49a82ff5fe5
1327,"Earthquake M6 - 20 km SSE of Fry, Greece","Magnitude 6 earthquake at 20 km SSE of Fry, Greece. Depth: Nonekm",2025-05-14,2025,2460809.5,722645.5,usgs_earthquake,en,geological_event,https://earthquake.usgs.gov/earthquakes/eventpage/us7000pz2p,59e17147d2d94d5c93b75a191ac40763
1325,"Earthquake M6.5 - 89 km ENE of Angoram, Papua New Guinea","Magnitude 6.5 earthquake at 89 km ENE of Angoram, Papua New Guinea. Depth: Nonekm",2025-05-20,2025,2460815.5,722651.5,usgs_earthquake,en,geological_event,https://earthquake.usgs.gov/earthquakes/eventpage/us7000q0bm,a27c4b5fe2dc661bb18edf5d7b929390
995,Quantum Field Theory Between Rigor and Pragmatism,"Quantum Field Theory (QFT), the foundational framework of particle physics,
has long existed in a state of tension between empirical success and
mathematical rigor. Conventional QFT (CQFT), which underpins the Standard
Model, offers unparalleled predictive accuracy but relies on inconsistent and
ad hoc methods. In contrast, axiomatic QFT (AxQFT) aspires to a consistent,
mathematically rigorous foundation, yet lacks empirical applicability. This
paper introduces the heuristic vehicle of a realism quotient to model and
navigate this tension, framing it as a dynamic balance between realism and
instrumentalism in the mathematical structures of physical theories. By
reconstructing the historical development of QFT and extrapolating its
trajectory, the paper offers both a descriptive account of theoretical progress
and a normative proposal: that CQFT and AxQFT must converge to address selected
challenges of physics beyond the Standard Model. The model also contributes to
broader debates in scientific realism, offering a structured framework for
understanding the interplay between empirical adequacy and conceptual
robustness and mathematical rigour in foundational physics.",2025-05-21,2025,2460816.5,722652.5,arxiv,en,scientific_paper,http://arxiv.org/abs/2505.15577v1,3fa8509e9f8abca57f94d5e5fc30fad4
1324,"Earthquake M6.2 - 66 km SE of Emporeío, Greece","Magnitude 6.2 earthquake at 66 km SE of Emporeío, Greece. Depth: Nonekm",2025-05-22,2025,2460817.5,722653.5,usgs_earthquake,en,geological_event,https://earthquake.usgs.gov/earthquakes/eventpage/us7000q0pq,f7cef2bc6e1f5733f89b50443152669d
1064,Legacy of Avicenna in Astronomy,"The paper reassesses the largely neglected contribution of Avicenna (Ibn
Sina, 980-1037) to medieval Tajik-Persian astronomy. Drawing on published
primary and secondary sources, it reconstructs the main directions of his
scientific activity - the construction of an observatory at Isfahan, the design
of a high-precision angular instrument that anticipates the modern vernier
principle, the formulation of an original method for determining terrestrial
longitude from lunar culmination, a systematic refutation of predictive
astrology, an optical explanation for the daytime invisibility of the fixed
stars, and the earliest extant descriptions of both the transit of Venus on 24
May 1032 and the supernova SN 1006. These achievements not only anticipated
comparable European advances by several centuries but also shaped subsequent
developments within the Islamic and Latin astronomical traditions. The paper
further notes Avicenna's modern scientific commemoration in the naming of
asteroid (2755) Avicenna and the lunar crater Avicenna.",2025-05-23,2025,2460818.5,722654.5,arxiv,en,scientific_paper,http://arxiv.org/abs/2505.18219v1,a4ab2fa33b2ff47423bb6cb56da98978
1323,Earthquake M6.1 - west of Macquarie Island,Magnitude 6.1 earthquake at west of Macquarie Island. Depth: Nonekm,2025-05-23,2025,2460818.5,722654.5,usgs_earthquake,en,geological_event,https://earthquake.usgs.gov/earthquakes/eventpage/us7000q14k,e3459396ecba5609c7636802e2b1d7cf
1322,"Earthquake M6 - 187 km SSW of ‘Ohonua, Tonga","Magnitude 6 earthquake at 187 km SSW of ‘Ohonua, Tonga. Depth: Nonekm",2025-05-25,2025,2460820.5,722656.5,usgs_earthquake,en,geological_event,https://earthquake.usgs.gov/earthquakes/eventpage/us7000q1e7,080f7c82a8e28a1f7e3eb4cf5db12c9d
994,"How One Quiet Man Became Everyone's Sage: The Spiritual Recasting of
  Einstein","This paper critically examines the central thesis of Kieran Fox's ""I Am a
Part of Infinity: The Spiritual Journey of Albert Einstein""-namely, that
Einstein's intellectual development constitutes a coherent spiritual path
culminating in a form of pantheistic mysticism shaped by both Western and
Eastern traditions. Fox presents Einstein as the modern heir to a
long-suppressed lineage of rational spirituality, extending from Pythagoras and
Spinoza to Vedanta and Buddhism, unified by wonder, reverence for nature, and a
vision of cosmic unity. While Fox's account is imaginatively rich and
philosophically syncretic, it risks conflating distinct conceptual registers --
scientific, metaphysical, and spiritual -- thereby oversimplifying Einstein's
intellectual complexity. Drawing on Einstein's scientific writings and personal
reflections, this study reconstructs a historically grounded portrait of his
thought, emphasizing its tensions, ambiguities, and resistance to spiritual
closure. The paper argues that, though rhetorically compelling, Fox's
interpretation substitutes a harmonizing spiritual mythology for the conceptual
rigor and epistemic humility that defined Einstein's actual worldview.",2025-05-26,2025,2460821.5,722657.5,arxiv,en,scientific_paper,http://arxiv.org/abs/2505.19695v1,fe1151b145bb10fb991373d9ef1bedde
1321,Earthquake M6.2 - southwest of Africa,Magnitude 6.2 earthquake at southwest of Africa. Depth: Nonekm,2025-05-30,2025,2460825.5,722661.5,usgs_earthquake,en,geological_event,https://earthquake.usgs.gov/earthquakes/eventpage/us6000qgts,ee9bfc412814f03a69af22d33bddae96
993,Old Quantum Mechanics by Bohr and Sommerfeld from a Modern Perspective,"We review Bohr's atomic model and its extension by Sommerfeld from a
mathematical perspective of wave mechanics. The derivation of quantization
rules and energy levels is revisited using semiclassical methods.
Sommerfeld-type integrals are evaluated by elementary techniques, and
connections with the Schr\""{o}dinger and Dirac equations are established.
Historical developments and key transitions from classical to quantum theory
are discussed to clarify the structure and significance of the old quantum
mechanics.",2025-05-31,2025,2460826.5,722662.5,arxiv,en,scientific_paper,http://arxiv.org/abs/2506.00408v6,2030406800eef0b38cfc3efe7671aa2a
1318,Earthquake M6 - Kermadec Islands region,Magnitude 6 earthquake at Kermadec Islands region. Depth: Nonekm,2025-05-31,2025,2460826.5,722662.5,usgs_earthquake,en,geological_event,https://earthquake.usgs.gov/earthquakes/eventpage/us6000qh59,7adebec0fd75771f45e951207bac107b
1319,Earthquake M6.1 - Kermadec Islands region,Magnitude 6.1 earthquake at Kermadec Islands region. Depth: Nonekm,2025-05-31,2025,2460826.5,722662.5,usgs_earthquake,en,geological_event,https://earthquake.usgs.gov/earthquakes/eventpage/us6000qh35,5f063b3edef3e0e84d87a99dd605c258
1320,"Earthquake M6 - 78 km S of Kushiro, Japan","Magnitude 6 earthquake at 78 km S of Kushiro, Japan. Depth: Nonekm",2025-05-31,2025,2460826.5,722662.5,usgs_earthquake,en,geological_event,https://earthquake.usgs.gov/earthquakes/eventpage/us6000qh1r,87e9a641da4e3cfbddc17d0d217fea75
322,"RLSTATE={""ext.gadget.wikiflex"":""ready"",""ext.gadget.infobox"":""ready"",""ext.gadget.hlist"":""ready"",""ext.","RLSTATE={""ext.gadget.wikiflex"":""ready"",""ext.gadget.infobox"":""ready"",""ext.gadget.hlist"":""ready"",""ext.gadget.darkmode-overrides"":""ready"",""ext.gadget.small-references"":""ready"",""ext.gadget.citation-access-info"":""ready"",""ext.gadget.sprawdz-problemy-szablony"":""ready"",""ext.globalCssJs.user.styles"":""ready"",""site.styles"":""ready"",""user.styles"":""ready"",""ext.globalCssJs.user"":""ready"",""user"":""ready"",""user.options"":""loading"",""ext.cite.styles"":""ready"",""ext.wikimediamessages.styles"":""ready"",""skins.vector.search.codex.styles"":""ready"",""skins.vector.styles"":""ready"",""skins.vector.icons"":""ready"",""jquery.makeCollapsible.styles"":""ready"",""ext.flaggedRevs.basic"":""ready"",""mediawiki.codex.messagebox.styles"":""ready"",""ext.visualEditor.desktopArticleTarget.noscript"":""ready"",""ext.uls.interlanguage"":""ready"",""wikibase.client.init"":""ready""};RLPAGEMODULES=[""ext.xLab"",""ext.cite.ux-enhancements"",""ext.scribunto.logs"",""site"",""mediawiki.page.ready"",""jquery.makeCollapsible"",""mediawiki.toc"",""skins.vector.js"",""ext.centralNotice.geoIP"",""ext.centralNotice.startUp"",""ext.flaggedRevs.advanced"",""ext.gadget.ll-script-loader"",""ext.gadget.veKeepParameters"",""ext.gadget.szablon-galeria"",""ext.gadget.NavFrame"",""ext.gadget.citoid-overrides"",""ext.gadget.maps"",""ext.gadget.padlock-indicators"",""ext.gadget.interwiki-langlist"",""ext.gadget.edit-summaries"",""ext.gadget.edit-first-section"",""ext.gadget.wikibugs"",""ext.gadget.map-toggler"",""ext.gadget.narrowFootnoteColumns"",""ext.gadget.ally-enhance"",""ext.gadget.WDsearch"",""ext.urlShortener.toolbar"",""ext.centralauth.centralautologin"",""mmv.bootstrap"",""ext.popups"",""ext.visualEditor.desktopArticleTarget.init"",""ext.visualEditor.targetLoader"",""ext.echo.centralauth"",""ext.eventLogging"",""ext.wikimediaEvents"",""ext.navigationTiming"",""ext.uls.interface"",""ext.cx.eventlogging.campaigns"",""ext.cx.uls.quick.actions"",""wikibase.client.vector-2022"",""ext.checkUser.clientHints"",""ext.growthExperiments.SuggestedEditSession""];</script>",2025-06-01,2025,2460827.5,722663.5,wikipedia_pl,pl,wydarzen,https://pl.wikipedia.org/wiki/2025,1521a16c1158012b9dfd9d4203e8aeed
323,12.49%  115.663      1 Szablon:Szablon_nawigacyjny,12.49%  115.663      1 Szablon:Szablon_nawigacyjny,2025-06-01,2025,2460827.5,722663.5,wikipedia_pl,pl,wydarzen,https://pl.wikipedia.org/wiki/2025,5cb1b89b580b237a6ec9dac4930adcde
324,10.27%   95.122    152 Szablon:Lang,10.27%   95.122    152 Szablon:Lang,2025-06-01,2025,2460827.5,722663.5,wikipedia_pl,pl,wydarzen,https://pl.wikipedia.org/wiki/2025,19c4aa41c2a09edeb90230479d804a20
325,6.18%   57.216      1 Szablon:Miesiąc,6.18%   57.216      1 Szablon:Miesiąc,2025-06-01,2025,2460827.5,722663.5,wikipedia_pl,pl,wydarzen,https://pl.wikipedia.org/wiki/2025,0fdb655c1ed3c2d506435d95101cdeef
326,5.57%   51.559      1 Szablon:Kalendarz,5.57%   51.559      1 Szablon:Kalendarz,2025-06-01,2025,2460827.5,722663.5,wikipedia_pl,pl,wydarzen,https://pl.wikipedia.org/wiki/2025,e556f9ed8088f8d4a0e9b91ac291d091
327,3.30%   30.597      1 Szablon:Commonscat,3.30%   30.597      1 Szablon:Commonscat,2025-06-01,2025,2460827.5,722663.5,wikipedia_pl,pl,wydarzen,https://pl.wikipedia.org/wiki/2025,041c0b40ecabed999df332dfb8ad6efe
328,3.11%   28.844      1 Szablon:Projekt_siostrzany,3.11%   28.844      1 Szablon:Projekt_siostrzany,2025-06-01,2025,2460827.5,722663.5,wikipedia_pl,pl,wydarzen,https://pl.wikipedia.org/wiki/2025,b843a586aef0176da90ef4a245887964
329,"Zobacz szczegółowe informacje o <a class=""external text"" href=""https://foundation.wikimedia.org/wiki","Zobacz szczegółowe informacje o <a class=""external text"" href=""https://foundation.wikimedia.org/wiki/Policy:Terms_of_Use/pl"">warunkach korzystania</a>.</li>",2025-06-01,2025,2460827.5,722663.5,wikipedia_pl,pl,wydarzen,https://pl.wikipedia.org/wiki/2025,a0cdafb6a5d6342a9089e06efe395a72
658,"class=""vector-toc-list-item vector-toc-level-1 vector-toc-list-item-expanded"">","class=""vector-toc-list-item vector-toc-level-1 vector-toc-list-item-expanded"">",2025-06-01,2025,2460827.5,722663.5,wikipedia_en,en,events,https://en.wikipedia.org/wiki/2025,253a792574b31193bbc5cafb89369614
659,"class=""vector-toc-list-item vector-toc-level-2"">","class=""vector-toc-list-item vector-toc-level-2"">",2025-06-01,2025,2460827.5,722663.5,wikipedia_en,en,events,https://en.wikipedia.org/wiki/2025,805e4b3809d92f1292ab37bb905ae98e
660,"Millennium</th></tr><tr><td class=""sidebar-content hlist"">","Millennium</th></tr><tr><td class=""sidebar-content hlist"">",2025-06-01,2025,2460827.5,722663.5,wikipedia_en,en,events,https://en.wikipedia.org/wiki/2025,0864bebe265901e691bbaefdd414c0a4
661,"Centuries</th></tr><tr><td class=""sidebar-content hlist"">","Centuries</th></tr><tr><td class=""sidebar-content hlist"">",2025-06-01,2025,2460827.5,722663.5,wikipedia_en,en,events,https://en.wikipedia.org/wiki/2025,1672c68b73daabd1d8be9f1cc91439bc
662,"Decades</th></tr><tr><td class=""sidebar-content hlist"">","Decades</th></tr><tr><td class=""sidebar-content hlist"">",2025-06-01,2025,2460827.5,722663.5,wikipedia_en,en,events,https://en.wikipedia.org/wiki/2025,e4f350e7616b8ccbc60535d2b29333d4
791,"| <a href=""/wiki/2030er"" title=""2030er"">2030er</a>&#160;| <a href=""/wiki/2040er"" title=""2040er"">2040","| <a href=""/wiki/2030er"" title=""2030er"">2030er</a>&#160;| <a href=""/wiki/2040er"" title=""2040er"">2040er</a><br />",2025-06-01,2025,2460827.5,722663.5,wikipedia_de,de,ereignis,https://de.wikipedia.org/wiki/2025,69a35d0389bd17350da4e66eddabef03
792,"| <a href=""/wiki/2026"" title=""2026"">2026</a>&#160;| <a href=""/wiki/2027"" title=""2027"">2027</a>&#160;","| <a href=""/wiki/2026"" title=""2026"">2026</a>&#160;| <a href=""/wiki/2027"" title=""2027"">2027</a>&#160;| <a href=""/wiki/2028"" title=""2028"">2028</a>&#160;| <a href=""/wiki/2029"" title=""2029"">2029</a>&#160;| <a href=""/wiki/2030"" title=""2030"">►</a><br />",2025-06-01,2025,2460827.5,722663.5,wikipedia_de,de,ereignis,https://de.wikipedia.org/wiki/2025,1aaef472bd400c1f045e0ae78769dc49
892,"class=""vector-toc-list-item vector-toc-level-1 vector-toc-list-item-expanded"">","class=""vector-toc-list-item vector-toc-level-1 vector-toc-list-item-expanded"">",2025-06-01,2025,2460827.5,722663.5,wikipedia_fr,fr,événement,https://fr.wikipedia.org/wiki/2025,81af411a77a5aec8c31ec9f550c4b36a
1317,Earthquake M6.2 - Kermadec Islands region,Magnitude 6.2 earthquake at Kermadec Islands region. Depth: Nonekm,2025-06-01,2025,2460827.5,722663.5,usgs_earthquake,en,geological_event,https://earthquake.usgs.gov/earthquakes/eventpage/us6000qh5j,e82c170331a66daacc254b0d3bd44078
992,From Bjorken Scaling to Scaling Violations,"This paper traces the historical and conceptual journey from Bjorken scaling
to the discovery of scaling violations in deep inelastic scattering,
culminating in the development of Quantum Chromodynamics (QCD). Beginning with
the challenges faced by early strong interaction theories in the 1950s, we
explore the emergence of agnostic approaches such as the bootstrap philosophy
and current algebra, which sought to describe hadronic phenomena without
relying on specific field theories. The pivotal role of experimental results
from SLAC in the late 1960s is highlighted, leading to Bjorken's proposal of
scaling in deep inelastic scattering and Feynman's parton model. We then delve
into the theoretical breakthroughs of the 1970s, including Wilson's operator
product expansion and the renormalization group, which provided the framework
for understanding scaling violations. The discovery of asymptotic freedom in
non-Abelian gauge theories by Gross, Wilczek, and Politzer marked a turning
point, establishing QCD as the theory of strong interactions. Finally, we
discuss the formulation of the Altarelli-Parisi equations, which elegantly
describe the evolution of parton distribution functions and scaling violations,
and their profound impact on the study of hard processes in particle physics.
This paper not only recounts the key developments but also reflects on the
interplay between theory and experiment that drove the field forward.",2025-06-03,2025,2460829.5,722665.5,arxiv,en,scientific_paper,http://arxiv.org/abs/2506.03383v1,5f0073d1e02886b0bf263bd5edb2c953
1316,"Earthquake M6.4 - 45 km SW of Diego de Almagro, Chile","Magnitude 6.4 earthquake at 45 km SW of Diego de Almagro, Chile. Depth: Nonekm",2025-06-06,2025,2460832.5,722668.5,usgs_earthquake,en,geological_event,https://earthquake.usgs.gov/earthquakes/eventpage/us6000qigd,d5ee5106efb8b3a7b52a46538b087d75
991,"An elementary method to determine the critical mass of a sphere of
  fissile material based on a separation of neutron transport and nuclear
  reaction processes","A simplified method to calculate the critical mass of a fissile material
sphere is presented. This is a purely pedagogical study, in part to elucidate
the historical evolution of criticality calculations. This method employs only
elementary calculus and straightforward statistical arguments by formulating
the problem in terms of the threshold condition that the number of neutrons in
the sphere does not change with time; the average neutron path length in the
material must be long enough to produce enough fission neutrons to balance
losses by absorption due to nuclear reactions and leakage through the surface.
This separates the nuclear reaction part of the problem from the geometry and
mechanics of neutron transport, the only connection being the total path length
which together with the distance between scatterings determines the sphere
radius. This leads to an expression for the critical radius without the need to
solve the diffusion equation. Comparison with known critical masses shows
agreement at the few-percent level. The analysis can also be applied to impure
materials, isotopically or otherwise, and can be extended to general neutronics
estimations as a design guide or for order-of-magnitude checking of Monte Carlo
N-Particle (MCNP) simulations. A comparison is made with the Oppenheimer-Bethe
criticality formula, with the results of other calculations, and with the
diffusion equation approach via a new treatment of the boundary conditions.",2025-06-07,2025,2460833.5,722669.5,arxiv,en,scientific_paper,http://arxiv.org/abs/2506.06927v1,b42b86475236f5c84e6386e935530a0d
1314,"Earthquake M6.3 - 15 km NE of Paratebueno, Colombia","Magnitude 6.3 earthquake at 15 km NE of Paratebueno, Colombia. Depth: Nonekm",2025-06-08,2025,2460834.5,722670.5,usgs_earthquake,en,geological_event,https://earthquake.usgs.gov/earthquakes/eventpage/us6000qixr,fc49d323987c39ac6c7f62ca367a2de3
1315,Earthquake M6.2 - western Indian-Antarctic Ridge,Magnitude 6.2 earthquake at western Indian-Antarctic Ridge. Depth: Nonekm,2025-06-08,2025,2460834.5,722670.5,usgs_earthquake,en,geological_event,https://earthquake.usgs.gov/earthquakes/eventpage/us6000qisj,f66d6cd640eb963a43e3e922a67f4127
1313,Earthquake M6 - Kuril Islands,Magnitude 6 earthquake at Kuril Islands. Depth: Nonekm,2025-06-13,2025,2460839.5,722675.5,usgs_earthquake,en,geological_event,https://earthquake.usgs.gov/earthquakes/eventpage/us6000qk4v,81c81ebd91285235d497c7f8ae5d2f11
990,"An Annotated Translation of D. Bernoulli's ""A New Theory on the Motion
  of Waters Through Channels of Any Kind""","This paper presents an annotated English translation of Daniel Bernoulli's
1727 work A New Theory on the Motion of Waters through Channels of Any Kind,
originally published in the Commentarii Academiae Scientiarum Imperialis
Petropolitanae. Written over a decade before his renowned Hydrodynamica (1738),
this early treatise reveals D. Bernoulli's foundational approach to fluid
motion based on the conservation of vis viva-the kinetic energy of moving
bodies-at a time when the principle was still under active debate. In this
work, D. Bernoulli applies mechanical reasoning to fluids flowing through
channels of arbitrary shape, deriving relationships between velocity,
cross-sectional area, and efflux under ideal conditions. He anticipates core
results of Hydrodynamica, including the inverse relationship between flow
velocity and cross-sectional area, and emphasizes the role of energy balance in
analyzing steady flow. The text also includes reflections on experimental
limitations, the influence of friction, and the boundaries of theoretical
applicability. This translation highlights the historical and conceptual
significance of the 1727 paper as a precursor to D. Bernoulli's mature
hydrodynamic theory.",2025-06-17,2025,2460843.5,722679.5,arxiv,en,scientific_paper,http://arxiv.org/abs/2506.14905v1,5c1e48138aa137b792d62a142fdea468
1312,"Earthquake M6 - 82 km SE of Nemuro, Japan","Magnitude 6 earthquake at 82 km SE of Nemuro, Japan. Depth: Nonekm",2025-06-21,2025,2460847.5,722683.5,usgs_earthquake,en,geological_event,https://earthquake.usgs.gov/earthquakes/eventpage/us6000qlnz,8f8e6d227058d537322aaa962dad63f5
1311,Earthquake M6.2 - east of the Philippine Islands,Magnitude 6.2 earthquake at east of the Philippine Islands. Depth: Nonekm,2025-06-24,2025,2460850.5,722686.5,usgs_earthquake,en,geological_event,https://earthquake.usgs.gov/earthquakes/eventpage/us7000q8bd,81699a188b7d74e59fcd5438825b842d
1310,Earthquake M6.2 - southern Mid-Atlantic Ridge,Magnitude 6.2 earthquake at southern Mid-Atlantic Ridge. Depth: Nonekm,2025-06-26,2025,2460852.5,722688.5,usgs_earthquake,en,geological_event,https://earthquake.usgs.gov/earthquakes/eventpage/us7000q8tw,32fc36b96d1d173fa6a054a6d3f63fa1
1308,Earthquake M6.6 - Scotia Sea,Magnitude 6.6 earthquake at Scotia Sea. Depth: Nonekm,2025-06-28,2025,2460854.5,722690.5,usgs_earthquake,en,geological_event,https://earthquake.usgs.gov/earthquakes/eventpage/us7000q9b5,070366317a03efdb4c5e870a7b578226
1309,"Earthquake M6 - 65 km E of Sarangani, Philippines","Magnitude 6 earthquake at 65 km E of Sarangani, Philippines. Depth: Nonekm",2025-06-28,2025,2460854.5,722690.5,usgs_earthquake,en,geological_event,https://earthquake.usgs.gov/earthquakes/eventpage/us7000q97d,97910bdc4ec1a4a007f9681953e6afcb
330,"RLSTATE={""ext.gadget.wikiflex"":""ready"",""ext.gadget.infobox"":""ready"",""ext.gadget.hlist"":""ready"",""ext.","RLSTATE={""ext.gadget.wikiflex"":""ready"",""ext.gadget.infobox"":""ready"",""ext.gadget.hlist"":""ready"",""ext.gadget.darkmode-overrides"":""ready"",""ext.gadget.small-references"":""ready"",""ext.gadget.citation-access-info"":""ready"",""ext.gadget.sprawdz-problemy-szablony"":""ready"",""ext.globalCssJs.user.styles"":""ready"",""site.styles"":""ready"",""user.styles"":""ready"",""ext.globalCssJs.user"":""ready"",""user"":""ready"",""user.options"":""loading"",""ext.cite.styles"":""ready"",""ext.wikimediamessages.styles"":""ready"",""skins.vector.search.codex.styles"":""ready"",""skins.vector.styles"":""ready"",""skins.vector.icons"":""ready"",""jquery.makeCollapsible.styles"":""ready"",""ext.flaggedRevs.basic"":""ready"",""mediawiki.codex.messagebox.styles"":""ready"",""ext.visualEditor.desktopArticleTarget.noscript"":""ready"",""ext.uls.interlanguage"":""ready"",""wikibase.client.init"":""ready""};RLPAGEMODULES=[""ext.xLab"",""ext.cite.ux-enhancements"",""ext.scribunto.logs"",""site"",""mediawiki.page.ready"",""jquery.makeCollapsible"",""mediawiki.toc"",""skins.vector.js"",""ext.centralNotice.geoIP"",""ext.centralNotice.startUp"",""ext.flaggedRevs.advanced"",""ext.gadget.ll-script-loader"",""ext.gadget.veKeepParameters"",""ext.gadget.szablon-galeria"",""ext.gadget.NavFrame"",""ext.gadget.citoid-overrides"",""ext.gadget.maps"",""ext.gadget.padlock-indicators"",""ext.gadget.interwiki-langlist"",""ext.gadget.edit-summaries"",""ext.gadget.edit-first-section"",""ext.gadget.wikibugs"",""ext.gadget.map-toggler"",""ext.gadget.narrowFootnoteColumns"",""ext.gadget.ally-enhance"",""ext.gadget.WDsearch"",""ext.urlShortener.toolbar"",""ext.centralauth.centralautologin"",""mmv.bootstrap"",""ext.popups"",""ext.visualEditor.desktopArticleTarget.init"",""ext.visualEditor.targetLoader"",""ext.echo.centralauth"",""ext.eventLogging"",""ext.wikimediaEvents"",""ext.navigationTiming"",""ext.uls.interface"",""ext.cx.eventlogging.campaigns"",""ext.cx.uls.quick.actions"",""wikibase.client.vector-2022"",""ext.checkUser.clientHints"",""ext.growthExperiments.SuggestedEditSession""];</script>",2025-07-01,2025,2460857.5,722693.5,wikipedia_pl,pl,wydarzen,https://pl.wikipedia.org/wiki/2025,ac86c22f0a888df48f9ccb2ecc45ecbc
331,12.67%   99.768      1 Szablon:Szablon_nawigacyjny,12.67%   99.768      1 Szablon:Szablon_nawigacyjny,2025-07-01,2025,2460857.5,722693.5,wikipedia_pl,pl,wydarzen,https://pl.wikipedia.org/wiki/2025,1c652dc0b28a0b98a4020f6ed8c2a823
332,10.37%   81.679    156 Szablon:Lang,10.37%   81.679    156 Szablon:Lang,2025-07-01,2025,2460857.5,722693.5,wikipedia_pl,pl,wydarzen,https://pl.wikipedia.org/wiki/2025,24a3725e1693803668dd1c4c1438e14e
333,6.26%   49.330      1 Szablon:Miesiąc,6.26%   49.330      1 Szablon:Miesiąc,2025-07-01,2025,2460857.5,722693.5,wikipedia_pl,pl,wydarzen,https://pl.wikipedia.org/wiki/2025,a9aeb3903ac0410689e2da630c68a877
334,5.58%   43.961      1 Szablon:Kalendarz,5.58%   43.961      1 Szablon:Kalendarz,2025-07-01,2025,2460857.5,722693.5,wikipedia_pl,pl,wydarzen,https://pl.wikipedia.org/wiki/2025,473373c19abc1a0330b3c5790ba623c5
335,2.88%   22.668      1 Szablon:Commonscat,2.88%   22.668      1 Szablon:Commonscat,2025-07-01,2025,2460857.5,722693.5,wikipedia_pl,pl,wydarzen,https://pl.wikipedia.org/wiki/2025,66d38cfca02669fb33025d8ef9c42f22
336,2.63%   20.704      1 Szablon:Projekt_siostrzany,2.63%   20.704      1 Szablon:Projekt_siostrzany,2025-07-01,2025,2460857.5,722693.5,wikipedia_pl,pl,wydarzen,https://pl.wikipedia.org/wiki/2025,d9f3f7b9f2c9e0a5f6fcec4f13f2bff0
337,"Zobacz szczegółowe informacje o <a class=""external text"" href=""https://foundation.wikimedia.org/wiki","Zobacz szczegółowe informacje o <a class=""external text"" href=""https://foundation.wikimedia.org/wiki/Policy:Terms_of_Use/pl"">warunkach korzystania</a>.</li>",2025-07-01,2025,2460857.5,722693.5,wikipedia_pl,pl,wydarzen,https://pl.wikipedia.org/wiki/2025,ac1cfc24be5f948af797968b7b4d7225
663,"class=""vector-toc-list-item vector-toc-level-1 vector-toc-list-item-expanded"">","class=""vector-toc-list-item vector-toc-level-1 vector-toc-list-item-expanded"">",2025-07-01,2025,2460857.5,722693.5,wikipedia_en,en,events,https://en.wikipedia.org/wiki/2025,f95e486862995cc6a54e335933a5c70c
664,"class=""vector-toc-list-item vector-toc-level-2"">","class=""vector-toc-list-item vector-toc-level-2"">",2025-07-01,2025,2460857.5,722693.5,wikipedia_en,en,events,https://en.wikipedia.org/wiki/2025,f62ad3fc6b14d6963e2bd0a6d5fd1ced
665,"Millennium</th></tr><tr><td class=""sidebar-content hlist"">","Millennium</th></tr><tr><td class=""sidebar-content hlist"">",2025-07-01,2025,2460857.5,722693.5,wikipedia_en,en,events,https://en.wikipedia.org/wiki/2025,c64f4d573e6452d59ee479968d0204cc
666,"Centuries</th></tr><tr><td class=""sidebar-content hlist"">","Centuries</th></tr><tr><td class=""sidebar-content hlist"">",2025-07-01,2025,2460857.5,722693.5,wikipedia_en,en,events,https://en.wikipedia.org/wiki/2025,27e607420725c5cf41795f95f24c375e
667,"Decades</th></tr><tr><td class=""sidebar-content hlist"">","Decades</th></tr><tr><td class=""sidebar-content hlist"">",2025-07-01,2025,2460857.5,722693.5,wikipedia_en,en,events,https://en.wikipedia.org/wiki/2025,e3069929e0129008576308bfc4da6502
793,"| <a href=""/wiki/2030er"" title=""2030er"">2030er</a>&#160;| <a href=""/wiki/2040er"" title=""2040er"">2040","| <a href=""/wiki/2030er"" title=""2030er"">2030er</a>&#160;| <a href=""/wiki/2040er"" title=""2040er"">2040er</a><br />",2025-07-01,2025,2460857.5,722693.5,wikipedia_de,de,ereignis,https://de.wikipedia.org/wiki/2025,baba2ea094666c564d7f9c55e4061dee
794,"| <a href=""/wiki/2026"" title=""2026"">2026</a>&#160;| <a href=""/wiki/2027"" title=""2027"">2027</a>&#160;","| <a href=""/wiki/2026"" title=""2026"">2026</a>&#160;| <a href=""/wiki/2027"" title=""2027"">2027</a>&#160;| <a href=""/wiki/2028"" title=""2028"">2028</a>&#160;| <a href=""/wiki/2029"" title=""2029"">2029</a>&#160;| <a href=""/wiki/2030"" title=""2030"">►</a><br />",2025-07-01,2025,2460857.5,722693.5,wikipedia_de,de,ereignis,https://de.wikipedia.org/wiki/2025,18338d6f608f21a3d7876c7de5b2c469
893,"class=""vector-toc-list-item vector-toc-level-1 vector-toc-list-item-expanded"">","class=""vector-toc-list-item vector-toc-level-1 vector-toc-list-item-expanded"">",2025-07-01,2025,2460857.5,722693.5,wikipedia_fr,fr,événement,https://fr.wikipedia.org/wiki/2025,9d7c75a0008f43c36b929eccc65e9a4e
989,The Creation of Particles in an Expanding Universe,"This document is the Ph.D. thesis of Leonard Parker, submitted to Harvard
University in 1966. Over the decades, several generations of physicists have
been introduced to the concept of particle creation by gravitational fields, a
phenomenon that has become a cornerstone in exploring the interplay between
gravitation and quantum theory. Yet, the foundational breakthrough that led to
the prediction and understanding of this phenomenon remains unfamiliar to many.
In the interest of historical accuracy and in recognition of a seminal
contribution to physics, the thesis has been retyped and made it freely
available as an open-access (arXiv) document. The reissued thesis is
accompanied by a Foreword that places the work in its proper historical
context.
  As the team responsible for this new edition, we (Antonio Ferreiro, Jos\'e
Navarro-Salas, and Silvia Pla) hope that future generations will continue to
draw inspiration from this pioneering text.",2025-07-07,2025,2460863.5,722699.5,arxiv,en,scientific_paper,http://arxiv.org/abs/2507.05372v1,e21e03fc0615d88968d7d17441f4a302
1307,"Earthquake M6.2 - 213 km WSW of Riverton, New Zealand","Magnitude 6.2 earthquake at 213 km WSW of Riverton, New Zealand. Depth: Nonekm",2025-07-07,2025,2460863.5,722699.5,usgs_earthquake,en,geological_event,https://earthquake.usgs.gov/earthquakes/eventpage/us7000qb4s,814339a8432d494856cd036b20d446a3
988,Relativistic quantum mechanics and quantum field theory,"Relativistic quantum mechanics can be considered to have begun with a search
for wave equations corresponding to each intrinsic spin. However, relativistic
quantum physics differs fundamentally from the non-relativistic wave mechanics.
It requires a formalism allowing \ creation and destruction of particles. This
gets proper treatment only in a framework called quantum field theory. This
article is a semi-historic account of the intriguing new features which emerge
as a part of quantum field theory. Such a discussion is impossible without a
basic presentation of the formalism itself. Hence some mathematics is included
in finer print. The article is directed mostly to those familiar with essential
classical mechanics and basic quantum mechanics, though I strive to provide a
flavour of the subject to the keenly interested non-physics reader.",2025-07-10,2025,2460866.5,722702.5,arxiv,en,scientific_paper,http://arxiv.org/abs/2507.10440v1,db4224e2462035bb5b2a8b78fd632d1e
1305,Earthquake M6.2 - None,Magnitude 6.2 earthquake at None. Depth: Nonekm,2025-07-14,2025,2460870.5,722706.5,usgs_earthquake,en,geological_event,https://earthquake.usgs.gov/earthquakes/eventpage/us7000qclp,1ce22b15f97f9a2f8e2804e79002f6e2
1306,Earthquake M6.7 - None,Magnitude 6.7 earthquake at None. Depth: Nonekm,2025-07-14,2025,2460870.5,722706.5,usgs_earthquake,en,geological_event,https://earthquake.usgs.gov/earthquakes/eventpage/us7000qcik,bf0e6045230e8557b3f97fa0b8696008
1304,"Earthquake M7.3 - 2025 Sand Point, Alaska Earthquake","Magnitude 7.3 earthquake at 2025 Sand Point, Alaska Earthquake. Depth: Nonekm",2025-07-16,2025,2460872.5,722708.5,usgs_earthquake,en,geological_event,https://earthquake.usgs.gov/earthquakes/eventpage/us7000qd1y,351192b71761b6a3214a909af5ace605
987,Historical origins of quantum entanglement in particle physics,"In this paper, the historical origins of quantum entanglement in particle
physics are systematically and thoroughly investigated. 1957, Bohm and Aharonov
noted that the Einstein-Podolsky-Rosen correlation had been experimentally
realised in the 1949 experiment of Chien-Shiung Wu and Shaknov. This was the
first time in history that spatially separated quantum entanglement was
explicitly realised in a controlled experiment. Wheeler first proposed such an
experiment as a test of quantum electrodynamics, but his calculation was in
error; the correct theoretical calculations came from Ward and Price, as well
as from Snyder, Pasternack and Hornbostel, and the result was in accordance
with Yang's 1949 selection rule. After the publication of Bell's inequality in
1964, it was considered whether it could be tested by using the Wu-Shaknov
experiment. This gave an impetus to the field, and a new experiment was done by
Wu's group, though it was not successful as a test of Bell inequality
violation. In 1957, Tsung-Dao Lee, Reinhard Oehme and Chen Ning Yang
established the quantum mechanical description of the kaons and found that the
neutral kaon is a two-state system. In 1958, based on an approach similar to
Yang's 1949 selection rule, Goldhaber, Lee and Yang were the first to write
down the entangled states of kaon pairs, in which a single kaon can be charged
or neutral. This gave, for the first time, quantum entanglement of internal
degrees of freedom of high-energy particles other than photons. In 1960, as
unpublished work, Lee and Yang discussed the consequences of quantum
entanglement of neutral kaon pairs. We also describe several physicists in the
past, especially Ward. A Chinese version of this paper was published in early
2023.",2025-07-18,2025,2460874.5,722710.5,arxiv,en,scientific_paper,http://arxiv.org/abs/2507.13582v1,a57f429494533fc075808b0ce3da1450
1300,"Earthquake M6.5 - 143 km E of Petropavlovsk-Kamchatsky, Russia","Magnitude 6.5 earthquake at 143 km E of Petropavlovsk-Kamchatsky, Russia. Depth: Nonekm",2025-07-20,2025,2460876.5,722712.5,usgs_earthquake,en,geological_event,https://earthquake.usgs.gov/earthquakes/eventpage/us7000qdz2,0183bcce0405af7b0bfbd0e37288ef94
1301,"Earthquake M6.6 - 153 km ESE of Petropavlovsk-Kamchatsky, Russia","Magnitude 6.6 earthquake at 153 km ESE of Petropavlovsk-Kamchatsky, Russia. Depth: Nonekm",2025-07-20,2025,2460876.5,722712.5,usgs_earthquake,en,geological_event,https://earthquake.usgs.gov/earthquakes/eventpage/us7000qdyw,844955fc43b7f26aba962e45554c5d35
1302,"Earthquake M7.4 - 2025 Eastern Kamchatka, Russia Earthquake","Magnitude 7.4 earthquake at 2025 Eastern Kamchatka, Russia Earthquake. Depth: Nonekm",2025-07-20,2025,2460876.5,722712.5,usgs_earthquake,en,geological_event,https://earthquake.usgs.gov/earthquakes/eventpage/us7000qdyl,3283eac37a0dac6aec8a8202abf73fe2
1303,"Earthquake M6.6 - 134 km E of Petropavlovsk-Kamchatsky, Russia","Magnitude 6.6 earthquake at 134 km E of Petropavlovsk-Kamchatsky, Russia. Depth: Nonekm",2025-07-20,2025,2460876.5,722712.5,usgs_earthquake,en,geological_event,https://earthquake.usgs.gov/earthquakes/eventpage/us7000qdye,189dfad5503f226b1c83e185b376956a
1299,"Earthquake M6.2 - 91 km SSE of Sand Point, Alaska","Magnitude 6.2 earthquake at 91 km SSE of Sand Point, Alaska. Depth: Nonekm",2025-07-21,2025,2460877.5,722713.5,usgs_earthquake,en,geological_event,https://earthquake.usgs.gov/earthquakes/eventpage/us7000qe51,f4225a5ba1ff0690166ec9a91268c6f4
1298,"Earthquake M6 - 154 km ESE of Petropavlovsk-Kamchatsky, Russia","Magnitude 6 earthquake at 154 km ESE of Petropavlovsk-Kamchatsky, Russia. Depth: Nonekm",2025-07-22,2025,2460878.5,722714.5,usgs_earthquake,en,geological_event,https://earthquake.usgs.gov/earthquakes/eventpage/us6000qu2r,793e43d7cafc4b12c461227b077ddc87
1297,"Earthquake M6.3 - 109 km W of Gorontalo, Indonesia","Magnitude 6.3 earthquake at 109 km W of Gorontalo, Indonesia. Depth: Nonekm",2025-07-23,2025,2460879.5,722715.5,usgs_earthquake,en,geological_event,https://earthquake.usgs.gov/earthquakes/eventpage/us6000qugg,5230b6f5d603db02413313c32cde1de7
1294,Earthquake M6.2 - west of Macquarie Island,Magnitude 6.2 earthquake at west of Macquarie Island. Depth: Nonekm,2025-07-25,2025,2460881.5,722717.5,usgs_earthquake,en,geological_event,https://earthquake.usgs.gov/earthquakes/eventpage/us6000qv1b,d930c6147bada16acd3c85cf88198ff4
1295,"Earthquake M6.6 - 187 km SSE of Mata-Utu, Wallis and Futuna","Magnitude 6.6 earthquake at 187 km SSE of Mata-Utu, Wallis and Futuna. Depth: Nonekm",2025-07-25,2025,2460881.5,722717.5,usgs_earthquake,en,geological_event,https://earthquake.usgs.gov/earthquakes/eventpage/us6000quy1,708ca82a0367992786b397befaf0c2c2
1296,"Earthquake M6 - 163 km E of Petropavlovsk-Kamchatsky, Russia","Magnitude 6 earthquake at 163 km E of Petropavlovsk-Kamchatsky, Russia. Depth: Nonekm",2025-07-25,2025,2460881.5,722717.5,usgs_earthquake,en,geological_event,https://earthquake.usgs.gov/earthquakes/eventpage/us6000quxn,8f0ea388b6f9d3794303eef2b6bd79b5
1293,Earthquake M6.2 - Macquarie Island region,Magnitude 6.2 earthquake at Macquarie Island region. Depth: Nonekm,2025-07-26,2025,2460882.5,722718.5,usgs_earthquake,en,geological_event,https://earthquake.usgs.gov/earthquakes/eventpage/us6000qvbw,e87e0eca68194825903c05787a94c4be
986,Quantum Systems as Indivisible Stochastic Processes,"According to the stochastic-quantum correspondence, a quantum system can be
understood as a stochastic process unfolding in an old-fashioned configuration
space based on ordinary notions of probability and `indivisible' stochastic
laws, which are a non-Markovian generalization of the laws that describe a
textbook stochastic process. The Hilbert spaces of quantum theory and their
ingredients, including wave functions, can then be relegated to secondary roles
as convenient mathematical appurtenances. In addition to providing an arguably
more transparent way to understand and modify quantum theory, this
indivisible-stochastic formulation may lead to new possible applications of the
theory. This paper initiates a deeper investigation into the conceptual
foundations and structure of the stochastic-quantum correspondence, with a
particular focus on novel forms of gauge invariance, dynamical symmetries, and
Hilbert-space dilations.",2025-07-27,2025,2460883.5,722719.5,arxiv,en,scientific_paper,http://arxiv.org/abs/2507.21192v1,ccf62de1b6fe7c0eb4f3c242a96e8e10
1292,"Earthquake M6.4 - 264 km WNW of Sabang, Indonesia","Magnitude 6.4 earthquake at 264 km WNW of Sabang, Indonesia. Depth: Nonekm",2025-07-28,2025,2460884.5,722720.5,usgs_earthquake,en,geological_event,https://earthquake.usgs.gov/earthquakes/eventpage/us6000qvpp,7b3f1a7dbbcd3f140d1c65203eb28399
983,Towards a Large Physics Benchmark,"We introduce a benchmark framework developed by and for the scientific
community to evaluate, monitor and steer large language model development in
fundamental physics. Building on philosophical concepts of scientific
understanding and creativity, we develop a scoring system in which each
question is scored by an expert for its correctness, difficulty, and surprise.
The questions are of three forms: (i) multiple-choice questions for conceptual
understanding, (ii) analytical problems requiring mathematical derivation, and
(iii) openended tasks requiring complex problem solving. Our current dataset
contains diverse set of examples, including a machine learning challenge to
classify high-energy physics events, such as the four top quark signal. To
ensure continued relevance, we propose a living benchmark, where physicists
contribute questions, for instance alongside new publications. We invite
contributions via: http://www.physicsbenchmarks.org/. We hope that this
benchmark will enable a targeted AI development that can make a meaningful
contribution to fundamental physics research.",2025-07-29,2025,2460885.5,722721.5,arxiv,en,scientific_paper,http://arxiv.org/abs/2507.21695v1,ccd807603b08964e4c281d484f28f95e
984,Consequences of Undecidability in Physics on the Theory of Everything,"General relativity treats spacetime as dynamical and exhibits its breakdown
at singularities. This failure is interpreted as evidence that quantum gravity
is not a theory formulated within spacetime; instead, it must explain the very
emergence of spacetime from deeper quantum degrees of freedom, thereby
resolving singularities. Quantum gravity is therefore envisaged as an axiomatic
structure, and algorithmic calculations acting on these axioms are expected to
generate spacetime. However, G\""odel's incompleteness theorems, Tarski's
undefinability theorem, and Chaitin's information-theoretic incompleteness
establish intrinsic limits on any such algorithmic programme. Together, these
results imply that a wholly algorithmic ""Theory of Everything"" is impossible:
certain facets of reality will remain computationally undecidable and can be
accessed only through non-algorithmic understanding. We formalize this by
constructing a ""Meta-Theory of Everything"" grounded in non-algorithmic
understanding, showing how it can account for undecidable phenomena and
demonstrating that the breakdown of computational descriptions of nature does
not entail a breakdown of science. Because any putative simulation of the
universe would itself be algorithmic, this framework also implies that the
universe cannot be a simulation.",2025-07-29,2025,2460885.5,722721.5,arxiv,en,scientific_paper,http://arxiv.org/abs/2507.22950v1,ec451f66c8e6b0a31be4d065e6df4785
985,"Antirealism in sheep's clothing: Wave function realism and scientific
  realism","Scientific realism is the philosophical stance that science tracks truth, in
particular in its depiction of the world's ontology. Ontologically, this
involves a commitment to the existence of entities posited by our best
scientific theories; metaontologically, it includes the claim that the
theoretical framework itself is true. In this article, we examine wave function
realism as a case study within this broader methodological debate. Wave
function realism holds that the wave function, as described by quantum
mechanics, corresponds to a real physical entity. We focus on a recent
formulation of this view that commits to the ontology of the wave function
while deliberately avoiding the metaontological question of the framework's
truth. Instead, the view is defended on pragmatic, non-truth-conductive
grounds. This, we argue, raises tensions for the purported realism of wave
function realism and its compatibility with scientific realism more broadly.",2025-07-29,2025,2460885.5,722721.5,arxiv,en,scientific_paper,http://arxiv.org/abs/2507.21615v1,64b532977ceedfde63531f4f1449c564
1290,Earthquake M6.6 - south of the Fiji Islands,Magnitude 6.6 earthquake at south of the Fiji Islands. Depth: Nonekm,2025-07-29,2025,2460885.5,722721.5,usgs_earthquake,en,geological_event,https://earthquake.usgs.gov/earthquakes/eventpage/us6000qw1a,163f495e540ce683513f2bcb844569f9
1291,Earthquake M7 - Macquarie Island region,Magnitude 7 earthquake at Macquarie Island region. Depth: Nonekm,2025-07-29,2025,2460885.5,722721.5,usgs_earthquake,en,geological_event,https://earthquake.usgs.gov/earthquakes/eventpage/us6000qvsf,ca833c96feb9e67fd7e765849af3971f
981,"The Prediction and Interpretation of Singularities and Black Holes: From
  Einstein and Schwarzschild to Penrose and Wheeler","The Schwarzschild solution was the first exact solution to Einstein's 1915
field equations, found by Karl Schwarzschild as early as 1916. And yet,
physicists, mathematicians and philosophers have struggled for decades with the
interpretation of the Schwarzschild solution and the two singularities
appearing in it when it is written in polar coordinates. This article
distinguishes between eight different ways in which the two singularities have
been interpreted between 1916 and the late 1960s, when Penrose's first
singularity theorem shed new and lasting light on the interpretation of the
Schwarzschild solution.",2025-07-30,2025,2460886.5,722722.5,arxiv,en,scientific_paper,http://arxiv.org/abs/2508.00034v1,fbdb27e7e3c1e2882192868b0b0a65ec
982,A quantum experiment with joint exogeneity violation,"In randomized experiments, the assumption of potential outcomes is usually
accompanied by the \emph{joint exogeneity} assumption. Although joint
exogeneity has faced criticism as a counterfactual assumption since its
proposal, no evidence has yet demonstrated its violation in randomized
experiments. In this paper, we reveal such a violation in a quantum experiment,
thereby falsifying this assumption, at least in regimes where classical physics
cannot provide a complete description. We further discuss its implications for
potential outcome modelling, from both practial and philosophical perspectives.",2025-07-30,2025,2460886.5,722722.5,arxiv,en,scientific_paper,http://arxiv.org/abs/2507.22747v1,c73c098cb17f82322b8caff9707f413c
1281,"Earthquake M6 - 138 km SE of Severo-Kuril’sk, Russia","Magnitude 6 earthquake at 138 km SE of Severo-Kuril’sk, Russia. Depth: Nonekm",2025-07-30,2025,2460886.5,722722.5,usgs_earthquake,en,geological_event,https://earthquake.usgs.gov/earthquakes/eventpage/us6000qwk1,3744d59f19444f3a27c50bdedbd92ba1
1282,"Earthquake M6.1 - 183 km SE of Vilyuchinsk, Russia","Magnitude 6.1 earthquake at 183 km SE of Vilyuchinsk, Russia. Depth: Nonekm",2025-07-30,2025,2460886.5,722722.5,usgs_earthquake,en,geological_event,https://earthquake.usgs.gov/earthquakes/eventpage/us6000qwfe,ba632137eb91b3ca8ec1cbaf5b05c661
1283,"Earthquake M6.2 - 126 km SE of Vilyuchinsk, Russia","Magnitude 6.2 earthquake at 126 km SE of Vilyuchinsk, Russia. Depth: Nonekm",2025-07-30,2025,2460886.5,722722.5,usgs_earthquake,en,geological_event,https://earthquake.usgs.gov/earthquakes/eventpage/us6000qw6s,aa0e7e1402f54b28c0c81e0cf4051914
1284,"Earthquake M6.9 - 125 km SE of Petropavlovsk-Kamchatsky, Russia","Magnitude 6.9 earthquake at 125 km SE of Petropavlovsk-Kamchatsky, Russia. Depth: Nonekm",2025-07-30,2025,2460886.5,722722.5,usgs_earthquake,en,geological_event,https://earthquake.usgs.gov/earthquakes/eventpage/us6000qw6q,fd65f0ffa614a9852d91b1d8ac7cc55c
1285,"Earthquake M6 - 165 km SSE of Vilyuchinsk, Russia","Magnitude 6 earthquake at 165 km SSE of Vilyuchinsk, Russia. Depth: Nonekm",2025-07-30,2025,2460886.5,722722.5,usgs_earthquake,en,geological_event,https://earthquake.usgs.gov/earthquakes/eventpage/us6000qwhj,61bd3fe560e8b7e380b73b39b8a241d6
1286,"Earthquake M6 - 124 km ENE of Ozernovskiy, Russia","Magnitude 6 earthquake at 124 km ENE of Ozernovskiy, Russia. Depth: Nonekm",2025-07-30,2025,2460886.5,722722.5,usgs_earthquake,en,geological_event,https://earthquake.usgs.gov/earthquakes/eventpage/us6000r0qc,fd65976a074bed78a109428e438f4088
1287,"Earthquake M6.1 - 78 km SE of Petropavlovsk-Kamchatsky, Russia","Magnitude 6.1 earthquake at 78 km SE of Petropavlovsk-Kamchatsky, Russia. Depth: Nonekm",2025-07-30,2025,2460886.5,722722.5,usgs_earthquake,en,geological_event,https://earthquake.usgs.gov/earthquakes/eventpage/us6000r0xw,2b1bb5c67b3703908f8e1c70b9c5704f
1288,"Earthquake M6.3 - 94 km SE of Petropavlovsk-Kamchatsky, Russia","Magnitude 6.3 earthquake at 94 km SE of Petropavlovsk-Kamchatsky, Russia. Depth: Nonekm",2025-07-30,2025,2460886.5,722722.5,usgs_earthquake,en,geological_event,https://earthquake.usgs.gov/earthquakes/eventpage/us6000r0y5,566b854cba23d761e35a3f4f38f4d722
1289,"Earthquake M8.8 - 2025 Kamchatka Peninsula, Russia Earthquake","Magnitude 8.8 earthquake at 2025 Kamchatka Peninsula, Russia Earthquake. Depth: Nonekm",2025-07-30,2025,2460886.5,722722.5,usgs_earthquake,en,geological_event,https://earthquake.usgs.gov/earthquakes/eventpage/us6000qw60,5c2a607e43ca6ed76c26910f6e30af3e
979,"Pascual Jordan's ""Erweiterte Gravitationstheorie"" - A Historical
  Analysis of its Mathematical Framework","This paper aims to highlight Pascual Jordan's axiomatic definition of the
covariant derivative, as set out in his 1952 textbook ""Schwerkraft und
Weltall"". Developed in light of his \emph{Erweiterte Gravitationstheorie} - a
projective reformulation of relativity theory that incorporates a variable
gravitational constant - Jordan's definition resembles those in contemporary
usage. The paper contextualises Jordan's work within the broader historical
frameworks of differential geometry and projective relativity, with a
particular focus on the Princeton relativity group led by Oswald Veblen and
Luther Pfahl Eisenhart. It also provides a summary of Jordan's formalism,
focusing particularly on his definition of the covariant derivative, as well as
a brief history of the origin and development of the covariant derivative.",2025-07-31,2025,2460887.5,722723.5,arxiv,en,scientific_paper,http://arxiv.org/abs/2507.23758v1,fb4e0975cc5c46b60d4c240e29b7bde1
980,Holographic Strange Metals for Philosophers and Physicists,"This paper introduces the physics and philosophy of strange metals, which are
characterized by unusual electrical and thermal properties that deviate from
conventional metallic behaviour. The anomalous strange-metal behaviour
discussed here appears in the normal state of a copper-oxide high-temperature
superconductor, and it cannot be described using standard condensed-matter
physics. Currently, it can only be described through a holographic dual, viz.~a
four-dimensional black hole in anti-de Sitter spacetime. This paper first
introduces the theory of, and specific experiments carried out on, strange
metals. Then it discusses a number of philosophical questions that strange
metals open up regarding the experimental evidence for holography and its
realist interpretation. Strange metals invert the explanatory arrows, in that
usual holographic arguments are seen as giving explanations of the bulk
quantum-gravity theory from the boundary. By contrast, the aim here is, by
using holography, to explain the experimentally discovered and anomalous
properties of strange metals.",2025-07-31,2025,2460887.5,722723.5,arxiv,en,scientific_paper,http://arxiv.org/abs/2507.23527v1,5ea851625fe687a9ec37a8160b62e0ab
1280,"Earthquake M6.2 - 222 km SE of Severo-Kuril’sk, Russia","Magnitude 6.2 earthquake at 222 km SE of Severo-Kuril’sk, Russia. Depth: Nonekm",2025-07-31,2025,2460887.5,722723.5,usgs_earthquake,en,geological_event,https://earthquake.usgs.gov/earthquakes/eventpage/us6000qwuh,66108085d3014d289a4540b1b8f16ff5
338,"RLSTATE={""ext.gadget.wikiflex"":""ready"",""ext.gadget.infobox"":""ready"",""ext.gadget.hlist"":""ready"",""ext.","RLSTATE={""ext.gadget.wikiflex"":""ready"",""ext.gadget.infobox"":""ready"",""ext.gadget.hlist"":""ready"",""ext.gadget.darkmode-overrides"":""ready"",""ext.gadget.small-references"":""ready"",""ext.gadget.citation-access-info"":""ready"",""ext.gadget.sprawdz-problemy-szablony"":""ready"",""ext.globalCssJs.user.styles"":""ready"",""site.styles"":""ready"",""user.styles"":""ready"",""ext.globalCssJs.user"":""ready"",""user"":""ready"",""user.options"":""loading"",""ext.cite.styles"":""ready"",""ext.wikimediamessages.styles"":""ready"",""skins.vector.search.codex.styles"":""ready"",""skins.vector.styles"":""ready"",""skins.vector.icons"":""ready"",""jquery.makeCollapsible.styles"":""ready"",""ext.flaggedRevs.basic"":""ready"",""mediawiki.codex.messagebox.styles"":""ready"",""ext.visualEditor.desktopArticleTarget.noscript"":""ready"",""ext.uls.interlanguage"":""ready"",""wikibase.client.init"":""ready""};RLPAGEMODULES=[""ext.xLab"",""ext.cite.ux-enhancements"",""ext.scribunto.logs"",""site"",""mediawiki.page.ready"",""jquery.makeCollapsible"",""mediawiki.toc"",""skins.vector.js"",""ext.centralNotice.geoIP"",""ext.centralNotice.startUp"",""ext.flaggedRevs.advanced"",""ext.gadget.ll-script-loader"",""ext.gadget.veKeepParameters"",""ext.gadget.szablon-galeria"",""ext.gadget.NavFrame"",""ext.gadget.citoid-overrides"",""ext.gadget.maps"",""ext.gadget.padlock-indicators"",""ext.gadget.interwiki-langlist"",""ext.gadget.edit-summaries"",""ext.gadget.edit-first-section"",""ext.gadget.wikibugs"",""ext.gadget.map-toggler"",""ext.gadget.narrowFootnoteColumns"",""ext.gadget.ally-enhance"",""ext.gadget.WDsearch"",""ext.urlShortener.toolbar"",""ext.centralauth.centralautologin"",""mmv.bootstrap"",""ext.popups"",""ext.visualEditor.desktopArticleTarget.init"",""ext.visualEditor.targetLoader"",""ext.echo.centralauth"",""ext.eventLogging"",""ext.wikimediaEvents"",""ext.navigationTiming"",""ext.uls.interface"",""ext.cx.eventlogging.campaigns"",""ext.cx.uls.quick.actions"",""wikibase.client.vector-2022"",""ext.checkUser.clientHints"",""ext.growthExperiments.SuggestedEditSession""];</script>",2025-08-01,2025,2460888.5,722724.5,wikipedia_pl,pl,wydarzen,https://pl.wikipedia.org/wiki/2025,308ee3c2db159a595d32b4ac1fd6a4ff
339,13.83%   97.781      1 Szablon:Szablon_nawigacyjny,13.83%   97.781      1 Szablon:Szablon_nawigacyjny,2025-08-01,2025,2460888.5,722724.5,wikipedia_pl,pl,wydarzen,https://pl.wikipedia.org/wiki/2025,2d08bf81d2963b881df160279faab87f
340,10.26%   72.551    124 Szablon:Lang,10.26%   72.551    124 Szablon:Lang,2025-08-01,2025,2460888.5,722724.5,wikipedia_pl,pl,wydarzen,https://pl.wikipedia.org/wiki/2025,9dc2e2372b723e608c52537cca8fb282
341,6.73%   47.591      1 Szablon:Miesiąc,6.73%   47.591      1 Szablon:Miesiąc,2025-08-01,2025,2460888.5,722724.5,wikipedia_pl,pl,wydarzen,https://pl.wikipedia.org/wiki/2025,3a7ab19b4a154bdfc77f0f3f6afd94ac
342,6.05%   42.789      1 Szablon:Kalendarz,6.05%   42.789      1 Szablon:Kalendarz,2025-08-01,2025,2460888.5,722724.5,wikipedia_pl,pl,wydarzen,https://pl.wikipedia.org/wiki/2025,110b84dfe2d27f5d819a5b258bf51ff2
343,3.09%   21.847      1 Szablon:Commonscat,3.09%   21.847      1 Szablon:Commonscat,2025-08-01,2025,2460888.5,722724.5,wikipedia_pl,pl,wydarzen,https://pl.wikipedia.org/wiki/2025,022eb9a6f3591100ba65dffdd0d5ac14
344,2.83%   20.035      1 Szablon:Projekt_siostrzany,2.83%   20.035      1 Szablon:Projekt_siostrzany,2025-08-01,2025,2460888.5,722724.5,wikipedia_pl,pl,wydarzen,https://pl.wikipedia.org/wiki/2025,7552381fa56998a0d96a115fac089de2
345,"Zobacz szczegółowe informacje o <a class=""external text"" href=""https://foundation.wikimedia.org/wiki","Zobacz szczegółowe informacje o <a class=""external text"" href=""https://foundation.wikimedia.org/wiki/Policy:Terms_of_Use/pl"">warunkach korzystania</a>.</li>",2025-08-01,2025,2460888.5,722724.5,wikipedia_pl,pl,wydarzen,https://pl.wikipedia.org/wiki/2025,36186c2210eba8985e5e95bcb324a5b9
668,"class=""vector-toc-list-item vector-toc-level-1 vector-toc-list-item-expanded"">","class=""vector-toc-list-item vector-toc-level-1 vector-toc-list-item-expanded"">",2025-08-01,2025,2460888.5,722724.5,wikipedia_en,en,events,https://en.wikipedia.org/wiki/2025,1d5697627af06cd48fb03f0635e91dce
669,"class=""vector-toc-list-item vector-toc-level-2"">","class=""vector-toc-list-item vector-toc-level-2"">",2025-08-01,2025,2460888.5,722724.5,wikipedia_en,en,events,https://en.wikipedia.org/wiki/2025,689f18345a1f797a4f5a0f57d54190c1
670,"Millennium</th></tr><tr><td class=""sidebar-content hlist"">","Millennium</th></tr><tr><td class=""sidebar-content hlist"">",2025-08-01,2025,2460888.5,722724.5,wikipedia_en,en,events,https://en.wikipedia.org/wiki/2025,2498d8aa6bb85ce02e30171589ac8020
671,"Centuries</th></tr><tr><td class=""sidebar-content hlist"">","Centuries</th></tr><tr><td class=""sidebar-content hlist"">",2025-08-01,2025,2460888.5,722724.5,wikipedia_en,en,events,https://en.wikipedia.org/wiki/2025,4ddcc63ade29e665404eddce8750c487
672,"Decades</th></tr><tr><td class=""sidebar-content hlist"">","Decades</th></tr><tr><td class=""sidebar-content hlist"">",2025-08-01,2025,2460888.5,722724.5,wikipedia_en,en,events,https://en.wikipedia.org/wiki/2025,914a65f37d38490156001d7aaf7101d6
795,"| <a href=""/wiki/2030er"" title=""2030er"">2030er</a>&#160;| <a href=""/wiki/2040er"" title=""2040er"">2040","| <a href=""/wiki/2030er"" title=""2030er"">2030er</a>&#160;| <a href=""/wiki/2040er"" title=""2040er"">2040er</a><br />",2025-08-01,2025,2460888.5,722724.5,wikipedia_de,de,ereignis,https://de.wikipedia.org/wiki/2025,d153647a4ccb9956c2738abf8fe74f39
796,"| <a href=""/wiki/2026"" title=""2026"">2026</a>&#160;| <a href=""/wiki/2027"" title=""2027"">2027</a>&#160;","| <a href=""/wiki/2026"" title=""2026"">2026</a>&#160;| <a href=""/wiki/2027"" title=""2027"">2027</a>&#160;| <a href=""/wiki/2028"" title=""2028"">2028</a>&#160;| <a href=""/wiki/2029"" title=""2029"">2029</a>&#160;| <a href=""/wiki/2030"" title=""2030"">►</a><br />",2025-08-01,2025,2460888.5,722724.5,wikipedia_de,de,ereignis,https://de.wikipedia.org/wiki/2025,e982ebf00d80e7a01ae193711077741b
797,Parsed by mw‐web.eqiad.main‐b69647747‐8d76h,Parsed by mw‐web.eqiad.main‐b69647747‐8d76h,2025-08-01,2025,2460888.5,722724.5,wikipedia_de,de,death,https://de.wikipedia.org/wiki/2025,d9bdbf75c49ecf8487a734fff4b17ae3
798,Cached time: 20251101123001,Cached time: 20251101123001,2025-08-01,2025,2460888.5,722724.5,wikipedia_de,de,death,https://de.wikipedia.org/wiki/2025,ad5238f688c42c7a3b89d9953bc0e8f3
799,Cache expiry: 2543401,Cache expiry: 2543401,2025-08-01,2025,2460888.5,722724.5,wikipedia_de,de,death,https://de.wikipedia.org/wiki/2025,741908bcd419143172aa09f6422151ab
800,Complications: [show‐toc],Complications: [show‐toc],2025-08-01,2025,2460888.5,722724.5,wikipedia_de,de,death,https://de.wikipedia.org/wiki/2025,9112f87965a757a78b6f24ee32a8c19f
801,CPU time usage: 0.332 seconds,CPU time usage: 0.332 seconds,2025-08-01,2025,2460888.5,722724.5,wikipedia_de,de,death,https://de.wikipedia.org/wiki/2025,3c2599bc278639e614343b69c83132ef
802,Real time usage: 0.412 seconds,Real time usage: 0.412 seconds,2025-08-01,2025,2460888.5,722724.5,wikipedia_de,de,death,https://de.wikipedia.org/wiki/2025,280c66b191947dc91c70724ae457d15d
803,Preprocessor visited node count: 8336/1000000,Preprocessor visited node count: 8336/1000000,2025-08-01,2025,2460888.5,722724.5,wikipedia_de,de,death,https://de.wikipedia.org/wiki/2025,36b2593fa529f827c31777f0c5f4152e
804,Revision size: 15118/2097152 bytes,Revision size: 15118/2097152 bytes,2025-08-01,2025,2460888.5,722724.5,wikipedia_de,de,death,https://de.wikipedia.org/wiki/2025,29de7dcfb7661e9b6dad09c2660b2c4f
805,Post‐expand include size: 30780/2097152 bytes,Post‐expand include size: 30780/2097152 bytes,2025-08-01,2025,2460888.5,722724.5,wikipedia_de,de,death,https://de.wikipedia.org/wiki/2025,e09c1f0ce5682e22d44c1acb7ff86dce
806,Template argument size: 8770/2097152 bytes,Template argument size: 8770/2097152 bytes,2025-08-01,2025,2460888.5,722724.5,wikipedia_de,de,death,https://de.wikipedia.org/wiki/2025,54295674b5cf2feba24b06ac278b71c2
807,Highest expansion depth: 20/100,Highest expansion depth: 20/100,2025-08-01,2025,2460888.5,722724.5,wikipedia_de,de,death,https://de.wikipedia.org/wiki/2025,b6f202b1c1393a1f95d86240ea80b86f
808,Expensive parser function count: 1/500,Expensive parser function count: 1/500,2025-08-01,2025,2460888.5,722724.5,wikipedia_de,de,death,https://de.wikipedia.org/wiki/2025,13bfff9dadaf7438b4889a2d2581d244
809,Unstrip recursion depth: 0/20,Unstrip recursion depth: 0/20,2025-08-01,2025,2460888.5,722724.5,wikipedia_de,de,death,https://de.wikipedia.org/wiki/2025,b431c7224974ec395626b0cf234862f0
894,"class=""vector-toc-list-item vector-toc-level-1 vector-toc-list-item-expanded"">","class=""vector-toc-list-item vector-toc-level-1 vector-toc-list-item-expanded"">",2025-08-01,2025,2460888.5,722724.5,wikipedia_fr,fr,événement,https://fr.wikipedia.org/wiki/2025,7f999f2fff65fa75db7fb481866431f9
1279,"Earthquake M6.1 - 215 km ESE of Severo-Kuril’sk, Russia","Magnitude 6.1 earthquake at 215 km ESE of Severo-Kuril’sk, Russia. Depth: Nonekm",2025-08-01,2025,2460888.5,722724.5,usgs_earthquake,en,geological_event,https://earthquake.usgs.gov/earthquakes/eventpage/us6000qxfn,5309410276a4f93fc791d7ed093f45e3
1278,"Earthquake M6 - 165 km SSE of Vilyuchinsk, Russia","Magnitude 6 earthquake at 165 km SSE of Vilyuchinsk, Russia. Depth: Nonekm",2025-08-02,2025,2460889.5,722725.5,usgs_earthquake,en,geological_event,https://earthquake.usgs.gov/earthquakes/eventpage/us6000qxn6,ebbf6942c60e6a29f80037675bd1a987
976,Time as a Cosmological Phenomenon,"We show that the arrow of time is intimately related to the geometry and
topology of the whole universe, and is therefore best understood as a
cosmological phenomenon.",2025-08-03,2025,2460890.5,722726.5,arxiv,en,scientific_paper,http://arxiv.org/abs/2508.01803v2,0e6311a6027ba029fcca8cee45a5b582
977,"Beyond the Wavefunction: Qualia Abstraction Language Mechanics and the
  Grammar of Awareness","We propose a formal reconstruction of quantum mechanics grounded not in
external mathematical abstractions, but in the structured dynamics of
subjective experience. The Qualia Abstraction Language (QAL) models physical
systems as evolving streams of introspective units, structured sequences of
modality, shape, and functional effect, rather than as state vectors in Hilbert
space. This approach reimagines core quantum concepts: superposition becomes a
form of structured ambiguity; collapse is reframed as an introspective
contraction; and entanglement is modeled as semantic resonance across streams
of qualia. Drawing on insights from nominalist philosophy and oversight
theoretic limits in AI, we argue that the observer paradox in quantum mechanics
reflects not an ontological lacuna, but a linguistic one: the absence of a
formal vocabulary for modeling first person structure. QAL introduces such a
vocabulary, providing a morphodynamic framework that embeds the observer within
the system and replaces abstract projection with endogenous transformation. We
analyze the alignment of QAL with endophysical approaches, contrast it with
standard interpretations of quantum theory, and explore its implications for a
post Platonist, introspectively grounded physics.",2025-08-03,2025,2460890.5,722726.5,arxiv,en,scientific_paper,http://arxiv.org/abs/2508.02755v1,404b2c47e52d40c55d8f64c54fece5f2
978,The Philosophy and Physics of Duality,"This monograph discusses dualities in physics: what dualities are, their main
examples--from quantum mechanics and electrodynamics to statistical mechanics,
quantum field theory and string theory--and the philosophical questions they
raise. Part I first conceptualises dualities and discusses their main roles and
themes, including how they are related to familiar notions like symmetry and
interpretation. It also discusses the main simple examples of dualities:
position-momentum, wave-particle, electric-magnetic, and Kramers-Wannier
dualities. Part II discusses advanced examples and their inter-relations:
particle-soliton dualities, electric-magnetic dualities in quantum field
theories, dualities in string theory, and gauge-gravity duality. This Part ends
with discussions of the hole argument, and how string theory counts the
microstates of a black hole. Part III is an in-depth discussion of general
philosophical issues on which dualities bear: theoretical equivalence (two
theories 'saying the same thing, in different words'), scientific realism and
the under-determination of theories by data, theory succession and the M-theory
programme, explanation, and scientific understanding. It proposes a view of
scientific theories that it dubs 'the geometric view of theories'. The book's
treatment of the examples is at the advanced undergraduate and graduate level,
starting from elementary and progressing to more advanced examples. The
discussions of philosophical topics, such as referential semantics, theoretical
equivalence, scientific realism and scientific understanding, are both
self-contained and in-depth. Thus the book is aimed at students and researchers
with an interest in the physical examples and philosophical questions about
dualities, and also in how physics and philosophy can fruitfully interact with
each other.",2025-08-03,2025,2460890.5,722726.5,arxiv,en,scientific_paper,http://arxiv.org/abs/2508.01616v1,070d01c4de4aacf965a7bb43a3c60854
1276,"Earthquake M6.8 - 123 km E of Severo-Kuril’sk, Russia","Magnitude 6.8 earthquake at 123 km E of Severo-Kuril’sk, Russia. Depth: Nonekm",2025-08-03,2025,2460890.5,722726.5,usgs_earthquake,en,geological_event,https://earthquake.usgs.gov/earthquakes/eventpage/us6000qxt4,471f3b9e7b934c877e21843334c076c9
1277,Earthquake M6.3 - Pacific-Antarctic Ridge,Magnitude 6.3 earthquake at Pacific-Antarctic Ridge. Depth: Nonekm,2025-08-03,2025,2460890.5,722726.5,usgs_earthquake,en,geological_event,https://earthquake.usgs.gov/earthquakes/eventpage/us6000qxsv,b9754b37a1eecfa2bd1ae7ac3474a543
974,Quantum panprotopsychism and a consciousness-centered universe,"In previous publications, we have argued that a form of panprotopsychism
based on quantum states and events offers a solution to the combination
problem. This framework explains the emergence of complex phenomenal qualities
and conscious subjects. Furthermore, the inherent openness of quantum mechanics
allows consciousness and, more generally, phenomenal properties to exert a
causal influence. If the view proposed by quantum panprotopsychism is valid, it
suggests that we inhabit a consciousness-centered universe. A world whose
fundamental nature is phenomenal. This is at odds with the current view about
the human condition that was strongly influenced by a science based on
classical mechanicism, and led to nihilism and existentialism in late
19th-century Europe, and more recently to the rise of anti-foundationalists
perspectives. The centrality of consciousness resulting from the incorporation
of a quantum ontology into our worldview leads us to reconsider the nihilistic
view and conclude that we live in a world in which a precise physical order
leads to people capable of accessing a transcendent phenomenal realm.",2025-08-04,2025,2460891.5,722727.5,arxiv,en,scientific_paper,http://arxiv.org/abs/2508.04718v1,0c614f5c9cb5bc6826380f736825b456
975,Newtons First Law Is Not a Special Case of the Second Law,"Newtons Laws of Motion form the basis of classical mechanics, but
misconceptions about their interrelationships persist in pedagogy. A prevalent
misunderstanding is that Newtons First Law is a trivial consequence of the
Second Law. This paper argues that the First Law serves a logically distinct
foundational role that defines the context in which the Second Law is valid.
This conceptual distinction is clarified through classical thought experiments
and further supported by insights from relativistic mechanics. Furthermore, the
paper discusses the notion of the zeroth Law. It evaluates several candidates,
including the absoluteness of space and time, the conservation and additivity
of mass, and the locality of force in time. By articulating the details of the
logical structure of Newtons Laws, this article offers theoretical clarity and
pedagogical value for the teaching and interpretation of Newtonian mechanics.",2025-08-04,2025,2460891.5,722727.5,arxiv,en,scientific_paper,http://arxiv.org/abs/2508.02246v1,cfa676361e95fad604517d0131610ad2
1275,"Earthquake M6.2 - 202 km S of Severo-Kuril’sk, Russia","Magnitude 6.2 earthquake at 202 km S of Severo-Kuril’sk, Russia. Depth: Nonekm",2025-08-04,2025,2460891.5,722727.5,usgs_earthquake,en,geological_event,https://earthquake.usgs.gov/earthquakes/eventpage/us6000qxzw,4395ee3d05a44efdccfd0c1e34a0e367
972,On something and nothing: The interface of two types of nothing,"We suggest that the question of why is there something rather than nothing
can be answered by the existence of two types of nothing. We propose that
matter occurs at the boundaries of intersection of both nothings. This accords
with the common view that there are three worlds; the platonic world of
concepts, the material world (i.e. of matter), and the non-material world (i.e.
of consciousness). Both the material and non-material worlds have their own
type of nothing, thus leading to the proposal. The interpretation provides an
alternative type of duality distinct from property or substance dualism, and
may unify the two. The interpretation also has implications for the
understanding of physical causation, and Mach's principle as the boundary of
intersection provides a return to the aether concept.",2025-08-05,2025,2460892.5,722728.5,arxiv,en,scientific_paper,http://arxiv.org/abs/2508.10006v1,685d33cb5761ec0b170109ca06da831f
973,Cornelis Easton:The Milky Way as a spiral galaxy,"Cornelis Easton (1864-1929) became a journalist and newspaper editor. During
most of his career he was active as an amateur astronomer and contributed
important papers in international astronomical journals This concerned three
areas. The first was mapping the Milky Way. The book, La Voie Lactee dans
l'hemisphere boreal, which he published in 1893, made some impression. Since it
had in addition to drawings of the surface brightness of the Milky Way, also
extensive descriptions and discussions of features in the structure and a
comprehensive, essentially complete, listing and discussion on everything that
had ever been published on the Milky Way. Later he produce an isophotal chart
and used photographs to improve the map. Easton had been struck by the idea
that what he saw was actually a spiral nebula, but then seen edge-on.
Considering bright and dark areas he proposed a form for the spiral in the
Milky Way System with the center in the direction of the constellation Cygnus.
His publications on this Theory of the Milky Way in the Astrophysical Journal
in 1900 and 1913 drew much attention, although many astronomers, including
Jacobus Kapteyn, kept quite some reservations.
  The third area concerned correlations between surface densities of stars and
surface brightness of the Milky Way. Easton maintained that there was such a
correlation for relatively bright stars. T
  There is a publication Easton failed to include in his list of his
publications, namely an 1894 short article in Nature. The elliptical companion
NGC205 of the Andromeda Nebula between had on in 1874 and 1889 rotated by 15
degrees. Isophote twists are responsible for the apparent rotation.
  In 1903 Kapteyn and the University of Groningen bestowed an honorary
doctorate upon Easton.",2025-08-05,2025,2460892.5,722728.5,arxiv,en,scientific_paper,http://arxiv.org/abs/2508.03409v1,8ff08f51409ef5ea552efa234995ffec
971,Multi-field as a determinable,"The paper advances the hypothesis that the multi-field is a determinable,
that is, a physical object characterized by indeterminate values with respect
to some properties. The multi-field is a realist interpretation of the wave
function in quantum mechanics, specifically it interprets the wave function as
a new physical entity in 3D space: a multi-field (Hubert & Romano 2018; Romano
2021). The multi-field is similar to a field as it assigns determinate values
to N-tuples of points, but is also different from a field as it does not assign
pre-existing values at each point of 3D space. In particular, the multi-field
values corresponding to the empty points (points where no particles are
located) have indeterminate values until a particle is located at those points.
The paper suggests that the multi-field so defined can be precisely
characterized in terms of determinable-based, object-level, account of
metaphysical indeterminacy. Under this view, the multi-field as novel physical
entity is, in fact, a metaphysically indeterminate quantum object, that is, a
determinable.",2025-08-06,2025,2460893.5,722729.5,arxiv,en,scientific_paper,http://arxiv.org/abs/2508.04933v1,477f55dc9f47fc4a781410b850bf3308
970,The Missing Reward: Active Inference in the Era of Experience,"This paper argues that Active Inference (AIF) provides a crucial foundation
for developing autonomous AI agents capable of learning from experience without
continuous human reward engineering. As AI systems begin to exhaust
high-quality training data and rely on increasingly large human workforces for
reward design, the current paradigm faces significant scalability challenges
that could impede progress toward genuinely autonomous intelligence. The
proposal for an ``Era of Experience,'' where agents learn from self-generated
data, is a promising step forward. However, this vision still depends on
extensive human engineering of reward functions, effectively shifting the
bottleneck from data curation to reward curation. This highlights what we
identify as the \textbf{grounded-agency gap}: the inability of contemporary AI
systems to autonomously formulate, adapt, and pursue objectives in response to
changing circumstances. We propose that AIF can bridge this gap by replacing
external reward signals with an intrinsic drive to minimize free energy,
allowing agents to naturally balance exploration and exploitation through a
unified Bayesian objective. By integrating Large Language Models as generative
world models with AIF's principled decision-making framework, we can create
agents that learn efficiently from experience while remaining aligned with
human values. This synthesis offers a compelling path toward AI systems that
can develop autonomously while adhering to both computational and physical
constraints.",2025-08-07,2025,2460894.5,722730.5,arxiv,en,scientific_paper,http://arxiv.org/abs/2508.05619v1,73d72e051befec553423baa8b2c37beb
968,"A disputable assumption behind the empirical equivalence between
  pilot-wave theory and standard quantum mechanics","The de Broglie-Bohm pilot-wave theory asserts that a complete
characterization of an $N$-particle system is given by its wave function
together with the (at-all-times-defined) positions of the particles, with the
wave function always satisfying the Schr\""odinger equation and the positions
evolving according to the deterministic ""guiding equation"". A complete
agreement with the predictive apparatus of standard quantum mechanics,
including the uncertainty principle and the probabilistic Born rule, is then
said to emerge from these equations, without having to confer any special
status to measurements or observers. Two key elements behind the proof of this
complete agreement are absolute uncertainty and the POVM theorem. The former
involves an alleged ""naturally emerging, irreducible limitation on the
possibility of obtaining knowledge within pilot-wave theory"" and the latter
establishes that the outcome distributions of all measurements are described by
POVMs. Here, we argue that the derivations of absolute uncertainty and the POVM
theorem depend upon the questionable assumption that ""information is always
configurationally grounded"". We explain in detail why the offered rationale
behind such an assumption is deficient and explore the consequences of having
to let go of it.",2025-08-08,2025,2460895.5,722731.5,arxiv,en,scientific_paper,http://arxiv.org/abs/2508.06667v1,d9a35186e74033d6cdbf1d2c13c11541
969,"Comment on ""Unifying Aspects of Generalized Calculus""","Czachor's recent proposal introduces a form of non-Newtonian calculus built
by pulling back arithmetic operations through arbitrary bijections between
continua. Although the idea is mathematically inventive, it runs into serious
conceptual trouble when examined from a physical standpoint. Claims of
universal applicability quickly unravel under scrutiny -- especially when
considering pathological bijections like the Cantor function, which break the
framework's core assumptions. When applied to domains such as relativity,
entropy, or cosmology, the results often collapse into tautological
restatements lacking real predictive power. This commentary explores these
issues in depth, highlighting where and why the formalism falls short of
providing a physically coherent theory.",2025-08-08,2025,2460895.5,722731.5,arxiv,en,scientific_paper,http://arxiv.org/abs/2508.06596v1,6ccd7f3f4acbf8058a8f6e9c9cb61e2a
1274,"Earthquake M6 - 265 km ESE of Severo-Kuril’sk, Russia","Magnitude 6 earthquake at 265 km ESE of Severo-Kuril’sk, Russia. Depth: Nonekm",2025-08-09,2025,2460896.5,722732.5,usgs_earthquake,en,geological_event,https://earthquake.usgs.gov/earthquakes/eventpage/us6000qzh9,b96d1d05bc723156593d692a16896d01
1273,"Earthquake M6.1 - 10 km WSW of Bigadiç, Turkey","Magnitude 6.1 earthquake at 10 km WSW of Bigadiç, Turkey. Depth: Nonekm",2025-08-10,2025,2460897.5,722733.5,usgs_earthquake,en,geological_event,https://earthquake.usgs.gov/earthquakes/eventpage/us6000qznb,695af25deb22cc3a62a82638bbd84c51
967,"Theoretical Discovery, Experiment, and Controversy in the Aharonov-Bohm
  Effect: An Oral History Interview","This oral history interview provides Yakir Aharonov's perspective on the
theoretical discovery of the Aharonov-Bohm effect in 1959, during his PhD
studies in Bristol with David Bohm, the reception of the effect, the efforts to
test it empirically (up to Tonomura's experiment), and some of the debates
regarding the existence of the effect and its interpretation. The interview
also discusses related later developments until the 1980s, including modular
momentum and Berry's phase. It includes recollections from meetings with Werner
Heisenberg, Richard Feynman, and Chen-Ning Yang, also mentioning John Bell,
Robert Chambers, Werner Ehrenberg, Sir Charles Frank, Wendell Furry, Gunnar
K\""all\'en, Maurice Pryce, Nathan Rosen, John Wheeler, and Eugene Wigner.",2025-08-11,2025,2460898.5,722734.5,arxiv,en,scientific_paper,http://arxiv.org/abs/2508.08105v1,6c34e4e5556fb7863742f89674781631
965,"One Plus One Equals Two Ones: On Identity, Aggregation, and Counting","A childhood observation of Thakur Anukulchandra that ""one and one can only be
two ones, not simply two"" motivates a precise inquiry: what, exactly, is
asserted when we pass from two concrete individuals to the numeral ""2""? This
paper does not challenge the arithmetic theorem 1+1=2, but rather analyzes what
this equation means when applied to physical objects. We answer with two
complementary, rigorous treatments. Mathematician's proof. We model aggregation
by the free commutative monoid of multisets M(U) over a universe of individuals
U, so that delta_a + delta_b literally encodes two ones with individuality
preserved. Numerals arise only after a declared classification q:U->T
(coarse-graining) via the pushforward q*:M(U)->M(T) and the unique counting
homomorphism to N. The non-injectivity of q* isolates the exact locus of
information loss. Physicist's proof. We represent physical systems by
worldtubes, states, and observables, and define a composite operation that
preserves labelled constituents. We prove the Non-Identity Addition Theorem:
A+B = X+X iff A=B=X; hence a pair of distinct objects cannot equal a doubled
copy. The numeral ""2"" appears only as the readout of a typed count observable
after an explicit classification, not as a statement of physical identity.
Conclusion. In reality, one plus one is two ones; ""1+1=2"" is the value of a
counting map applied after coarse graining. This clarifies the separation
between identity-preserving aggregation and counting, reconciles everyday
arithmetic with physical non-identity, and makes explicit the modeling choice
that every act of counting entails. Our analysis has implications for the
philosophy of mathematics, measurement theory, and information theoretic
approaches to classification.",2025-08-12,2025,2460899.5,722735.5,arxiv,en,scientific_paper,http://arxiv.org/abs/2508.09226v1,7383347e938239744ee0927f5742ad4a
966,"Emergence: from physics to biology, sociology, and computer science","Many systems involve numerous interacting parts and the whole system can have
properties that the individual parts do not. I take this novelty as the
defining characteristic of an emergent property. Other characteristics
associated with emergence discussed include universality, order, complexity,
unpredictability, irreducibility, diversity, self-organisation,
discontinuities, and singularities. Emergent phenomena are widespread across
physics, biology, social sciences, and computing, and are central to major
scientific and societal challenges. Understanding emergence involves
considering the stratification of reality across different scales (energy,
time, length, complexity), each with its distinct ontology and epistemology,
leading to semi-autonomous scientific disciplines. A central challenge is
bridging the gap between macroscopic emergent properties and microscopic
component interactions. Identifying an intermediate mesoscopic scale where new,
weakly interacting entities or modular structures emerge is key. Theoretical
approaches, such as effective theories (describing phenomena at a specific
scale) and toy models (simplified systems for analysis), are vital. The Ising
model exemplifies how toy models can elucidate emergence characteristics.
Emergence is central to condensed matter physics, chaotic systems, fluid
dynamics, nuclear physics, quantum gravity, neural networks, protein folding,
and social segregation. An emergent perspective should influence scientific
strategy by shaping research questions, methodologies, priorities, and resource
allocation. An elusive goal is the design and control of emergent properties.",2025-08-12,2025,2460899.5,722735.5,arxiv,en,scientific_paper,http://arxiv.org/abs/2508.08548v2,86d86ff24edc79cdd2686266aff826fc
1272,"Earthquake M6.3 - 195 km WNW of Abepura, Indonesia","Magnitude 6.3 earthquake at 195 km WNW of Abepura, Indonesia. Depth: Nonekm",2025-08-12,2025,2460899.5,722735.5,usgs_earthquake,en,geological_event,https://earthquake.usgs.gov/earthquakes/eventpage/us6000r01m,1e6ba9d9e1ab45301d1a08b948aaecbf
1271,"Earthquake M6.3 - 115 km SSE of Lata, Solomon Islands","Magnitude 6.3 earthquake at 115 km SSE of Lata, Solomon Islands. Depth: Nonekm",2025-08-14,2025,2460901.5,722737.5,usgs_earthquake,en,geological_event,https://earthquake.usgs.gov/earthquakes/eventpage/us6000r0sa,eb0df63652f85fc6b950e2a599b377dc
964,"Vishap stelae as cult dedicated prehistoric monuments of Armenian
  Highlands: data analysis and interpretation","Vishaps, or dragon stones, are prehistoric stelae discovered in the
high-altitude mountainous regions of modern-day Armenia and adjacent regions.
The first statistical analysis of their elevation distribution and size reveals
that their construction was intentionally labor-intensive rather than
arbitrary. The findings support the hypothesis that vishaps were closely
associated with an ancient water cult, as they are predominantly situated near
water sources, including high-altitude springs and discovered prehistoric
irrigation systems. Furthermore, the unexpected bimodal distribution of their
altitudes suggests specific placement patterns, potentially linked to seasonal
human activities or ritual practices. These findings contribute to a deeper
understanding of the symbolic and functional significance of vishap stelae
within the framework of prehistoric social and religious systems.",2025-08-15,2025,2460902.5,722738.5,arxiv,en,scientific_paper,http://arxiv.org/abs/2508.11324v1,5006461bc25391096f9af07f1aafee63
963,Remarks on the Fundamentals of Time oder die Zeitdämmerung,"This paper argues that the common identification of time with entropy is a
category error. Entropy accounts for the arrow of time but not for time itself.
Even in a maximally entropic universe the so called heat death temporal
structure persists, grounded in the correlations of the quantum vacuum and the
geometry of spacetime. The twilight of time is not its disappearance but its
loss of directionality.",2025-08-19,2025,2460906.5,722742.5,arxiv,en,scientific_paper,http://arxiv.org/abs/2508.14312v2,24d73fb6d9fc30a8cd41be3080d0ad23
962,A Theory of the Big Bang in McTaggart's Time,"There are long standing questions about the Big Bang What were its
properties? Was there nothing before it? Was the universe always here? Many
conceptual issues revolve around time. This paper gives a novel model based on
McTaggarts temporal distinction between the A-series future-present-past and
B-series earlier-times to later times. These series are useful while situated
in a Presentist and Fragmentalist account of quantum mechanics, one in which
the consistency with the Special Relativity in particular the relativity of
simultaneity will be made explicit section 6. This allows us to make a fruitful
distinction between two pertinent questions what happens as we go to earlier
times toward the Big Bang? And: what happens as we go further into the past
toward the Big Bang?",2025-08-20,2025,2460907.5,722743.5,arxiv,en,scientific_paper,http://arxiv.org/abs/2508.15863v1,26355787c26641d2d19df684aff145dd
960,Gaviola y la estrella más extraordinaria del cielo austral,"This text is based on a commemorative lecture dedicated to Enrique Gaviola,
delivered on August 14, 2025, at the C\'ordoba Astronomical Observatory on the
occasion of the 125th anniversary of his birth. The event was organized by the
OAC, IATE, the Gaviola Institute, and FAMAF of the National University of
C\'ordoba. The paper presents a personal perspective on Gaviola's life,
scientific contributions, and legacy, drawing upon documents from the Gaviola
Archive at the Balseiro Institute as well as testimonies from colleagues who
knew him.
  --
  El presente texto se basa en la conferencia de homenaje a Enrique Gaviola,
dictada el 14 de agosto de 2025 en el Observatorio Astron\'omico de C\'ordoba,
con motivo del 125o aniversario de su nacimiento. La actividad fue organizada
por el OAC, el IATE, el Instituto Gaviola y la FAMAF de la Universidad Nacional
de C\'ordoba. El trabajo ofrece una reflexi\'on personal sobre su vida, su obra
y su legado, a partir de los documentos del Archivo Gaviola del Instituto
Balseiro y de los testimonios de colegas que lo conocieron.",2025-08-21,2025,2460908.5,722744.5,arxiv,en,scientific_paper,http://arxiv.org/abs/2508.15880v1,ce6f9e2b17feaaff06c7f7818ca44be5
961,"Between Myth and History: von Neumann on Consciousness in Quantum
  Mechanics","The von Neumann attitude on such a deep interpretational question as the role
of a human observer in order for the quantum description of measurement to be
consistent has been long misrepresented. The large majority of the subsequent
literature ascribed to von Neumann a radical view, according to which not only
the collapse was in itself a truly physical process, but also the only way to
accomodate it within a quantum description of a typical measurement was the
introduction of human consciousness as a kind of 'causal' factor. Inspired by
the work of reconstruction pursued by the phenomenological reading of the
London-Bauer approach, started by Steven French more than twenty years ago, the
account I propose substantiates a significantly more cautious attitude by von
Neumann: the time seems then ripe to tell a more balanced story on the relation
between the notion of consciousness and the foundations of quantum mechanics in
the work of the first scientist - Janos von Neumann - who explicitly and
rigorously addressed the implication of a really universal formulation of
quantum physics.",2025-08-21,2025,2460908.5,722744.5,arxiv,en,scientific_paper,http://arxiv.org/abs/2508.15871v1,bb087fdcd32fc566af6d00697859d7f3
1270,Earthquake M7.5 - 2025 Southern Drake Passage Earthquake,Magnitude 7.5 earthquake at 2025 Southern Drake Passage Earthquake. Depth: Nonekm,2025-08-22,2025,2460909.5,722745.5,usgs_earthquake,en,geological_event,https://earthquake.usgs.gov/earthquakes/eventpage/us6000r2xq,8af4cb04781c481033239c4fdf23a23c
959,Reflections of Sadi Carnot,"The Carnot theory is unique among the theories of heat developed before the
emergence of thermodynamics because it considers the relationship between heat
and work. The theory is contained in Carnot's book published in 1824, which
includes the basic ideas on how thermal machines work, including the need for a
temperature difference. The fundamental principle of the theory is stated with
the help of a cyclic process invented by Carnot, involving two isotherms and
two adiabatics. The ratio between the mechanical work produced during the cycle
and the heat involved depends only on the temperatures. We make a critical
analysis of Carnot theory and show how the fundamental principle was used by
Clausius to define entropy in terms of which he enunciated the second law of
thermodynamics.",2025-08-23,2025,2460910.5,722746.5,arxiv,en,scientific_paper,http://arxiv.org/abs/2508.17027v1,752b6254f1c7aaaeaaa676afdd601b7e
1269,"Earthquake M6 - 88 km SW of Acajutla, El Salvador","Magnitude 6 earthquake at 88 km SW of Acajutla, El Salvador. Depth: Nonekm",2025-08-23,2025,2460910.5,722746.5,usgs_earthquake,en,geological_event,https://earthquake.usgs.gov/earthquakes/eventpage/us6000r3at,ee1a21a95eaf80046b45a03a2f30de38
1268,Earthquake M6.1 - east of the Kuril Islands,Magnitude 6.1 earthquake at east of the Kuril Islands. Depth: Nonekm,2025-08-25,2025,2460912.5,722748.5,usgs_earthquake,en,geological_event,https://earthquake.usgs.gov/earthquakes/eventpage/us6000r3l7,008a34d98e4d42357e306889cef28bf4
958,"English translation of the paper ""Electromagnetic field inside a
  plane-parallel layer in the resonant absorption regime"" (1962) by A. P.
  Khapalyuk: Pioneering study on coherent perfect absorption","In 1962, Belarusian physicist A. P. Khapalyuk has published the paper
[Doklady Akademii nauk BSSR, volume 6, issue 5, pages 301-304] devoted to the
effect of resonant absorption of light in a layer of matter. This work can be
considered as a first study of the phenomenon known today as coherent perfect
absorption (CPA). Unfortunately, the paper by A. P. Khapalyuk was published in
a local journal in Russian and is almost unknown to the English-language
scientific community. Here, we give the first translation of this paper into
English, accompany it with the introductory remarks including some biographical
information on A. P. Khapalyuk and put it in the context of modern CPA studies.",2025-08-27,2025,2460914.5,722750.5,arxiv,en,scientific_paper,http://arxiv.org/abs/2508.19687v1,592782220c3bccb995df745a94466f76
1267,"Earthquake M6 - 92 km E of Severo-Kuril’sk, Russia","Magnitude 6 earthquake at 92 km E of Severo-Kuril’sk, Russia. Depth: Nonekm",2025-08-27,2025,2460914.5,722750.5,usgs_earthquake,en,geological_event,https://earthquake.usgs.gov/earthquakes/eventpage/us7000qr8h,8379317c349dd94757ab6c2a6843c0ad
956,Origins of the Ising model,"In 1925, Ernest Ising published a paper analyzing a model proposed in 1920 by
Wilhelm Lenz for ferromagnetism. The model is composed of constituent units
that take only two states and interact only when they are neighbors. Ising
showed that in a linear chain the model does not present an ordered
ferromagnetic state, a frustrating but correct result. However, Rudolf Peierls
demonstrated in 1936 that the model does in fact present an ordered state in
two dimensions, and therefore in three dimensions. This result reveals that
short-range interaction and only two states for each constituent unit are
sufficient for ordering to occur over long distances. These two elements are
the key to understanding the success of the model and its variants even a
hundred years after its appearance. Here we analyze the emergence of the model
in the period up to 1936.",2025-08-30,2025,2460917.5,722753.5,arxiv,en,scientific_paper,http://arxiv.org/abs/2509.00632v1,3e88782cbbae63724e07dbfc08bf5f35
957,Remembering Yvonne Choquet-Bruhat,"I describe the impact of some of the mathematical results of Yvonne
Choquet-Bruhat on gravitational physics, as well as the evolution of my
interactions with her over the years.",2025-08-30,2025,2460917.5,722753.5,arxiv,en,scientific_paper,http://arxiv.org/abs/2509.00597v1,98dcda13667fd6e9f5943419597e7586
954,Un avenir commun au sein de la société numérique,"Today, data and information have become overabundant resources within a
global network of machines that exchange signals at speeds approaching that of
light. In this highly saturated environment, communication has emerged as the
most central form of interaction, supported by a rapidly evolving technical
infrastructure. These new communication tools have created an overwhelming
surplus of information so much so that no human could process it all. In
response, platforms like Facebook, YouTube, and Google use algorithms to filter
and suggest content. These algorithms act as sorting mechanisms, reducing the
informational noise and presenting users with content tailored to their habits
and preferences. However, by placing themselves between users and data, these
platforms gain control over what users see and, in doing so, shape their
preferences and behaviors. In physical terms, we might say they function like
selective filters or control gates in an information system directing flows and
creating feedback loops. Over time, this can lead to a kind of informational
inertia, where users become increasingly shaped by algorithmic influence and
lose the ability to form independent judgments. This process reflects a broader
trend that Bernard Stiegler describes as a new kind of proletarianization where
individuals lose the knowledge and skills that are absorbed and automated by
digital systems. Borrowing from physics, we study this as a shift toward higher
entropy. However, platforms like Wikipedia and arXiv demonstrate how digital
tools can support collective knowledge without leading to cognitive
degradation. Inspired by Elinor Ostrom work on commons, we propose a model for
a digital commons economy where information is shared and governed
collaboratively, helping to restore a balance between entropy and organization
in our digital environments.",2025-08-31,2025,2460918.5,722754.5,arxiv,en,scientific_paper,http://arxiv.org/abs/2509.01014v1,5c41a6c0180af33d7f31c50f5d8e1c8c
955,"From Faraday and Maxwell to Quantum Physics. The later story of the
  Electromagnetic Vector Potential","With the advent of quantum mechanics by Heisenberg in 1925 exactly a century
ago, the quantization of the electromagnetic field became an important goal for
our founding fathers, whom we are here to celebrate. It was realized very soon
that a consistent picture of quantum electrodynamics (QED) requires the
quantization of not just the electromagnetic field ${\bf A}({\bf r},t)$, but
the electron field ${\bf \psi}({\bf r},t)$ as well. The electron field is now a
Dirac spinor field and it becomes a major partner for the vector potential.
Together these two fields form a duet which yearns for a unification which is
not often emphasized in text books, but no one knows how to do this yet. The
underlying structure appears to be a super-symmetric one where bosons and
fermions live comfortably as a single field that could by some yet unknown
process produce QED. This area is still at the forefront of current research
with names like Super-symmetric Quantum Electrodynamics (SQED), strings and
others. Ironically for a variety of reasons, the number of fields in SQED has
to be increased and not decreased, defying the objective of an economical
unification. Furthermore it is now known that Maxwell's theory is incomplete
and that there are situations due to boundaries or topology that demand the
vector potential must itself be gauge invariant.
  (This paper is dedicated to the celebration of 100 years of quantum
mechanics, on the anniversary of Heisenberg's founding paper on the subject in
July 1925, delivered by Miguel Ortu\~no at the IQSA 2025 Conference at Tropea
in Calabria, Italy from 30 June to 4th July 2025. The proceedings will be
published as a celebratory volume by World Scientific Publications, Singapore
in 2026).",2025-08-31,2025,2460918.5,722754.5,arxiv,en,scientific_paper,http://arxiv.org/abs/2509.04486v1,3259a3db2ea06df8232ebbd0df0b5847
1266,"Earthquake M6 - 35 km WSW of Asadābād, Afghanistan","Magnitude 6 earthquake at 35 km WSW of Asadābād, Afghanistan. Depth: Nonekm",2025-08-31,2025,2460918.5,722754.5,usgs_earthquake,en,geological_event,https://earthquake.usgs.gov/earthquakes/eventpage/us7000qsvj,f7189d49d3051b41c00ccbeb252d492f
346,"RLSTATE={""ext.gadget.wikiflex"":""ready"",""ext.gadget.infobox"":""ready"",""ext.gadget.hlist"":""ready"",""ext.","RLSTATE={""ext.gadget.wikiflex"":""ready"",""ext.gadget.infobox"":""ready"",""ext.gadget.hlist"":""ready"",""ext.gadget.darkmode-overrides"":""ready"",""ext.gadget.small-references"":""ready"",""ext.gadget.citation-access-info"":""ready"",""ext.gadget.sprawdz-problemy-szablony"":""ready"",""ext.globalCssJs.user.styles"":""ready"",""site.styles"":""ready"",""user.styles"":""ready"",""ext.globalCssJs.user"":""ready"",""user"":""ready"",""user.options"":""loading"",""ext.cite.styles"":""ready"",""ext.wikimediamessages.styles"":""ready"",""skins.vector.search.codex.styles"":""ready"",""skins.vector.styles"":""ready"",""skins.vector.icons"":""ready"",""jquery.makeCollapsible.styles"":""ready"",""ext.flaggedRevs.basic"":""ready"",""mediawiki.codex.messagebox.styles"":""ready"",""ext.visualEditor.desktopArticleTarget.noscript"":""ready"",""ext.uls.interlanguage"":""ready"",""wikibase.client.init"":""ready""};RLPAGEMODULES=[""ext.xLab"",""ext.cite.ux-enhancements"",""ext.scribunto.logs"",""site"",""mediawiki.page.ready"",""jquery.makeCollapsible"",""mediawiki.toc"",""skins.vector.js"",""ext.centralNotice.geoIP"",""ext.centralNotice.startUp"",""ext.flaggedRevs.advanced"",""ext.gadget.ll-script-loader"",""ext.gadget.veKeepParameters"",""ext.gadget.szablon-galeria"",""ext.gadget.NavFrame"",""ext.gadget.citoid-overrides"",""ext.gadget.maps"",""ext.gadget.padlock-indicators"",""ext.gadget.interwiki-langlist"",""ext.gadget.edit-summaries"",""ext.gadget.edit-first-section"",""ext.gadget.wikibugs"",""ext.gadget.map-toggler"",""ext.gadget.narrowFootnoteColumns"",""ext.gadget.ally-enhance"",""ext.gadget.WDsearch"",""ext.urlShortener.toolbar"",""ext.centralauth.centralautologin"",""ext.popups"",""ext.visualEditor.desktopArticleTarget.init"",""ext.visualEditor.targetLoader"",""ext.echo.centralauth"",""ext.eventLogging"",""ext.wikimediaEvents"",""ext.navigationTiming"",""ext.uls.interface"",""ext.cx.eventlogging.campaigns"",""ext.cx.uls.quick.actions"",""wikibase.client.vector-2022"",""ext.checkUser.clientHints"",""ext.growthExperiments.SuggestedEditSession""];</script>",2025-09-01,2025,2460919.5,722755.5,wikipedia_pl,pl,wydarzen,https://pl.wikipedia.org/wiki/2025,def89146c745e1dab033740a9a84daee
347,8.47%  116.212      1 Szablon:Szablon_nawigacyjny,8.47%  116.212      1 Szablon:Szablon_nawigacyjny,2025-09-01,2025,2460919.5,722755.5,wikipedia_pl,pl,wydarzen,https://pl.wikipedia.org/wiki/2025,feaafd782b6d1703c6be72a10b944c31
348,4.44%   60.929      1 Szablon:Miesiąc,4.44%   60.929      1 Szablon:Miesiąc,2025-09-01,2025,2460919.5,722755.5,wikipedia_pl,pl,wydarzen,https://pl.wikipedia.org/wiki/2025,568e3ddebdf156eaddbb395c99688d85
349,3.89%   53.423      1 Szablon:Kalendarz,3.89%   53.423      1 Szablon:Kalendarz,2025-09-01,2025,2460919.5,722755.5,wikipedia_pl,pl,wydarzen,https://pl.wikipedia.org/wiki/2025,218188fc8985e57b2f7944b1229c4668
350,1.87%   25.628      1 Szablon:Cytuj,1.87%   25.628      1 Szablon:Cytuj,2025-09-01,2025,2460919.5,722755.5,wikipedia_pl,pl,wydarzen,https://pl.wikipedia.org/wiki/2025,da49f44bb127970b2e78251aecf9b19e
351,"Zobacz szczegółowe informacje o <a class=""external text"" href=""https://foundation.wikimedia.org/wiki","Zobacz szczegółowe informacje o <a class=""external text"" href=""https://foundation.wikimedia.org/wiki/Policy:Terms_of_Use/pl"">warunkach korzystania</a>.</li>",2025-09-01,2025,2460919.5,722755.5,wikipedia_pl,pl,wydarzen,https://pl.wikipedia.org/wiki/2025,14dd701042d13a2da482625f53cfe08b
673,"class=""vector-toc-list-item vector-toc-level-1 vector-toc-list-item-expanded"">","class=""vector-toc-list-item vector-toc-level-1 vector-toc-list-item-expanded"">",2025-09-01,2025,2460919.5,722755.5,wikipedia_en,en,events,https://en.wikipedia.org/wiki/2025,ccaa335de0703dc046889ec86511acbc
674,"class=""vector-toc-list-item vector-toc-level-2"">","class=""vector-toc-list-item vector-toc-level-2"">",2025-09-01,2025,2460919.5,722755.5,wikipedia_en,en,events,https://en.wikipedia.org/wiki/2025,163313814ac06ab36c92361cabb88459
675,"Millennium</th></tr><tr><td class=""sidebar-content hlist"">","Millennium</th></tr><tr><td class=""sidebar-content hlist"">",2025-09-01,2025,2460919.5,722755.5,wikipedia_en,en,events,https://en.wikipedia.org/wiki/2025,1fd841cff120a636b5bf5ef0a45b8c93
676,"Centuries</th></tr><tr><td class=""sidebar-content hlist"">","Centuries</th></tr><tr><td class=""sidebar-content hlist"">",2025-09-01,2025,2460919.5,722755.5,wikipedia_en,en,events,https://en.wikipedia.org/wiki/2025,c61292a9d735e321785607c0266ea359
677,"Decades</th></tr><tr><td class=""sidebar-content hlist"">","Decades</th></tr><tr><td class=""sidebar-content hlist"">",2025-09-01,2025,2460919.5,722755.5,wikipedia_en,en,events,https://en.wikipedia.org/wiki/2025,b07521c58d51c34f59419aab2ddddad6
810,"| <a href=""/wiki/2030er"" title=""2030er"">2030er</a>&#160;| <a href=""/wiki/2040er"" title=""2040er"">2040","| <a href=""/wiki/2030er"" title=""2030er"">2030er</a>&#160;| <a href=""/wiki/2040er"" title=""2040er"">2040er</a><br />",2025-09-01,2025,2460919.5,722755.5,wikipedia_de,de,ereignis,https://de.wikipedia.org/wiki/2025,6796e64b3a63606eee6521ce5ebbc2a5
811,"| <a href=""/wiki/2026"" title=""2026"">2026</a>&#160;| <a href=""/wiki/2027"" title=""2027"">2027</a>&#160;","| <a href=""/wiki/2026"" title=""2026"">2026</a>&#160;| <a href=""/wiki/2027"" title=""2027"">2027</a>&#160;| <a href=""/wiki/2028"" title=""2028"">2028</a>&#160;| <a href=""/wiki/2029"" title=""2029"">2029</a>&#160;| <a href=""/wiki/2030"" title=""2030"">►</a><br />",2025-09-01,2025,2460919.5,722755.5,wikipedia_de,de,ereignis,https://de.wikipedia.org/wiki/2025,d6fef56ce2bd2cb925ec29209a3e34ac
895,"class=""vector-toc-list-item vector-toc-level-1 vector-toc-list-item-expanded"">","class=""vector-toc-list-item vector-toc-level-1 vector-toc-list-item-expanded"">",2025-09-01,2025,2460919.5,722755.5,wikipedia_fr,fr,événement,https://fr.wikipedia.org/wiki/2025,acd46a9444dd20ba0520b78d964dde13
952,Conformal bootstrap: from Polyakov to our times,"We trace the history of conformal bootstrap from its early days to our times
- a great example of unity of physics. We start by describing little-known
details about the origins of conformal field theory in the study of strong
interactions and critical phenomena in the 1960s and 1970s. We describe
similarities and differences between approaches and results of the main groups
in Moscow, Rome, and Sofia. Then come the breakthroughs in the 1980s and the
1990s, in particular 2D CFT and holography. Finally, we describe the genesis of
the numerical conformal bootstrap, from the conformal technicolor bounds in the
2000s, to the determination of the 3D Ising critical exponents in the 2010s. We
conclude with some outstanding challenges. We stress that conformal invariance
is a symmetry of nature.",2025-09-02,2025,2460920.5,722756.5,arxiv,en,scientific_paper,http://arxiv.org/abs/2509.02779v2,053ba03d289e17a5ade8e3dd4d387964
953,"Einstein's Hidden Scaffolding, with a Glance at Poincaré","This paper reconstructs the derivations underlying the kinematical part of
Einstein's 1905 special relativity paper, emphasizing their operational clarity
and minimalist use of mathematics. Einstein employed modest tools-algebraic
manipulations, Taylor expansions, partial differentials, and functional
arguments-yet his method was guided by principles of linearity, symmetry, and
invariance rather than the elaborate frameworks of electron theory. The
published text in ""Annalen der Physik"" concealed much of the algebraic
scaffolding, presenting instead a streamlined sequence of essential equations.
Far from reflecting a lack of sophistication, this economy of means was a
deliberate rhetorical and philosophical choice: to demonstrate that relativity
arises from two simple postulates and basic operational definitions, not from
the complexities of electron theory. The reconstruction highlights how
Einstein's strategy subordinated mathematics to principle, advancing a new mode
of reasoning in which physical insight, rather than computational elaboration,
held decisive authority. In this respect, I show that Einstein's presentation
diverges sharply from Poincar\'e's.",2025-09-02,2025,2460920.5,722756.5,arxiv,en,scientific_paper,http://arxiv.org/abs/2509.02456v1,d5498eb18db8319fba0acd72ff289ab8
951,A Timeless Game: A Game-Theoretic Model of Mass-Geometry Relations,"We develop a minimal, timeless game-theoretic representation of the
mass-geometry relation. An ""Object"" (mass) and ""Space"" (geometry) choose
strategies in a static normal-form game; utilities encode stability as mutual
consistency rather than dynamical payoffs. In a 2x2 toy model, the equilibria
correspond to ""light-flat"" and ""heavy-curved"" configurations; a continuous
variant clarifies when only trivial interior equilibria appear versus a
continuum along a matching ray. Philosophically, the point is representational:
a global description may be static while the experience of temporal flow for
embedded observers arises from informational asymmetry, coarse-graining, and
records. The framework separates time as parameter from relational constraint
without committing to specific physical dynamics.",2025-09-04,2025,2460922.5,722758.5,arxiv,en,scientific_paper,http://arxiv.org/abs/2509.15229v1,3bd005ce98179a03cf16630e36957702
950,"Holistic Versus Fragmented Multiverses: Empirical Access via Causal and
  Grounding Signatures","Can multiverse hypotheses ever receive empirical support? Critics argue that
multiverse scenarios posit unobservable entities, face severe
underdetermination, or fall outside the bounds of science. This chapter
challenges that view by offering a naturalistic metaphysical counterpoint to
Bayesian approaches, distinguishing fragmented from holistic multiverses.
Scientific proposals are almost always holistic: they embed universes within a
unifying physical or metaphysical structure that can, in principle, leave
empirical signatures inside the universes. I develop a typology of such
signatures and show how it applies to leading scenarios from quantum theory,
cosmology, and string theory. This framework clarifies why objections such as
the `this universe' objection and a newly articulated generalization, the
epistemic isolation objection, fail against scientifically motivated
multiverses. The upshot is a qualified defence: while fragmented multiverses
remain empirically inaccessible, certain holistic multiverses could, in
principle, be supported by the same epistemic standards used elsewhere in
physics.",2025-09-05,2025,2460923.5,722759.5,arxiv,en,scientific_paper,http://arxiv.org/abs/2509.04918v1,5465eefdd9f788b93ead74a382ba8a45
949,A.P. Balachandran: Living in Physics,"A.P. Balachandran was a theoretical physicist of extraordinary versatility
and originality. In a career spanning over six decades, he made many
significant contributions to quantum field theory and mathematical physics. His
influence extends beyond the impact of his papers, with a large number of
research students and collaborators. Here, in an attempt at a coherent
scientific biography, I try to contextualize and evaluate his many
contributions.",2025-09-07,2025,2460925.5,722761.5,arxiv,en,scientific_paper,http://arxiv.org/abs/2509.06139v1,ddb201f614e43ecc2c44ba12d37a9935
1265,Earthquake M6.4 - Vanuatu region,Magnitude 6.4 earthquake at Vanuatu region. Depth: Nonekm,2025-09-08,2025,2460926.5,722762.5,usgs_earthquake,en,geological_event,https://earthquake.usgs.gov/earthquakes/eventpage/us7000quvp,70ee028f933a57b09320bab1d250c713
948,"Convergences and Divergences: Einstein, Poincaré, and Special
  Relativity","Jean-Marc Ginoux's recent book, ""Poincar\'e, Einstein and the Discovery of
Special Relativity: An End to the Controversy"" (2024), seeks to close the
debate over the respective roles of Poincar\'e and Einstein. Yet what is
presented as an ""end"" may instead invite a more careful analysis of how similar
equations can conceal divergent conceptions. The aim here is not to rehearse
priority disputes but to show how Einstein's ether-free, principle-based
kinematics marked out a path that, unlike its contemporaries, became the
canonical form of special relativity. To this end, I reconstruct side by side
the 1905 derivations of Poincar\'e and Einstein, tracing their similarities
and, more importantly, their differences. This paper reconstructs, in a novel
way, the 1905 derivations of Einstein and Poincar\'e, highlighting their
contrasting paths.",2025-09-11,2025,2460929.5,722765.5,arxiv,en,scientific_paper,http://arxiv.org/abs/2509.09361v1,41de3e910554ebd0853a736ffa49f833
945,"How are Scientific Concepts Birthed? Typing Rules of Concept Formation
  in Theoretical Physics Reasoning","This work aims to formalize some of the ways scientific concepts are formed
in the process of theoretical physics discovery. Since this may at first seem
like a task beyond the scope of the exact sciences (natural and formal
sciences), we begin by presenting arguments for why scientific concept
formation can be formalized. Then, we introduce type theory as a natural and
well-suited framework for this formalization. We formalize what we call ""ways
of discovering new concepts"" including concept distinction, property
preservation, and concept change, as cognitive typing rules. Next, we apply
these cognitive typing rules to two case studies of conceptual discovery in the
history of physics: Einstein's reasoning leading to the impossibility of frozen
waves, and his conceptual path to the relativity of time. In these historical
episodes, we recast what a physicist might informally call ""ways of discovering
new scientific concepts"" as compositional typing rules built from cognitive
typing rules - thus formalizing them as scientific discovery mechanisms.
Lastly, we computationally model the type-theoretic reconstruction of
Einstein's conceptual path to the relativity of time as a program synthesis
task.",2025-09-12,2025,2460930.5,722766.5,arxiv,en,scientific_paper,http://arxiv.org/abs/2509.10740v1,78855635bd51ec395b7dd328712819ab
946,"The Rapid Arrival of Josiah Willard Gibbs's Elementary Principles in
  Statistical Mechanics in European University Libraries","This note offers an overview of how Josiah Willard Gibbs's Elementary
Principles in Statistical Mechanics, published simultaneously in London and New
York in 1902, spread through European university libraries. Contrary to the
received idea that the circulation of this text was slow, information gathered
through direct contacts with numerous academic libraries, together with an
examination of Yale University's archives, reveals an unexpectedly rapid
material diffusion beginning on 15 March 1902. This early propagation can be
explained by several channels: presentation copies sent by Yale University to
leading universities, personal mailings by Gibbs himself to prominent
scientists, and the distribution of copies by the American publisher to major
scientific journals.",2025-09-12,2025,2460930.5,722766.5,arxiv,en,scientific_paper,http://arxiv.org/abs/2509.10732v1,bdc80ba6cb83abd114c6b8e072ee6058
947,"A Realist Approach to Quantum Individuality: Against the ""Received"" and
  ""Alternative"" Views","In this work we address the contemporary debate about quantum individuality
expressed as an opposition between those who, like D\'ecio Krause, defend the
reference of the theory to ""non-individual particles"", and those like Dennis
Dieks, who propose instead to preserve the notion of ""classical particle"" as
commonly applied by contemporary physicists. We will argue that these
viewpoints rather than truly opposed share a common methodology which has
helped to reinforce the doctrine of classical concepts that was imposed by Bohr
and Dirac within the ""standard"" formulation --which remains the orthodox
physical account of the theory of quanta. We will also discuss a recently
proposed relativist yet objective relational account of quantum individuality
[25] which, going back to Einstein's methodological approach, opens the doors
to a completely new, truly realist understanding of quantum individuality.",2025-09-12,2025,2460930.5,722766.5,arxiv,en,scientific_paper,http://arxiv.org/abs/2509.10680v1,4664b16967c2a82858d8793e8262c0ac
944,"Towards a European Quantum Act: A Two-Pillar Framework for Regulation
  and Innovation","Quantum technologies promise transformative advancements but pose significant
dual-use risks. Realizing their potential while mitigating risks necessitates a
robust, anticipatory, and harmonized EU regulatory framework, grounded in the
precautionary principle. Such a framework must be sui generis, as foundational
quantum mechanical phenomena -incl. superposition, entanglement, and tunneling
-defy the intuitive classical assumptions of factual certainty, causality, and
locality that underpin existing legal paradigms, demanding a bespoke regulatory
architecture that contributes to the emerging lex specialis for quantum
information technologies. Responding to the Quantum Europe Strategy, this
contribution outlines the rationale for a dedicated European Quantum Act.
Drawing lessons from legislative strategies in the semiconductor (EU/US Chips
Acts) and AI (EU AI Act) domains, and analyzing US and Chinese technology
policy, we argue the EU needs a 'full-stack' industrial policy. We propose the
EU Quantum Act should be a two-pillar instrument, combining New Legislative
Framework-style regulation with an ambitious Chips Act-style industrial and
security policy. This dual approach fosters innovation through strategic
investment (e.g. via a DARPA-style agency) while managing risk through clear,
risk-based tiers and regulatory sandboxes. This strategy is presented as
essential for EU technological sovereignty and for building a strong
transatlantic tech alliance. On the international stage, we advocate for a
global non-proliferation framework for quantum and AI wmd's inspired by the
IAEA/NPT model and overseen by an 'International Quantum Agency'. This vision
culminates in the 'Qubits for Peace' initiative, a global governance structure
to ensure quantum technologies are developed safely and ethically. The article
concludes by consolidating the analysis into a detailed legislative blueprint.",2025-09-13,2025,2460931.5,722767.5,arxiv,en,scientific_paper,http://arxiv.org/abs/2509.14262v1,fe8396dea45a374e3b0c771430303b03
1264,"Earthquake M7.4 - 102 km E of Petropavlovsk-Kamchatsky, Russia","Magnitude 7.4 earthquake at 102 km E of Petropavlovsk-Kamchatsky, Russia. Depth: Nonekm",2025-09-13,2025,2460931.5,722767.5,usgs_earthquake,en,geological_event,https://earthquake.usgs.gov/earthquakes/eventpage/us7000qvw5,60f4746fb4607f187c8e7320fa747960
943,Astrophysics: a Modern Discipline with a Newtonian origin,"Understanding the formation and evolution of stellar-mass binary black holes
(BBHs) requires a thorough investigation of the key physical processes
involved. While one pathway involves the isolated evolution of massive binary
stars, affected by uncertain stages like core-collapse supernovae and common
envelope evolution, an alternative channel is dynamical formation in dense
stellar environments. Newtonian gravity has traditionally provided a robust and
computationally efficient framework for modeling large-scale gravitational
interactions. However, accurately capturing close encounters and black hole
mergers necessitates the use of general relativity. This work focuses on
assessing the applicability of post-Newtonian gravity in bridging these
regimes, offering a physically insightful and computationally tractable
approach to modeling BBH formation in the gravitational-wave era of astronomy.",2025-09-15,2025,2460933.5,722769.5,arxiv,en,scientific_paper,http://arxiv.org/abs/2509.11886v1,1b46f1ea1a7223d6870b32b509f85cda
1263,"Earthquake M6 - 144 km ESE of Petropavlovsk-Kamchatsky, Russia","Magnitude 6 earthquake at 144 km ESE of Petropavlovsk-Kamchatsky, Russia. Depth: Nonekm",2025-09-15,2025,2460933.5,722769.5,usgs_earthquake,en,geological_event,https://earthquake.usgs.gov/earthquakes/eventpage/us7000qwch,c516accd80b9f0a92d5fc973a5604fde
942,James Burkett Hartle: a Biographical Memoir,"James Burkett Hartle was a theoretical physicist who made major contributions
to our understanding of relativistic stars, black holes, and cosmology. Most of
his career, however, was devoted to studying the universe as a quantum system.
As a result, he was known as the father of quantum cosmology. He is best known
for two seminal papers with Stephen Hawking that introduced two quantum states
of fundamental importance: the ""Hartle-Hawking vacuum"" for matter fields
outside a black hole, and the ""no-boundary wave function of the universe"" for
cosmology. Jim (as everyone called him) was a warm and caring person who was
genuinely concerned with the success of his students, postdocs, and colleagues.
He was generous with his time and helped to foster a culture of a welcoming
family among gravitational physicists.",2025-09-16,2025,2460934.5,722770.5,arxiv,en,scientific_paper,http://arxiv.org/abs/2509.14288v1,7a6b2aa122ae81374955de46ba7e455d
1262,"Earthquake M6 - 207 km SE of Kokopo, Papua New Guinea","Magnitude 6 earthquake at 207 km SE of Kokopo, Papua New Guinea. Depth: Nonekm",2025-09-16,2025,2460934.5,722770.5,usgs_earthquake,en,geological_event,https://earthquake.usgs.gov/earthquakes/eventpage/us7000qwir,0c1ff1cce73cc8670725d0069c49882e
940,"Der Stern von Bethlehem -- Einige Theorien und Hintergruende: Von der
  altorientalischen Astrologie ueber Kepler zu Newton","Many have have taken in hand to write a treatise on the Star of Bethlehem,
particularly on Kepler's explanation as a stellar birth, triggered by Mars
joining a great conjunction (a meeting of Jupiter and Saturn), as he observed
it in October 1604. It is the aim of my short treatise to introduce, at a
hopefully well digestible level, into underlying antiquity's concepts of
physics, astrology, and astronomy around the time of Christ's birth and to
demonstrate their essential developments up to the early modern period. In the
latter, Kepler played a significant role. His contributions enabled him to
calculate back to the year 7 BC with astonishing precision, locating a triple
great conjunction in Pisces, which was then complemented by Mars. This is
confirmed by both Babylonian tradition and modern astronomy. The following
background provided may be specifically helpful for a more theologically
oriented audience, also because the controversy surrounding ""geocentric"" and
""heliocentric"" world systems (Copernicus) is touched upon. And, because the
overall context raises questions for theology, with which the epilogue
concludes.",2025-09-18,2025,2460936.5,722772.5,arxiv,en,scientific_paper,http://arxiv.org/abs/2509.15387v2,1b5d103a4f9366bb3391677bb8da1dfe
941,Gauge symmetry and the arrow of time: How to count what counts,"This thesis addresses two major problems in the philosophy of physics. The
first is how to identify the minimal physical content of a theory; that is,
what features of a theory are truly needed to make predictions, and what can be
removed without changing its empirical consequences. The second is the problem
of time's arrow: why time seems to have a direction, even though the
fundamental laws of physics treat the past and future symmetrically.
  I show that answering the first question leads to insights about the second.
In particular, I argue that the overall size of the Universe is not used to
make predictions in cosmology, and so should not count as part of the theory's
minimal physical content. Describing the Universe without this feature leads to
a striking result: the arrow of time becomes a local phenomenon. Observers like
us who see a Universe full of matter clumped together to form structures like
stars and planets are statistically much more likely to see increasing
clumpiness into the future than into the past. This tendency helps explain our
experience of time's direction.",2025-09-18,2025,2460936.5,722772.5,arxiv,en,scientific_paper,http://arxiv.org/abs/2509.14720v1,aab11c563099ca53ae5b11110103940e
1260,"Earthquake M7.8 - 128 km E of Petropavlovsk-Kamchatsky, Russia","Magnitude 7.8 earthquake at 128 km E of Petropavlovsk-Kamchatsky, Russia. Depth: Nonekm",2025-09-18,2025,2460936.5,722772.5,usgs_earthquake,en,geological_event,https://earthquake.usgs.gov/earthquakes/eventpage/us7000qx2g,58b9c9ec5a144622c878d8c8b29157d1
1261,"Earthquake M6 - 26 km S of Nabire, Indonesia","Magnitude 6 earthquake at 26 km S of Nabire, Indonesia. Depth: Nonekm",2025-09-18,2025,2460936.5,722772.5,usgs_earthquake,en,geological_event,https://earthquake.usgs.gov/earthquakes/eventpage/us7000qx1z,000e038164131d5043c72280f4a49aa6
938,Chaotic interaction between thermodynamic systems,"In previous study [1], we proposed a new physical law applicable to both
particle and thermodynamical systems. Additionally, we introduced a physical
definition of chaos and self-organization. In the present work, we extend this
novel interaction scheme to various thermodynamical systems in order to test
the universality of the proposed law. Our results demonstrate that the dynamics
of these systems also exhibit chaotic behavior under different conditions. We
discussed the relationship between chaotic dynamics and the least action, and
for the first time, we proposed the ""Chaotic Action Principle"" (CAP).
Furthermore, we examined the validity of the physical and philosophical
foundations of this new law and the associated definition of chaos. Finally,
based on CAP, we proposed a new conceptual definition of complexity.",2025-09-19,2025,2460937.5,722773.5,arxiv,en,scientific_paper,http://arxiv.org/abs/2509.16403v1,37859bd77b3f3ddb63e3a2fdb64f54c6
939,Dualities in Physics,"For more than half a century, dualities have been at the heart of modern
physics. From quantum mechanics to statistical mechanics, condensed matter
physics, quantum field theory and quantum gravity, dualities have proven useful
in solving problems that are otherwise quite intractable. Being surprising and
unexpected, dualities have been taken to raise philosophical questions about
the nature and formulation of scientific theories, scientific realism,
emergence, symmetries, explanation, understanding, and theory construction.
This book discusses what dualities are, gives a selection of examples, explores
the themes and roles that make dualities interesting, and highlights their most
salient types. It aims to be an entry point into discussions of dualities in
both physics and philosophy. The philosophical discussion emphasises three main
topics: whether duals are theoretically equivalent, the view of scientific
theories that is suggested by dualities (namely, a geometric view of theories),
and the compatibility between duality and emergence.",2025-09-19,2025,2460937.5,722773.5,arxiv,en,scientific_paper,http://arxiv.org/abs/2509.15866v1,229f396bcda469a23ba3b157738cb35f
1259,"Earthquake M6 - 98 km ESE of Ozernovskiy, Russia","Magnitude 6 earthquake at 98 km ESE of Ozernovskiy, Russia. Depth: Nonekm",2025-09-19,2025,2460937.5,722773.5,usgs_earthquake,en,geological_event,https://earthquake.usgs.gov/earthquakes/eventpage/us6000rge8,e854f853e465443a1c78a9408037d45e
937,The Aharonov-Bohm effect: reality and folklore,"The Aharonov-Bohm (A-B) effect has been a major focus of the foundations of
physics. And yet, much confusion persists. In particular, the effect
purportedly leads to a dilemma: on one horn, we have a non-local action of a
gauge-invariant quantity on charged particles; on the other, we get a local
action on these particles, but of a non-gauge invariant quantity. This is the
folklore, but the folklore is filled with misconceptions. Here, by deploying a
recently defended formulation of gauge theory that dispenses with principal
bundles, gauge potentials, and explicit gauge symmetries, I argue, with
previous authors, that the A-B effect can be understood gauge-independently.
But here my argument will go further: I will show that the A-B effect, when
expressed in terms of the covariant derivative of a vector bundle, is
\emph{entirely} analogous to the holonomy of spacetime vectors, and can be
understood completely locally. The only surprising idea illustrated by the A-B
effect is that, in some circumstances, there is more to the covariant
derivative than can be accounted for by the curvature and underlying topology
of a vector bundle.",2025-09-23,2025,2460941.5,722777.5,arxiv,en,scientific_paper,http://arxiv.org/abs/2509.19407v1,7b1cdb5246eea60a7664fb0ee36ae18f
934,On functional freedom and Penrose's critiques of string theory,"In his The Road to Reality as well as in his Fashion, Faith and Fantasy,
Roger Penrose criticises string theory and its practitioners from a variety of
angles ranging from conceptual, technical, and methodological objections to
sociological observations about the string theoretic scientific community. In
this article, we assess Penrose's conceptual/technical objections to string
theory, focussing in particular upon those which invoke the notion of
`functional freedom'. In general, we do not find these arguments to be
successful.",2025-09-25,2025,2460943.5,722779.5,arxiv,en,scientific_paper,http://arxiv.org/abs/2509.21515v1,7ce9879414e177c7ba25ad3ce23afc92
935,Is string field theory background independent?,"String field theory is supposed to stand to perturbative string theory as
quantum field theory stands to single-particle quantum theory; as such, it
purports to offer a substantially more general and powerful perspective on
string theory than the perturbative approach. In addition, string field theory
has been claimed for several decades to liberate string theory from any fixed,
background spatiotemporal commitments -- thereby (if true) rendering it
`background independent'. But is this really so? In this article, we undertake
a detailed interrogation of this claim, finding that the verdict is sensitive
both to one's understanding of the notion of background independence, and also
to how one understands string field theory itself. Although in the end our
verdicts on the question of the background independence are therefore somewhat
mixed, we hope that our study will elevate the levels of systematicity and
rigour in these discussions, as well as equip philosophers of physics with a
helpful introduction to string field theory and the variety of interesting
conceptual questions which it raises.",2025-09-25,2025,2460943.5,722779.5,arxiv,en,scientific_paper,http://arxiv.org/abs/2509.21159v1,17114c20d47a60496b56a246534c271f
936,"Comment on Galina Weinstein's article entitled ""Convergences and
  Divergences: Einstein Poincaré and Special Relativity""","In 2024, after thirty years of research on this subject, I published a book
entitled: Poincar\'e, Einstein and the discovery of special relativity. An end
to the controversy (Ginoux2024). In September 2025, Galina Weinstein published
a review of this book entitled: Convergences and Divergences: Einstein
Poincar\'e and Special Relativity (arXiv:2509.09361) in which she aimed ""to
show how Einstein's ether-free, principle-based kinematics marked out a path
that, unlike its contemporaries, became the canonical form of special
relativity.'' To this end, she claimed to reconstruct ""in a novel way, the 1905
derivations of Einstein and Poincar\'e, highlighting their contrasting paths''.
In her paper, she proposed a mathematical presentation of ""the 1905 derivations
of Poincar\'e and Einstein''. And then, she pretended to trace ""their
similarities and, more importantly, their differences.'' Unfortunately,
Weinstein's review of my book contains a number of mistakes, falsehoods and
misleading criticisms that I would like to point out here. To this aim, I will
follow the structure of Weinstein's paper and show section by section all the
erroneous historical facts she has reported.",2025-09-25,2025,2460943.5,722779.5,arxiv,en,scientific_paper,http://arxiv.org/abs/2509.22726v1,a35d20b289ab792cf5419d7ea41d3c45
1257,"Earthquake M6.3 - 26 km ENE of Mene Grande, Venezuela","Magnitude 6.3 earthquake at 26 km ENE of Mene Grande, Venezuela. Depth: Nonekm",2025-09-25,2025,2460943.5,722779.5,usgs_earthquake,en,geological_event,https://earthquake.usgs.gov/earthquakes/eventpage/us6000rcqw,eb462b5eececb00184c030029985ee39
1258,"Earthquake M6.2 - 8 km ENE of Mene Grande, Venezuela","Magnitude 6.2 earthquake at 8 km ENE of Mene Grande, Venezuela. Depth: Nonekm",2025-09-25,2025,2460943.5,722779.5,usgs_earthquake,en,geological_event,https://earthquake.usgs.gov/earthquakes/eventpage/us6000rcnw,21f2c188081b85cce944dc9441de6314
933,Naturalistic intuitionism for physics,"Recently, a novel intuitionistic reconstruction of the foundations of physics
has been primarily developed by Nicolas Gisin and Flavio Del Santo drawing on
naturalism. Our goal in this paper is to examine and develop the philosophical
background of their naturalistic intuitionism for physics in contrast with
Brouwer's defense of his intuitionistic mathematics. To be exact, we propose a
systematic rearticulation of Brouwer's so-called two acts of intuitionism to
serve as the self-contained philosophical framework justifying naturalistic
intuitionism in physics. This revision is accompanied by an investigation of
the distinctive naturalistic treatment of some central intuitionistic topics,
including logic, language, time, ontology, meaning, and truth.",2025-09-26,2025,2460944.5,722780.5,arxiv,en,scientific_paper,http://arxiv.org/abs/2509.22528v1,f029187bd4363c44087b8d30710c1779
932,"From statistical dependence to the space of possible superdeterministic
  theories","Bell's theorem demonstrates that any physical theory that is consistent with
the predictions of quantum mechanics, and which satisfies some apparently
innocuous assumptions, must violate the principle of local causality. It may
therefore be possible to maintain local causality by rejecting one of these
other assumptions instead. One possibility that has recently received
significant attention involves rejecting the principle of statistical
independence (SI). In this paper, we consider the frequency interpretation of
SI, which states that $\rho(\lambda) \approx \rho(\lambda | Z)$, where
$\rho(\lambda)$ is the relative frequency of an element of an ensemble being in
the state $\lambda$, and $Z$ is a label that separates the ensemble into
apparently randomly selected sub-ensembles. SI is violated when the
sub-ensemble frequency $\rho(\lambda | Z)$ fails to be representative of the
ensemble frequency $\rho(\lambda)$. We argue that physical theories that
systematically violate SI should all be understood as superdeterministic. This
perspective on SI sheds light on a number of issues that are being debated in
the superdeterminism literature, especially concerning its scope and
philosophical consequences. Regarding scope, we argue that superdeterministic
theories fall into three categories, deterministic theories with fine-tuned
initial conditions, fluke theories, and nomic exclusion theories. We also argue
that retrocausal and invariant set theories need not violate SI, which is
contrary to how they are normally presented. Regarding philosophical
implications, we argue that superdeterminism is incompatible with free will
according to some prominent compatibilist accounts. We also argue that although
superdeterminism is conspiratorial, it is not unscientific, but pre-scientific.",2025-09-27,2025,2460945.5,722781.5,arxiv,en,scientific_paper,http://arxiv.org/abs/2509.23047v1,5e53640681cabc4cc7b1368e57aab822
931,Particles before symmetry,"The standard model of particle physics is usually cast in symmetry-first
terms. Recently, a geometry-first picture has been proposed, in which the
relevant symmetries do not appear explicitly at the ground level of ontology.
In this paper I extend this approach to two central mechanisms of the standard
model: spontaneous symmetry breaking and the Yukawa coupling, both essential
for particles to acquire mass. These reformulations offer alternative
explanations cast in purely geometric terms. For example, a particle's quantum
numbers correspond to the internal space it inhabits and to the geometric type
of object it is (e.g. an $(n,m)$-tensor). I argue that a symmetry-first account
in terms of principal and associated bundles admits a genuine geometry-first
counterpart only when the group's representation coincides with the
automorphism group of the fibre -- a condition that cuts the slack tolerated by
the symmetry-first view.",2025-09-28,2025,2460946.5,722782.5,arxiv,en,scientific_paper,http://arxiv.org/abs/2509.25276v3,28d7ff4c90de669cbb1b6062912c5c68
929,Diffeomorphism Invariance and Background Independence,"This paper answers examines the relationship between Diffeomorphism
Invariance and Background Independence. First, a review of the relationship
between Background Independence, General Relativity (GR) and pre-GR theories
are given. Then, a wide range of other conceptions of background independence
is discussed. It is shown that the definition of Background Independence is
fluid and can mean different things to different philosophers and/or
physicists. Most pertinently, the paper addresses the question of what kind of
background independence is implied by a mathematical criterion of
diffeomorphism invariance or in what sense is diffeomorphism invariance
background independence. Lastly, the concept of haecceity in relation to
diffeomorphism invariance is discussed.",2025-09-30,2025,2460948.5,722784.5,arxiv,en,scientific_paper,http://arxiv.org/abs/2509.26450v1,c1d051ffff3a93a344157124be0f5cd9
930,"Lorentz, Poincaré, and Einstein: Rethinking Doppler, Aberration, and
  the Fresnel Drag","This paper examines Lorentz's 1895 derivations of the classical Doppler
formula and Fresnel drag, Einstein's 1905 derivation of the relativistic
Doppler effect and aberration, and Einstein's 1907 kinematical route to the
exact velocity composition law from which Fresnel drag is obtained as a
low-velocity limit. Einstein acknowledged that he had read Lorentz's ""Versuch""
well before 1905. In 1907, Einstein identified Lorentz's ""Versuch"" as a crucial
precursor to relativity. In that work, Lorentz had already invoked local time
to derive Fresnel's drag coefficient from Maxwell's equations. There is a
genuine ""family resemblance"" between Lorentz's and Einstein's treatments in
that both preserve the phase of a plane wave under transformation. Yet I
demonstrate that this resemblance is only formal. I also discuss the absence of
the relativistic Doppler and aberration laws in Poincar\'e's Dynamics of the
Electron.",2025-09-30,2025,2460948.5,722784.5,arxiv,en,scientific_paper,http://arxiv.org/abs/2509.26389v1,89e9018fc98567199be60e3048ce4e19
1255,"Earthquake M6 - 31 km ESE of Kalianget, Indonesia","Magnitude 6 earthquake at 31 km ESE of Kalianget, Indonesia. Depth: Nonekm",2025-09-30,2025,2460948.5,722784.5,usgs_earthquake,en,geological_event,https://earthquake.usgs.gov/earthquakes/eventpage/us6000rdta,51f54033d4e11387913caacfb38cf8c2
1256,"Earthquake M6.9 - 12 km E of Bateria, Philippines","Magnitude 6.9 earthquake at 12 km E of Bateria, Philippines. Depth: Nonekm",2025-09-30,2025,2460948.5,722784.5,usgs_earthquake,en,geological_event,https://earthquake.usgs.gov/earthquakes/eventpage/us6000rdrz,cf8942847cc6d11e2846c5afcb276079
352,"RLSTATE={""ext.gadget.wikiflex"":""ready"",""ext.gadget.infobox"":""ready"",""ext.gadget.hlist"":""ready"",""ext.","RLSTATE={""ext.gadget.wikiflex"":""ready"",""ext.gadget.infobox"":""ready"",""ext.gadget.hlist"":""ready"",""ext.gadget.darkmode-overrides"":""ready"",""ext.gadget.small-references"":""ready"",""ext.gadget.citation-access-info"":""ready"",""ext.gadget.sprawdz-problemy-szablony"":""ready"",""ext.globalCssJs.user.styles"":""ready"",""site.styles"":""ready"",""user.styles"":""ready"",""ext.globalCssJs.user"":""ready"",""user"":""ready"",""user.options"":""loading"",""ext.cite.styles"":""ready"",""ext.wikimediamessages.styles"":""ready"",""skins.vector.search.codex.styles"":""ready"",""skins.vector.styles"":""ready"",""skins.vector.icons"":""ready"",""jquery.makeCollapsible.styles"":""ready"",""ext.flaggedRevs.basic"":""ready"",""mediawiki.codex.messagebox.styles"":""ready"",""ext.visualEditor.desktopArticleTarget.noscript"":""ready"",""ext.uls.interlanguage"":""ready"",""wikibase.client.init"":""ready""};RLPAGEMODULES=[""ext.xLab"",""ext.cite.ux-enhancements"",""ext.scribunto.logs"",""site"",""mediawiki.page.ready"",""jquery.makeCollapsible"",""mediawiki.toc"",""skins.vector.js"",""ext.centralNotice.geoIP"",""ext.centralNotice.startUp"",""ext.flaggedRevs.advanced"",""ext.gadget.ll-script-loader"",""ext.gadget.veKeepParameters"",""ext.gadget.szablon-galeria"",""ext.gadget.NavFrame"",""ext.gadget.citoid-overrides"",""ext.gadget.maps"",""ext.gadget.padlock-indicators"",""ext.gadget.interwiki-langlist"",""ext.gadget.edit-summaries"",""ext.gadget.edit-first-section"",""ext.gadget.wikibugs"",""ext.gadget.map-toggler"",""ext.gadget.narrowFootnoteColumns"",""ext.gadget.ally-enhance"",""ext.gadget.WDsearch"",""ext.urlShortener.toolbar"",""ext.centralauth.centralautologin"",""mmv.bootstrap"",""ext.popups"",""ext.visualEditor.desktopArticleTarget.init"",""ext.visualEditor.targetLoader"",""ext.echo.centralauth"",""ext.eventLogging"",""ext.wikimediaEvents"",""ext.navigationTiming"",""ext.uls.interface"",""ext.cx.eventlogging.campaigns"",""ext.cx.uls.quick.actions"",""wikibase.client.vector-2022"",""ext.checkUser.clientHints"",""ext.growthExperiments.SuggestedEditSession""];</script>",2025-10-01,2025,2460949.5,722785.5,wikipedia_pl,pl,wydarzen,https://pl.wikipedia.org/wiki/2025,62ca9a2084b21f8faa200ce8fcb067b9
353,10.76%  103.233      1 Szablon:Szablon_nawigacyjny,10.76%  103.233      1 Szablon:Szablon_nawigacyjny,2025-10-01,2025,2460949.5,722785.5,wikipedia_pl,pl,wydarzen,https://pl.wikipedia.org/wiki/2025,c5eba0ed312ca79664a31d722ffb4f13
354,5.48%   52.570      1 Szablon:Miesiąc,5.48%   52.570      1 Szablon:Miesiąc,2025-10-01,2025,2460949.5,722785.5,wikipedia_pl,pl,wydarzen,https://pl.wikipedia.org/wiki/2025,fd0eac1c5b77bba52411326b65e34425
355,4.85%   46.523      1 Szablon:Kalendarz,4.85%   46.523      1 Szablon:Kalendarz,2025-10-01,2025,2460949.5,722785.5,wikipedia_pl,pl,wydarzen,https://pl.wikipedia.org/wiki/2025,ec7b86c8c98a72a3bca0f40c23b31202
356,4.78%   45.895      5 Szablon:Link-interwiki,4.78%   45.895      5 Szablon:Link-interwiki,2025-10-01,2025,2460949.5,722785.5,wikipedia_pl,pl,wydarzen,https://pl.wikipedia.org/wiki/2025,c5e583d020f9ea1fdbd196bb5dfb89bf
357,2.37%   22.775      1 Szablon:Commonscat,2.37%   22.775      1 Szablon:Commonscat,2025-10-01,2025,2460949.5,722785.5,wikipedia_pl,pl,wydarzen,https://pl.wikipedia.org/wiki/2025,e2b9dd4a45219e4f0c2ad593d47fe329
358,"Zobacz szczegółowe informacje o <a class=""external text"" href=""https://foundation.wikimedia.org/wiki","Zobacz szczegółowe informacje o <a class=""external text"" href=""https://foundation.wikimedia.org/wiki/Policy:Terms_of_Use/pl"">warunkach korzystania</a>.</li>",2025-10-01,2025,2460949.5,722785.5,wikipedia_pl,pl,wydarzen,https://pl.wikipedia.org/wiki/2025,e6248bf33fb95b2b89ad52f4b5682863
678,"class=""vector-toc-list-item vector-toc-level-1 vector-toc-list-item-expanded"">","class=""vector-toc-list-item vector-toc-level-1 vector-toc-list-item-expanded"">",2025-10-01,2025,2460949.5,722785.5,wikipedia_en,en,events,https://en.wikipedia.org/wiki/2025,cba7e50d76a758dd3d6710f2c9d8d8a7
679,"class=""vector-toc-list-item vector-toc-level-2"">","class=""vector-toc-list-item vector-toc-level-2"">",2025-10-01,2025,2460949.5,722785.5,wikipedia_en,en,events,https://en.wikipedia.org/wiki/2025,0f357bf7069cbf538e1d92117b10758e
680,"Millennium</th></tr><tr><td class=""sidebar-content hlist"">","Millennium</th></tr><tr><td class=""sidebar-content hlist"">",2025-10-01,2025,2460949.5,722785.5,wikipedia_en,en,events,https://en.wikipedia.org/wiki/2025,494dfbd7413f687f550d6295f81d598c
681,"Centuries</th></tr><tr><td class=""sidebar-content hlist"">","Centuries</th></tr><tr><td class=""sidebar-content hlist"">",2025-10-01,2025,2460949.5,722785.5,wikipedia_en,en,events,https://en.wikipedia.org/wiki/2025,9c4daaba6020d6fd6db145bbe6e96b94
682,"Decades</th></tr><tr><td class=""sidebar-content hlist"">","Decades</th></tr><tr><td class=""sidebar-content hlist"">",2025-10-01,2025,2460949.5,722785.5,wikipedia_en,en,events,https://en.wikipedia.org/wiki/2025,06c2d8f2daacfd323a9d9cec67405f43
812,"| <a href=""/wiki/2030er"" title=""2030er"">2030er</a>&#160;| <a href=""/wiki/2040er"" title=""2040er"">2040","| <a href=""/wiki/2030er"" title=""2030er"">2030er</a>&#160;| <a href=""/wiki/2040er"" title=""2040er"">2040er</a><br />",2025-10-01,2025,2460949.5,722785.5,wikipedia_de,de,ereignis,https://de.wikipedia.org/wiki/2025,790347c5249ef51fa71515bba54287ec
813,"| <a href=""/wiki/2026"" title=""2026"">2026</a>&#160;| <a href=""/wiki/2027"" title=""2027"">2027</a>&#160;","| <a href=""/wiki/2026"" title=""2026"">2026</a>&#160;| <a href=""/wiki/2027"" title=""2027"">2027</a>&#160;| <a href=""/wiki/2028"" title=""2028"">2028</a>&#160;| <a href=""/wiki/2029"" title=""2029"">2029</a>&#160;| <a href=""/wiki/2030"" title=""2030"">►</a><br />",2025-10-01,2025,2460949.5,722785.5,wikipedia_de,de,ereignis,https://de.wikipedia.org/wiki/2025,3173cf8d29361102261c5c9962ca55ed
896,"class=""vector-toc-list-item vector-toc-level-1 vector-toc-list-item-expanded"">","class=""vector-toc-list-item vector-toc-level-1 vector-toc-list-item-expanded"">",2025-10-01,2025,2460949.5,722785.5,wikipedia_fr,fr,événement,https://fr.wikipedia.org/wiki/2025,285046da939d4b6c47bbb720f844f5e7
928,"Comment on Marek Czachor article entitled ""On Relativity of Quantumness
  as Implied by Relativity of Arithmetic and Probability""","Czachor's model of hierarchical arithmetics begins with a valid formal
premise but fixes the key probability mapping g by importing the Born rule and
Fubini-Study metric from standard quantum mechanics, where Born probabilities
are Kolmogorov within a fixed measurement context. This g is then applied in a
non-Newtonian hidden-variable setting, producing a hybrid framework whose
agreement with quantum correlations is built in by design, not derived from new
physics, and thus does not constitute a genuine counterexample to Bell's
theorem",2025-10-02,2025,2460950.5,722786.5,arxiv,en,scientific_paper,http://arxiv.org/abs/2510.02412v2,84cea7dacb3b542737821ed7acf79c48
926,"A century of the Bose-Einstein condensation concept and half a century
  of the JINR experiments for observation of condensate in the superfluid 4He
  (He II)","This short review is devoted to celebration of two major events in quantum
physics. The first one is the birth of the concept of Bose-Einstein
condensation (1925) and the second is the experimental proof that it does exist
and appears in the liquid 4He simultaneously with superfluidity below the
$\lambda$-point (1975). The both of these events are tightly related to the
Bogoliubov theory of superfluidity (1947). The existence of condensate in the
system of interacting bosons is the key ansatz of this theory. Therefore, the
experiments started in JINR in 1975 confirmed this prediction of the Bogoliubov
theory that superfluidity of the liquid 4He (He II) should emerge at the same
time as the Bose-Einstein condensation.",2025-10-03,2025,2460951.5,722787.5,arxiv,en,scientific_paper,http://arxiv.org/abs/2510.03378v1,299f30077eaf500f7d5b223cbd6cddd1
927,An account of the arrow of time when scale is surplus,"Existing accounts of the cosmological arrow of time face a dilemma:
generalist approaches that posit time-asymmetric laws lack independent
motivation, while particularist approaches that invoke a Past Hypothesis face
serious conceptual and explanatory problems. We propose a novel account that
dispenses with the need for both time-asymmetric laws and a Past Hypothesis.
Instead, it is centred around a symmetry argument that reveals attractors and
so-called 'Janus points'. The main idea is that the global spatial scale of the
Universe is not empirically accessible, and should therefore be treated as
surplus structure. By contrast, the Hubble parameter, which encodes the
relative rate of change of scale, is empirically accessible. Once the scale
redundancy is eliminated, the empirically meaningful description of cosmic
dynamics involves a drag-like variable that transforms in a way that preserves
time-reversal invariance. The resulting space of dynamical possibilities
possesses universal attractors and Janus points, giving rise to particular
states in which observers experience a cosmological arrow of time akin to our
own. We illustrate the proposal by applying it to cosmological and
gravitational N-body models, showing how it accounts, respectively, for the
rapid cooling of the early universe and its relative smoothness.",2025-10-03,2025,2460951.5,722787.5,arxiv,en,scientific_paper,http://arxiv.org/abs/2510.03041v1,b075e70d5dd6039889bd5af5389edcb8
1254,"Earthquake M6.1 - 177 km SE of Vilyuchinsk, Russia","Magnitude 6.1 earthquake at 177 km SE of Vilyuchinsk, Russia. Depth: Nonekm",2025-10-03,2025,2460951.5,722787.5,usgs_earthquake,en,geological_event,https://earthquake.usgs.gov/earthquakes/eventpage/us6000rei1,ea2c67f0008c2613a6a5fc34496e4af8
925,"Comment on ""Comment on Galina Weinstein's article entitled 'Convergences
  and Divergences: Einstein Poincaré and Special Relativity' ""","This paper provides a systematic response to the criticisms raised by
Jean-Marc Ginoux in response to my review of his book on the history of
relativity. Whereas my review was written in a strictly academic manner,
Ginoux's commentary intermingles mathematical objections with ad hominem
insinuations about both Einstein and me. The purpose of this reply is twofold:
first, to clarify the historiographical and conceptual issues at stake in the
interpretation of Einstein's 1905 paper and Poincar\'e's contributions of
1905--1906; and second, to demonstrate why the conflation of algebraic form
with conceptual content leads to distorted conclusions.",2025-10-04,2025,2460952.5,722788.5,arxiv,en,scientific_paper,http://arxiv.org/abs/2510.03793v1,e2eee57d0fd03f072c985763e759ef3d
922,Inspiring stories from women in astronomy in Africa,"In preparation for the International Astronomical Union (IAU) General
Assembly (GA) 2024, the first GA held in Africa, the African Network of Women
in Astronomy (AfNWA) embarked on a visionary project: the creation of an
inspiring storytelling book that showcases the remarkable journeys of
professional female astronomers in Africa. This book is not merely a collection
of biographies; it is a tapestry of resilience, passion, and scientific
excellence woven through the lives of women who have ventured into the cosmos
from the African continent. The primary aim of this book is twofold. Firstly,
it seeks to bring greater visibility to women astronomers in Africa,
highlighting their groundbreaking research and the personal stories that have
shaped their careers. By shining a light on their achievements and awards, we
hope to acknowledge their contributions to the field of astronomy and
underscore the importance of diversity in science. Secondly, this book aspires
to inspire and empower the next generation of scientists, particularly young
women and girls across Africa. Through the personal narratives and professional
achievements of these trailblazing astronomers and students in astronomy, we
aim to spark curiosity, foster a love for science, and demonstrate that the sky
is not the limit but just the beginning for those who dare to dream. As you
delve into the stories within these pages, you will encounter a rich array of
experiences and insights that reflect the unique challenges and triumphs women
face in astronomy. From overcoming societal barriers to making groundbreaking
discoveries, these women have carved paths that others can follow, proving that
with determination and passion, the stars are within reach for everyone.",2025-10-06,2025,2460954.5,722790.5,arxiv,en,scientific_paper,http://arxiv.org/abs/2510.05195v1,a63d5b0e2c679e11470d5a519bcabeb3
923,Two Wrongs Make One Right,"An influential argument for scientific realism posits that, if scientific
theories were not true, their empirical success would be a coincidence. Here, I
show that the false Drude's theory succeeds in explaining the Wiedemann-Franz
law by coincidence--a fortuitous compensation of errors.",2025-10-06,2025,2460954.5,722790.5,arxiv,en,scientific_paper,http://arxiv.org/abs/2510.04962v1,2cc7992d3556ac151e0129c367734c11
924,"Lorentz, Poincare, Einstein, and the Genesis of the Theory of Special
  Relativity","This work offers a historical reading of the genesis of special relativity by
placing the contributions of Lorentz, Poincare, and Einstein within their
scientific and editorial context. It highlights the importance of the German
periodical Beiblatter zu den Annalen der Physik as a key channel for the
dissemination of international scientific research. The perspective advanced
here is that the true revolution did not lie in special relativity itself, but
in Maxwell's electrodynamics. Special relativity thus appears as the necessary
expression of a framework already transformed by the universality of the speed
of light.",2025-10-06,2025,2460954.5,722790.5,arxiv,en,scientific_paper,http://arxiv.org/abs/2510.17838v2,cfbd35a32d8910220a2fd727d78567a7
1253,"Earthquake M6.6 - 20 km W of Lae, Papua New Guinea","Magnitude 6.6 earthquake at 20 km W of Lae, Papua New Guinea. Depth: Nonekm",2025-10-07,2025,2460955.5,722791.5,usgs_earthquake,en,geological_event,https://earthquake.usgs.gov/earthquakes/eventpage/us6000rfb2,149a16e3c6101c3dc5e08f2e443f92ec
921,"Fresnel's Mechanical Legacy Recovered: How Bubble Acoustics Unifies
  Partial Drag, Velocity Addition, and Atomic Polarization","Sound waves in bubbly water and light in special relativity obey identical
first-order transport laws. This equivalence is not approximate or analogical
but mathematically identical to first order in $U/v$, sharing the same form
discovered by Fresnel in 1818 for light in moving transparent media. We
demonstrate that all three systems-bubble acoustics, optical drag, and
relativistic velocity addition-are described by a universal partial entrainment
equation where wave coupling to compliant components determines the drag
coefficient. In bubbly liquids this physics is directly observable: waves
couple to compressible bubbles rather than rigid liquid. Since bubble dynamics
reproduces the relativistic result, velocity addition itself admits mechanical
interpretation. Von Laue's 1907 derivation abstracted mechanics into
kinematics; we reverse this, showing relativistic effects preserve mechanical
content in abstract form. Beyond first-order equivalence, we show Fresnel's
dispersive term encodes group velocity (energy transport) versus phase velocity
(wave-crest motion)-a distinction mechanical models naturally capture but pure
kinematic velocity addition cannot address. The rigidity-based interpretation
of dispersion, established in acoustic metamaterials, provides cross-domain
insights for materials design and suggests testable predictions linking
acoustic compliance to optical drag. This three-way equivalence reduces
independent phenomena to a single principle: waves riding compliant inclusions.
Fresnel drag, Lorentz contraction, and atomic polarization all emerge as
aspects of this one mechanism, traced through the historical
density-versus-rigidity fork that shaped aether theory's trajectory. The
compliant-inclusion principle shows striking quantitative agreement with
isotope mass-dependence and resonance structure in existing spectroscopic data.",2025-10-08,2025,2460956.5,722792.5,arxiv,en,scientific_paper,http://arxiv.org/abs/2510.19833v1,f4774a67b51310cdb6c51bc3b09786a2
1252,"Earthquake M6.1 - 120 km E of Ozernovskiy, Russia","Magnitude 6.1 earthquake at 120 km E of Ozernovskiy, Russia. Depth: Nonekm",2025-10-09,2025,2460957.5,722793.5,usgs_earthquake,en,geological_event,https://earthquake.usgs.gov/earthquakes/eventpage/us6000rft9,55263fabd4563e7e105ef738f2dc97df
920,Two Types of Natural Kind Discovery: Nobel Meets Kuhn,"Philosophers have spilled much ink over the discovery of ideas in the
classical 'context of discovery'. However, there has been little engagement
with the question of what constitutes a discovery of 'things in the world'. A
much-overlooked answer to this question is provided by T.S. Kuhn. In this
paper, I show that discoveries awarded with a Nobel Prize in Physics in the
past 53 years accord with a basic premise of Kuhn's account and his distinction
between two types of natural kind discoveries. I also draw normative
conclusions for credit attribution in science.",2025-10-10,2025,2460958.5,722794.5,arxiv,en,scientific_paper,http://arxiv.org/abs/2510.09069v1,c66d969831927ac595e9bff168f4ef2a
1248,Earthquake M7.6 - Drake Passage,Magnitude 7.6 earthquake at Drake Passage. Depth: Nonekm,2025-10-10,2025,2460958.5,722794.5,usgs_earthquake,en,geological_event,https://earthquake.usgs.gov/earthquakes/eventpage/us6000rgf4,a59f66789e70adce8373efee45862c59
1249,"Earthquake M6.7 - 23 km ESE of Santiago, Philippines","Magnitude 6.7 earthquake at 23 km ESE of Santiago, Philippines. Depth: Nonekm",2025-10-10,2025,2460958.5,722794.5,usgs_earthquake,en,geological_event,https://earthquake.usgs.gov/earthquakes/eventpage/us6000rg2r,86f86bce4d5e8dbfaba45b9143a3f81c
1250,"Earthquake M6.3 - 134 km SE of Lorengau, Papua New Guinea","Magnitude 6.3 earthquake at 134 km SE of Lorengau, Papua New Guinea. Depth: Nonekm",2025-10-10,2025,2460958.5,722794.5,usgs_earthquake,en,geological_event,https://earthquake.usgs.gov/earthquakes/eventpage/us6000rfye,43ef4b3b1cf17f53ac25689a8e404366
1251,"Earthquake M7.4 - 20 km E of Santiago, Philippines","Magnitude 7.4 earthquake at 20 km E of Santiago, Philippines. Depth: Nonekm",2025-10-10,2025,2460958.5,722794.5,usgs_earthquake,en,geological_event,https://earthquake.usgs.gov/earthquakes/eventpage/us6000rfwz,a44db640b5cdadec368fc6edf137adad
1247,"Earthquake M6 - 7 km W of Bacolod, Philippines","Magnitude 6 earthquake at 7 km W of Bacolod, Philippines. Depth: Nonekm",2025-10-11,2025,2460959.5,722795.5,usgs_earthquake,en,geological_event,https://earthquake.usgs.gov/earthquakes/eventpage/us6000rgkr,149c8fc4d40775680d46e2bc319e4beb
918,"French on London and Bauer, and QBism","In this article I compare two interpretations of quantum mechanics (QM) that
draw inspiration from phenomenology: the London-Bauer-French interpretation
(hereafter LBF) as articulated by Steven French, and QBism. I give special
attention to certain disagreements between QBism and LBF identified French's
work, as well as French's related claims that QBism may be at odds with key
ideas in phenomenology. My main finding is that QBism does not fare so badly
with phenomenology as French makes out; in particular it can be made compatible
with Zahavi's correlationism and Husserl's notion of intersubjectivity, both of
which strongly inform LBF. Nevertheless, I concur with French's argument that
QBism is incompatible with the conception of quantum measurement in LBF, hence
also with that of Merleau-Ponty, as the latter based his own analysis on that
of London and Bauer. I explain why I find QBism's account preferable in this
case.",2025-10-13,2025,2460961.5,722797.5,arxiv,en,scientific_paper,http://arxiv.org/abs/2510.11544v1,b5b09cb222d17f20c9cf2434775ba9f1
919,"Relative Information, Relative Facts","We offer a fresh perspective on the relational interpretation of quantum
mechanics as a way of thinking about the world described by quantum theory
based on quantifiable notions of information. This allows us to provide a
definition of a relative fact, with no addition to orthodox quantum theory and
no fundamentally special role for observers. By associating perspectives with
commutative observables rather than entire quantum systems, several previous
problems with the interpretation are dissolved. As a side result, we show how a
quantum measurement, properly described, is a continuous process.",2025-10-13,2025,2460961.5,722797.5,arxiv,en,scientific_paper,http://arxiv.org/abs/2510.11349v1,df4f99e9a08911c5d49f31b8477a2abc
914,"Is Gravity Truly Balanced? A Historical-Critical Journey Through the
  Equivalence Principle and the Genesis of Spacetime Geometry","We present a novel derivation of the spacetime metric generated by matter,
without invoking Einstein's field equations. For static sources, the metric
arises from a relativistic formulation of D'Alembert's principle, where the
inertial force is treated as a real dynamical entity that exactly compensates
gravity. This leads to a conformastatic metric whose geodesic equation,
parametrized by proper time, reproduces the relativistic version of Newton's
second law for free fall. To extend the description to moving matter, uniformly
or otherwise, we apply a Lorentz transformation to the static metric. The
resulting non static metric accounts for the motion of the sources and,
remarkably, matches the weak field limit of general relativity as obtained from
the linearized Einstein equations in the de Donder or Lorenz gauge. This
approach, at least at Solar System scales, where gravitational fields are weak,
is grounded in a new dynamical interpretation of the Equivalence Principle. It
demonstrates how gravity can emerge from the relativistic structure of inertia,
without postulating or solving Einstein's equations.",2025-10-15,2025,2460963.5,722799.5,arxiv,en,scientific_paper,http://arxiv.org/abs/2510.13938v1,e30f1528a51ba8b1df57ffb52090319f
915,Math{é}matiques et M{é}canique {à} Strasbourg entre 1871 et 1939,"The University of Strasbourg, fundamentally humanistic since its creation,
has a complicated history, being sometimes German, sometimes French through the
ages. If one focus, from 1871, on the area of mathematics, we can identify two
periods. Political goals led to send high-level scientists, sometimes rather
young, to develop theoretical, later applied mathematics, leading to a novel
area, mechanics. The first period, under Prussian influence until 1918, will
see the emergence of an Institute of mathematics such it was existing in
G{\""o}ttingen; the second, dominated by the French influence, will make
Strasbourg an anteroom to positions at the prestigious Faculty of Sciences in
Paris, the Sorbonne, the Academy of Sciences or the ENS. Present communication
will give an inside, through its history, of the development of Mathematics in
Strasbourg, prelude to emerging Mechanics and the creation of what will become
the Institut de M{\'e}canique des Fluides et des Solides en 2000.",2025-10-15,2025,2460963.5,722799.5,arxiv,en,scientific_paper,http://arxiv.org/abs/2510.13280v1,39e27e7b3f563728fd32a1bf16542c74
916,Agency cannot be a purely quantum phenomenon,"What are the physical requirements for agency? We investigate whether a
purely quantum system (one evolving unitarily in a coherent regime without
decoherence or collapse) can satisfy three minimal conditions for agency: an
agent must be able to create a world-model, use it to evaluate the likely
consequences of alternative actions, and reliably perform the action that
maximizes expected utility. We show that the first two conditions conflict with
the no-cloning theorem, which forbids copying unknown quantum states:
world-model construction requires copying information from the environment, and
deliberation requires copying the world-model to assess multiple actions.
Approximate cloning strategies do not permit sufficient fidelity or generality
for agency to be viable in purely quantum systems. The third agency condition
also fails due to the linearity of quantum dynamics. These results imply four
key consequences. First, agency requires significant classical resources,
placing clear constraints on its physical basis. Second, they provide insight
into how classical agents emerge within a quantum universe. Third, they show
that quantum computers cannot straightforwardly simulate agential behavior
without significant classical components. Finally, they challenge quantum
theories of agency, free will, and consciousness.",2025-10-15,2025,2460963.5,722799.5,arxiv,en,scientific_paper,http://arxiv.org/abs/2510.13247v1,36f4a1c05e517e08d59732c2d1b0ef09
917,"On Physical Mathematics: an approach through Gilles Châtelet's
  philosophy","Starting from Greg Moore's description about Physical Mathematics, a
framework is proposed in order to understand it, based on Gilles Ch\^atelet's
philosophy. It will be argued that Ch\^atelet's ideas of inverting, splitting,
augmenting and virtuality are crucial in the discussion about the nature of
Physical Mathematics. Along this line, it will be proposed that mirror symmetry
is a natural study case to test Ch\^atelet's ideas in this context. This should
be considered as a first step in a long term project aiming to study the
relations among mathematics, physics and philosophy in the construction of a
global understanding of the structure of the universe, as it was envisioned by
Grothendieck in the late 80's of the last century and it was started to be
developed independently by Ch\^atelet in the beginning of the 90's. The main
suggestion of the essay is that it is in the relations between mathematics,
physics and philosophy that new knowledge arises.",2025-10-15,2025,2460963.5,722799.5,arxiv,en,scientific_paper,http://arxiv.org/abs/2510.13125v1,294bc50aad173c99493dabf55ac76f2b
1245,"Earthquake M6.5 - 194 km WNW of Abepura, Indonesia","Magnitude 6.5 earthquake at 194 km WNW of Abepura, Indonesia. Depth: Nonekm",2025-10-16,2025,2460964.5,722800.5,usgs_earthquake,en,geological_event,https://earthquake.usgs.gov/earthquakes/eventpage/us6000rhg5,5d6b3e261c2f54912a6befb500bb93d6
1246,Earthquake M6.3 - Drake Passage,Magnitude 6.3 earthquake at Drake Passage. Depth: Nonekm,2025-10-16,2025,2460964.5,722800.5,usgs_earthquake,en,geological_event,https://earthquake.usgs.gov/earthquakes/eventpage/us6000rhf2,75b83dd474291dc76d7ce01222e5a376
1244,"Earthquake M6.1 - 0 km WSW of Union, Philippines","Magnitude 6.1 earthquake at 0 km WSW of Union, Philippines. Depth: Nonekm",2025-10-17,2025,2460965.5,722801.5,usgs_earthquake,en,geological_event,https://earthquake.usgs.gov/earthquakes/eventpage/us6000rhns,844eb4164ff6bf073034056de0bcc573
913,"Diversity legitimizes science: Holding basic research in the physical
  sciences accountable to the public","The American scientific community is reeling from funding cuts and policy
directives that will debilitate scientific research and education. The
underlying hostilities fueling these attacks have intensified in recent years
as the COVID-19 pandemic increased suspicion of scientific experts and the
institutional embrace of diversity, equity, and inclusion (DEI) policies in
2020 prompted a backlash along longstanding political fault lines. Under the
banner of anti-elitism, opponents of science and DEI have formed a coalition
that sees attacks on higher education as a strategic means to achieve their
political ends. While some of their arguments contain legitimate criticisms,
academics must resist these attacks that seek to dismantle higher education
altogether. Instead, we should engage the public in our research process, build
a scientific practice representative of and accountable to the communities we
serve, and interrogate the aims of our work by critically studying the history
of science.",2025-10-18,2025,2460966.5,722802.5,arxiv,en,scientific_paper,http://arxiv.org/abs/2510.23616v1,3bb3486f1ae4c21ec78f198f0c8095ce
912,"Incomplete yet existent objects: a Nuclear Meinongian approach to
  quantum metaphysical indeterminacy","This article proposes a reading of quantum metaphysical indeterminacy from
the perspective of Parsons' Nuclear Meinongianism. In doing so, we identify a
fundamental incompatibility between a key feature of Parsons' theory and
standard quantum mechanics. Our approach interprets quantum indeterminacy as
property incompleteness. However, this move, when combined with Parsons'
framework, leads to what we term the ``Incompleteness-Entails-Nonexistence
Principle'' (IENP), which implausibly entails the nonexistence of quantum
objects. For Meinongianism to be a suitable tool for the metaphysics of quantum
mechanics, this principle must be addressed. We argue for dropping the IENP and
discuss the resulting metaphysical and metametaphysical consequences.",2025-10-20,2025,2460968.5,722804.5,arxiv,en,scientific_paper,http://arxiv.org/abs/2510.18111v1,02e7a41e12a17c20e0eca10ef2baeb11
911,The simplest complexity: The story of the three-body problem,"This article offers a broad-brush account of the Newtonian three-body
problem, from its origins with Newton to its vibrant present, emphasizing its
enduring influence on theoretical physics. It unfolds through a series of
self-contained episodes that illuminate the scientific fields and the paradigm
shift that have grown out of this problem.",2025-10-21,2025,2460969.5,722805.5,arxiv,en,scientific_paper,http://arxiv.org/abs/2510.18848v1,f12d95cd091f30c2caf7a2860c7b1633
908,Quantum Interference and the Limits of Separability,"Quantum theory implies, and empirical evidence confirms, that while particles
$\textit{can}$ exhibit wave-like behavior in interferometric experiments, this
behavior is so limited as $\textit{not}$ to allow for third- and higher-order
interference. The article at hand shows that this possibility-impossibility
structure suggests the universal validity of a principle that regulates
statistical correlations between spatiotemporally localized events,
$\textit{independently}$ of the nature of the objects that may or may not
partake in these events. Roughly, the said principle mandates that
$\textit{any}$ joint influence of $m$ mutually spacelike separated events on
$\textit{another}$ event, be such, that it can be separated by $\textit{at
least}$ $\lceil \frac{m}{2} \rceil$ mediating events, and in some cases, by
$\textit{no more}$ than $\lceil \frac{m}{2} \rceil$ mediating events. The
structure of quantum interference thus teaches us that events can influence
each other in a non-separable fashion, but that this non-separability has a
certain exactly quantifiable limit.",2025-10-23,2025,2460971.5,722807.5,arxiv,en,scientific_paper,http://arxiv.org/abs/2510.21015v1,65a3cea3c88eb7aad2e2f886c5a68893
909,"From Drag to Invariance: The Experimental Pressure Behind Special
  Relativity","This paper completes a three-part study of Einstein's 1905 special relativity
by reconstructing the experimental pressures that shaped his thinking from 1895
to June 1905. Following Stachel's historiographical line, I trace Einstein's
path under the cumulative weight of a series of recalcitrant experiments:
stellar aberration, Arago's prism test, Fresnel's partial-drag account,
Boscovich's proposal of a water-filled telescope, Fizeau's water-tube result,
ether-drift null experiments, and the magnet-conductor induction asymmetry.
Lorentz's electron theory attempted to domesticate these findings within a
fragile ether framework, while Einstein, still loyal to Maxwell's equations,
became increasingly troubled by their conflict with Galilean kinematics. The
paper examines Einstein's temporary adherence to emission theory and its
decisive breakdown in light of Fizeau's result. In this reconstruction, the
1905 paper does not emerge as a kinematic postulate ex nihilo, but as a
principled resolution forced by an interconnected complex of experimental
anomalies.",2025-10-23,2025,2460971.5,722807.5,arxiv,en,scientific_paper,http://arxiv.org/abs/2510.20695v1,636b67206baaa481d14e857c4346aa69
910,Philip Warren Anderson,"Philip Warren Anderson was a pioneering theoretical physicist whose work
fundamentally shaped our understanding of complex systems. Anderson received
the Nobel Prize in Physics in 1977 for his groundbreaking research on
localization and magnetism, yet he did so much more. His work on magnetism
included antiferromagnetism, superexchange, the Kondo problem and local
magnetic moments in metals. Anderson pointed out the importance of disorder
through his work on localization, non-crystalline solids and spin glasses. In
superconductivity, he is known for the dirty superconductor theorem, showing
the gauge-invariance of the BCS theory, his study of flux creep, and for his
collaboration with experimentalists to realize the Josephson effect. Anderson's
resonating valence bond theory may yet play an important role in high
temperature superconductivity. Anderson was also fascinated by broken symmetry,
and he laid the theoretical groundwork for what is now known as the
Anderson-Higgs mechanism, showing how gauge bosons can acquire mass - an
insight that played a foundational role in the Standard Model of particle
physics. In his seminal ""More is Different"" paper, Anderson argued that the
collective emergent phenomena that arise in complex interacting systems cannot
be deduced from their fundamental parts. Anderson's legacy endures not only
through the lasting impact of his scientific work but also through his
influence on generations of physicists who continue to explore the rich
landscape of collective behavior in nature.",2025-10-23,2025,2460971.5,722807.5,arxiv,en,scientific_paper,http://arxiv.org/abs/2510.20865v1,e4be8565852bca438060958157350118
907,"Krisenmanagement in Kerntechnischen Notfällen -- Eine Evaluaierung Am
  Beispiel der Nuklearkatastrophe von Fukushima","The objective of this pre-scientific paper is to analyze the crisis
management during the Fukushima nuclear accident in the year of 2011 and to
derive lessons for a safer operation of reactors along with a more resilient
crisis management framework. In addition to official reports and subject
literature, the conducted methods included interviews with an IAEA safeguard
and a political scientist. The central findings were that the accident pointed
out deficiencies regarding the independence of the regulatory body and that
mismanagement of the available technical resources in conjunction with
insufficient communication led to evitable evacuations.",2025-10-26,2025,2460974.5,722810.5,arxiv,en,scientific_paper,http://arxiv.org/abs/2510.22666v1,87407452f332f756a69b300d4642aae6
1242,"Earthquake M6.2 - 59 km NW of Pante Makasar, Timor Leste","Magnitude 6.2 earthquake at 59 km NW of Pante Makasar, Timor Leste. Depth: Nonekm",2025-10-26,2025,2460974.5,722810.5,usgs_earthquake,en,geological_event,https://earthquake.usgs.gov/earthquakes/eventpage/us6000rjkv,8b126d9c7d490c9279f722602535f409
1243,"Earthquake M6 - 197 km SSE of Lata, Solomon Islands","Magnitude 6 earthquake at 197 km SSE of Lata, Solomon Islands. Depth: Nonekm",2025-10-26,2025,2460974.5,722810.5,usgs_earthquake,en,geological_event,https://earthquake.usgs.gov/earthquakes/eventpage/us6000rjhm,44b0e43cfda1fe1fc3bf813b7b4adb07
906,Two Shades of Quark Color: Parallel Canons across the Cold War Divide,"The introduction of the color quantum number is conventionally narrated as a
linear progression from the quark-model statistics paradox to quantum
chromodynamics (QCD). This paper challenges that teleology by arguing that
""color"" emerged as two conceptually distinct constructs during the Cold War.
The first, originating with Han and Nambu and culminating in QCD, conceived of
color as a local gauge charge, the source of a fundamental force mediated by
gluons. The second, developed at the Joint Institute for Nuclear Research
(JINR) in Dubna, treated color as a hidden, three-valued label--a statistical
and structural property within a composite, S-matrix-inflected hadron model. We
trace these parallel narratives, linking the Dubna approach to a holist
epistemology that prioritizes observable amplitudes and global constraints, and
the QCD approach to a reductionist program grounded in micro-dynamics. A case
study of Fermilab's E-36 experimental chain (1970--78) shows how an
observables-first design-tuned to S-matrix and Regge constraints on forward
elastic scattering--performed robustly within its natural domain but was
ultimately discontinued amid declining theoretical interest and involvement.
The subsequent hegemony of QCD retroactively projected its gauge-theoretic
conception of color onto history, erasing this epistemic diversity. We conclude
that the marginalization of Dubna's structural color was not merely a political
outcome of the Cold War but a result of deep ontological and philosophical
divergences, advocating for a domain-sensitive pluralism in the historiography
of particle physics.",2025-10-27,2025,2460975.5,722811.5,arxiv,en,scientific_paper,http://arxiv.org/abs/2510.23909v1,76d74698d6b9aca83c13a8ca2146ab7b
1239,"Earthquake M6 - 4 km ESE of Sındırgı, Turkey","Magnitude 6 earthquake at 4 km ESE of Sındırgı, Turkey. Depth: Nonekm",2025-10-27,2025,2460975.5,722811.5,usgs_earthquake,en,geological_event,https://earthquake.usgs.gov/earthquakes/eventpage/us6000rjsu,3d0b466920a4fedafbf805ca1284a701
1240,"Earthquake M6 - 163 km E of Beauséjour, Guadeloupe","Magnitude 6 earthquake at 163 km E of Beauséjour, Guadeloupe. Depth: Nonekm",2025-10-27,2025,2460975.5,722811.5,usgs_earthquake,en,geological_event,https://earthquake.usgs.gov/earthquakes/eventpage/us6000rjqj,1ff0b485814b54f16a4501f47ae4d8e3
1241,"Earthquake M6.5 - 162 km E of Beauséjour, Guadeloupe","Magnitude 6.5 earthquake at 162 km E of Beauséjour, Guadeloupe. Depth: Nonekm",2025-10-27,2025,2460975.5,722811.5,usgs_earthquake,en,geological_event,https://earthquake.usgs.gov/earthquakes/eventpage/us6000rjq8,a6e88670ecb131334bd51a52e0cb43c5
904,Cosmology and Philosophy,"Scientific cosmology has now reached its period of maturity with the
establishment of a standard model, which is the theory of an expanding
universe. The question of whether this expansion resolves itself, in the past,
into a singularity identifiable with an absolute beginning, or whether the
universe in which we are is only one of the multiple possible universes
existing either in space or in time, is still under debate. Moreover, the
assimilation of the beginning of the universe to a ""creation"" has often been
contested by theology, which, since Thomas Aquinas, if not since the Fathers of
the Church, tends to carefully distinguish the two. In the following article,
after briefly summarizing some points in the recent history of scientific
cosmology, we will attempt to present in broad outline the standard model that
scientists have arrived at. Then, we will undertake to study some of the
problems it raises as well as the alternative theories that can be opposed to
it. Finally, we will discuss the problematic links that scientific cosmology
continues to maintain with philosophy and theology, notably the thorny question
of creation from nothing ({\it creatio ex nihilo}).",2025-10-28,2025,2460976.5,722812.5,arxiv,en,scientific_paper,http://arxiv.org/abs/2510.24296v1,db1736a245f964f4d363a4d1b91b5105
905,"Algorithmic Randomness, Exchangeability, and the Principal Principle","We introduce a framework uniting algorithmic randomness with exchangeable
credences to address foundational questions in philosophy of probability and
philosophy of science. To demonstrate its power, we show how one might use the
framework to derive the Principal Principle -- the norm that rational credence
should match known objective chance -- without circularity. The derivation
brings together de Finetti's exchangeability, Martin-L\""of randomness, Lewis's
and Skyrms's chance-credence norms, and statistical constraining laws
(arXiv:2303.01411). Laws that constrain histories to algorithmically random
sequences naturally pair with exchangeable credences encoding inductive
symmetries. Using the de Finetti representation theorem, we show that this
pairing directly entails the Principal Principle of this framework. We extend
the proof to partial exchangeability and provide finite-history bounds that
vanish in the infinite limit. The Principal Principle thus emerges as a
mathematical consequence of the alignment between nomological constraints and
inductive learning. This reveals how algorithmic randomness and exchangeability
can illuminate foundational questions about chance, frequency, and rational
belief.",2025-10-28,2025,2460976.5,722812.5,arxiv,en,scientific_paper,http://arxiv.org/abs/2510.24054v1,2d1c01b63e4f8431f846cc2b2aef249e
1238,Earthquake M6.4 - Banda Sea,Magnitude 6.4 earthquake at Banda Sea. Depth: Nonekm,2025-10-28,2025,2460976.5,722812.5,usgs_earthquake,en,geological_event,https://earthquake.usgs.gov/earthquakes/eventpage/us6000rjx3,92f427f2c72e82abba79009291025de0
359,"RLSTATE={""ext.gadget.wikiflex"":""ready"",""ext.gadget.infobox"":""ready"",""ext.gadget.hlist"":""ready"",""ext.","RLSTATE={""ext.gadget.wikiflex"":""ready"",""ext.gadget.infobox"":""ready"",""ext.gadget.hlist"":""ready"",""ext.gadget.darkmode-overrides"":""ready"",""ext.gadget.small-references"":""ready"",""ext.gadget.citation-access-info"":""ready"",""ext.gadget.sprawdz-problemy-szablony"":""ready"",""ext.globalCssJs.user.styles"":""ready"",""site.styles"":""ready"",""user.styles"":""ready"",""ext.globalCssJs.user"":""ready"",""user"":""ready"",""user.options"":""loading"",""ext.cite.styles"":""ready"",""ext.wikimediamessages.styles"":""ready"",""skins.vector.search.codex.styles"":""ready"",""skins.vector.styles"":""ready"",""skins.vector.icons"":""ready"",""jquery.makeCollapsible.styles"":""ready"",""ext.flaggedRevs.basic"":""ready"",""mediawiki.codex.messagebox.styles"":""ready"",""ext.visualEditor.desktopArticleTarget.noscript"":""ready"",""ext.uls.interlanguage"":""ready"",""wikibase.client.init"":""ready""};RLPAGEMODULES=[""ext.xLab"",""ext.cite.ux-enhancements"",""ext.scribunto.logs"",""site"",""mediawiki.page.ready"",""jquery.makeCollapsible"",""mediawiki.toc"",""skins.vector.js"",""ext.centralNotice.geoIP"",""ext.centralNotice.startUp"",""ext.flaggedRevs.advanced"",""ext.gadget.ll-script-loader"",""ext.gadget.veKeepParameters"",""ext.gadget.szablon-galeria"",""ext.gadget.NavFrame"",""ext.gadget.citoid-overrides"",""ext.gadget.maps"",""ext.gadget.padlock-indicators"",""ext.gadget.interwiki-langlist"",""ext.gadget.edit-summaries"",""ext.gadget.edit-first-section"",""ext.gadget.wikibugs"",""ext.gadget.map-toggler"",""ext.gadget.narrowFootnoteColumns"",""ext.gadget.ally-enhance"",""ext.gadget.WDsearch"",""ext.urlShortener.toolbar"",""ext.centralauth.centralautologin"",""mmv.bootstrap"",""ext.popups"",""ext.visualEditor.desktopArticleTarget.init"",""ext.visualEditor.targetLoader"",""ext.echo.centralauth"",""ext.eventLogging"",""ext.wikimediaEvents"",""ext.navigationTiming"",""ext.uls.interface"",""ext.cx.eventlogging.campaigns"",""ext.cx.uls.quick.actions"",""wikibase.client.vector-2022"",""ext.checkUser.clientHints"",""ext.growthExperiments.SuggestedEditSession""];</script>",2025-11-01,2025,2460980.5,722816.5,wikipedia_pl,pl,wydarzen,https://pl.wikipedia.org/wiki/2025,6ddb197c2e297823f8e1aa88d6ba3a6a
360,38.05%  104.243      1 Szablon:Szablon_nawigacyjny,38.05%  104.243      1 Szablon:Szablon_nawigacyjny,2025-11-01,2025,2460980.5,722816.5,wikipedia_pl,pl,wydarzen,https://pl.wikipedia.org/wiki/2025,69564455e5cbac34e9ae84243ff2f688
361,21.88%   59.934      1 Szablon:Przypisy,21.88%   59.934      1 Szablon:Przypisy,2025-11-01,2025,2460980.5,722816.5,wikipedia_pl,pl,wydarzen,https://pl.wikipedia.org/wiki/2025,1de6258ec9f46a13150d7b002ee8c9be
362,18.98%   52.000      1 Szablon:Miesiąc,18.98%   52.000      1 Szablon:Miesiąc,2025-11-01,2025,2460980.5,722816.5,wikipedia_pl,pl,wydarzen,https://pl.wikipedia.org/wiki/2025,58f706049dac6f7c9ee469be36e43e4f
363,16.70%   45.757      1 Szablon:Kalendarz,16.70%   45.757      1 Szablon:Kalendarz,2025-11-01,2025,2460980.5,722816.5,wikipedia_pl,pl,wydarzen,https://pl.wikipedia.org/wiki/2025,1872781617255e36485bcb48efe72f86
364,14.98%   41.028      1 Szablon:Aktualne,14.98%   41.028      1 Szablon:Aktualne,2025-11-01,2025,2460980.5,722816.5,wikipedia_pl,pl,wydarzen,https://pl.wikipedia.org/wiki/2025,e301adb723848dcedff41697463f13ec
365,14.07%   38.556      1 Szablon:Mbox,14.07%   38.556      1 Szablon:Mbox,2025-11-01,2025,2460980.5,722816.5,wikipedia_pl,pl,wydarzen,https://pl.wikipedia.org/wiki/2025,cfd54a81424d62bb18a1a24285f7e42d
366,12.38%   33.924      1 Szablon:Cytuj,12.38%   33.924      1 Szablon:Cytuj,2025-11-01,2025,2460980.5,722816.5,wikipedia_pl,pl,wydarzen,https://pl.wikipedia.org/wiki/2025,214d7213a027f037f7304cf097271f3d
367,6.65%   18.221      1 Szablon:Ikona,6.65%   18.221      1 Szablon:Ikona,2025-11-01,2025,2460980.5,722816.5,wikipedia_pl,pl,wydarzen,https://pl.wikipedia.org/wiki/2025,7529b6f29a06d9eb6cbbdb83e168e83e
368,"Zobacz szczegółowe informacje o <a class=""external text"" href=""https://foundation.wikimedia.org/wiki","Zobacz szczegółowe informacje o <a class=""external text"" href=""https://foundation.wikimedia.org/wiki/Policy:Terms_of_Use/pl"">warunkach korzystania</a>.</li>",2025-11-01,2025,2460980.5,722816.5,wikipedia_pl,pl,wydarzen,https://pl.wikipedia.org/wiki/2025,d7c65796a3d50fc1ba841ece388f84ee
683,"class=""vector-toc-list-item vector-toc-level-1 vector-toc-list-item-expanded"">","class=""vector-toc-list-item vector-toc-level-1 vector-toc-list-item-expanded"">",2025-11-01,2025,2460980.5,722816.5,wikipedia_en,en,events,https://en.wikipedia.org/wiki/2025,dad5b29e02d05f2e9349fdb5118a6550
684,"class=""vector-toc-list-item vector-toc-level-2"">","class=""vector-toc-list-item vector-toc-level-2"">",2025-11-01,2025,2460980.5,722816.5,wikipedia_en,en,events,https://en.wikipedia.org/wiki/2025,574b2a508ae97b790724b9cfe1c5eb3b
685,"Millennium</th></tr><tr><td class=""sidebar-content hlist"">","Millennium</th></tr><tr><td class=""sidebar-content hlist"">",2025-11-01,2025,2460980.5,722816.5,wikipedia_en,en,events,https://en.wikipedia.org/wiki/2025,daf34eab0f61ea3126add56ac7e0cbdf
686,"Centuries</th></tr><tr><td class=""sidebar-content hlist"">","Centuries</th></tr><tr><td class=""sidebar-content hlist"">",2025-11-01,2025,2460980.5,722816.5,wikipedia_en,en,events,https://en.wikipedia.org/wiki/2025,57eb9ac8820be685bdd1e2047aae7139
687,"Decades</th></tr><tr><td class=""sidebar-content hlist"">","Decades</th></tr><tr><td class=""sidebar-content hlist"">",2025-11-01,2025,2460980.5,722816.5,wikipedia_en,en,events,https://en.wikipedia.org/wiki/2025,d39559db1e1f5ff2b9e71b708f17af23
814,"| <a href=""/wiki/2030er"" title=""2030er"">2030er</a>&#160;| <a href=""/wiki/2040er"" title=""2040er"">2040","| <a href=""/wiki/2030er"" title=""2030er"">2030er</a>&#160;| <a href=""/wiki/2040er"" title=""2040er"">2040er</a><br />",2025-11-01,2025,2460980.5,722816.5,wikipedia_de,de,ereignis,https://de.wikipedia.org/wiki/2025,ec380cc13d6f29084f58d64888e63bb1
815,"| <a href=""/wiki/2026"" title=""2026"">2026</a>&#160;| <a href=""/wiki/2027"" title=""2027"">2027</a>&#160;","| <a href=""/wiki/2026"" title=""2026"">2026</a>&#160;| <a href=""/wiki/2027"" title=""2027"">2027</a>&#160;| <a href=""/wiki/2028"" title=""2028"">2028</a>&#160;| <a href=""/wiki/2029"" title=""2029"">2029</a>&#160;| <a href=""/wiki/2030"" title=""2030"">►</a><br />",2025-11-01,2025,2460980.5,722816.5,wikipedia_de,de,ereignis,https://de.wikipedia.org/wiki/2025,d2b1b1ac91219ac41ef27b62124f2367
816,Parsed by mw‐web.eqiad.main‐74976bf7d5‐nzrl5,Parsed by mw‐web.eqiad.main‐74976bf7d5‐nzrl5,2025-11-01,2025,2460980.5,722816.5,wikipedia_de,de,ereignis,https://de.wikipedia.org/wiki/2025,a6cf666bf3e875117d5e602dc384ff12
817,Cached time: 20251103191249,Cached time: 20251103191249,2025-11-01,2025,2460980.5,722816.5,wikipedia_de,de,ereignis,https://de.wikipedia.org/wiki/2025,df4b9fd4b958ddf68db45d307657041f
818,Cache expiry: 2346436,Cache expiry: 2346436,2025-11-01,2025,2460980.5,722816.5,wikipedia_de,de,ereignis,https://de.wikipedia.org/wiki/2025,aec1d75433a5ae3bb370aeae66ee47f8
819,Complications: [show‐toc],Complications: [show‐toc],2025-11-01,2025,2460980.5,722816.5,wikipedia_de,de,ereignis,https://de.wikipedia.org/wiki/2025,40171346f24612b604aef1aae32b1ee4
820,CPU time usage: 0.218 seconds,CPU time usage: 0.218 seconds,2025-11-01,2025,2460980.5,722816.5,wikipedia_de,de,ereignis,https://de.wikipedia.org/wiki/2025,fb308566126ae4c8967250c6fff3d10d
821,Real time usage: 0.243 seconds,Real time usage: 0.243 seconds,2025-11-01,2025,2460980.5,722816.5,wikipedia_de,de,ereignis,https://de.wikipedia.org/wiki/2025,e26d59e4d41cb35e3a27ad9bc061f7fd
897,"RLSTATE={""ext.globalCssJs.user.styles"":""ready"",""site.styles"":""ready"",""user.styles"":""ready"",""ext.glob","RLSTATE={""ext.globalCssJs.user.styles"":""ready"",""site.styles"":""ready"",""user.styles"":""ready"",""ext.globalCssJs.user"":""ready"",""user"":""ready"",""user.options"":""loading"",""ext.cite.styles"":""ready"",""ext.wikimediamessages.styles"":""ready"",""skins.vector.search.codex.styles"":""ready"",""skins.vector.styles"":""ready"",""skins.vector.icons"":""ready"",""ext.visualEditor.desktopArticleTarget.noscript"":""ready"",""ext.uls.interlanguage"":""ready"",""wikibase.client.init"":""ready""};RLPAGEMODULES=[""ext.xLab"",""ext.cite.ux-enhancements"",""site"",""mediawiki.page.ready"",""mediawiki.toc"",""skins.vector.js"",""ext.centralNotice.geoIP"",""ext.centralNotice.startUp"",""ext.gadget.ArchiveLinks"",""ext.urlShortener.toolbar"",""ext.centralauth.centralautologin"",""mmv.bootstrap"",""ext.popups"",""ext.visualEditor.desktopArticleTarget.init"",""ext.visualEditor.targetLoader"",""ext.echo.centralauth"",""ext.eventLogging"",""ext.wikimediaEvents"",""ext.navigationTiming"",""ext.uls.interface"",""ext.cx.eventlogging.campaigns"",""ext.cx.uls.quick.actions"",""wikibase.client.vector-2022"",""ext.checkUser.clientHints"",""ext.growthExperiments.SuggestedEditSession""];</script>",2025-11-01,2025,2460980.5,722816.5,wikipedia_fr,fr,événement,https://fr.wikipedia.org/wiki/2025,34d5557cdce50078be911c10dd9ba649
898,"class=""vector-toc-list-item vector-toc-level-1 vector-toc-list-item-expanded"">","class=""vector-toc-list-item vector-toc-level-1 vector-toc-list-item-expanded"">",2025-11-01,2025,2460980.5,722816.5,wikipedia_fr,fr,événement,https://fr.wikipedia.org/wiki/2025,90ef2c280e133eb29b2cbbcbaa241a96
899,"Wikipedia® est une marque déposée de la <a rel=""nofollow"" class=""external text"" href=""https://wikime","Wikipedia® est une marque déposée de la <a rel=""nofollow"" class=""external text"" href=""https://wikimediafoundation.org/"">Wikimedia Foundation, Inc.</a>, organisation de bienfaisance régie par le paragraphe <a href=""/wiki/501c"" title=""501c"">501(c)(3)</a> du code fiscal des États-Unis.</span><br /></li>",2025-11-01,2025,2460980.5,722816.5,wikipedia_fr,fr,événement,https://fr.wikipedia.org/wiki/2025,144905ada08ca1affa204cb867908e6d
1237,"Earthquake M6.3 - 22 km WSW of Khulm, Afghanistan","Magnitude 6.3 earthquake at 22 km WSW of Khulm, Afghanistan. Depth: Nonekm",2025-11-02,2025,2460981.5,722817.5,usgs_earthquake,en,geological_event,https://earthquake.usgs.gov/earthquakes/eventpage/us6000rl31,23567bf8448ccdc57ffe991c14e08dd0
1236,"Earthquake M6.1 - 155 km SE of Petropavlovsk-Kamchatsky, Russia","Magnitude 6.1 earthquake at 155 km SE of Petropavlovsk-Kamchatsky, Russia. Depth: Nonekm",2025-11-03,2025,2460982.5,722818.5,usgs_earthquake,en,geological_event,https://earthquake.usgs.gov/earthquakes/eventpage/us6000rl5i,1f2aaf894066be2f2f461a2c51912e14
688,"class=""vector-toc-list-item vector-toc-level-1 vector-toc-list-item-expanded"">","class=""vector-toc-list-item vector-toc-level-1 vector-toc-list-item-expanded"">",2025-12-01,2025,2461010.5,722846.5,wikipedia_en,en,events,https://en.wikipedia.org/wiki/2025,c6500a18ed9403fbff3951a746cc0b51
689,"class=""vector-toc-list-item vector-toc-level-2"">","class=""vector-toc-list-item vector-toc-level-2"">",2025-12-01,2025,2461010.5,722846.5,wikipedia_en,en,events,https://en.wikipedia.org/wiki/2025,8e1f9942868b5c3bcf39e940fea50461
690,"Millennium</th></tr><tr><td class=""sidebar-content hlist"">","Millennium</th></tr><tr><td class=""sidebar-content hlist"">",2025-12-01,2025,2461010.5,722846.5,wikipedia_en,en,events,https://en.wikipedia.org/wiki/2025,8ccd5bd1968434e8b5283db017853d2e
691,"Centuries</th></tr><tr><td class=""sidebar-content hlist"">","Centuries</th></tr><tr><td class=""sidebar-content hlist"">",2025-12-01,2025,2461010.5,722846.5,wikipedia_en,en,events,https://en.wikipedia.org/wiki/2025,27a7829fcefef8a3490e7b0335922542
692,"Decades</th></tr><tr><td class=""sidebar-content hlist"">","Decades</th></tr><tr><td class=""sidebar-content hlist"">",2025-12-01,2025,2461010.5,722846.5,wikipedia_en,en,events,https://en.wikipedia.org/wiki/2025,0ee748b71f3b382c2bd88b3b1441ac6f
822,"| <a href=""/wiki/2030er"" title=""2030er"">2030er</a>&#160;| <a href=""/wiki/2040er"" title=""2040er"">2040","| <a href=""/wiki/2030er"" title=""2030er"">2030er</a>&#160;| <a href=""/wiki/2040er"" title=""2040er"">2040er</a><br />",2025-12-01,2025,2461010.5,722846.5,wikipedia_de,de,ereignis,https://de.wikipedia.org/wiki/2025,d819c9f0cabf3b4ceec3ec793f66af1d
823,"| <a href=""/wiki/2026"" title=""2026"">2026</a>&#160;| <a href=""/wiki/2027"" title=""2027"">2027</a>&#160;","| <a href=""/wiki/2026"" title=""2026"">2026</a>&#160;| <a href=""/wiki/2027"" title=""2027"">2027</a>&#160;| <a href=""/wiki/2028"" title=""2028"">2028</a>&#160;| <a href=""/wiki/2029"" title=""2029"">2029</a>&#160;| <a href=""/wiki/2030"" title=""2030"">►</a><br />",2025-12-01,2025,2461010.5,722846.5,wikipedia_de,de,ereignis,https://de.wikipedia.org/wiki/2025,390c1a0eea5824311b62d9b7e07498fd
824,Parsed by mw‐web.eqiad.next‐6b5bf79959‐r99t4,Parsed by mw‐web.eqiad.next‐6b5bf79959‐r99t4,2025-12-01,2025,2461010.5,722846.5,wikipedia_de,de,ereignis,https://de.wikipedia.org/wiki/2025,db97848539462a65d0e638e5d29fa679
825,Cached time: 20251031230430,Cached time: 20251031230430,2025-12-01,2025,2461010.5,722846.5,wikipedia_de,de,ereignis,https://de.wikipedia.org/wiki/2025,cb21bb2a2295ada991a86296c4b3783b
826,Cache expiry: 2591731,Cache expiry: 2591731,2025-12-01,2025,2461010.5,722846.5,wikipedia_de,de,ereignis,https://de.wikipedia.org/wiki/2025,a80f7768ffd45ae263ea07a9aec3c983
827,Complications: [show‐toc],Complications: [show‐toc],2025-12-01,2025,2461010.5,722846.5,wikipedia_de,de,ereignis,https://de.wikipedia.org/wiki/2025,78e032e304468f28212bb0c408069a1f
828,CPU time usage: 0.151 seconds,CPU time usage: 0.151 seconds,2025-12-01,2025,2461010.5,722846.5,wikipedia_de,de,ereignis,https://de.wikipedia.org/wiki/2025,c1b022c417fb1b659df156ce0b5dfe99
829,Real time usage: 0.181 seconds,Real time usage: 0.181 seconds,2025-12-01,2025,2461010.5,722846.5,wikipedia_de,de,ereignis,https://de.wikipedia.org/wiki/2025,a33e3c35a84a72acd912b4b6f328f014
830,Preprocessor visited node count: 6618/1000000,Preprocessor visited node count: 6618/1000000,2025-12-01,2025,2461010.5,722846.5,wikipedia_de,de,ereignis,https://de.wikipedia.org/wiki/2025,0fca5e259c3881d96094f2e546c14471
831,Revision size: 3044/2097152 bytes,Revision size: 3044/2097152 bytes,2025-12-01,2025,2461010.5,722846.5,wikipedia_de,de,ereignis,https://de.wikipedia.org/wiki/2025,43a54b58bca2ce512ec7dd01b5569269
832,Post‐expand include size: 11088/2097152 bytes,Post‐expand include size: 11088/2097152 bytes,2025-12-01,2025,2461010.5,722846.5,wikipedia_de,de,ereignis,https://de.wikipedia.org/wiki/2025,a98fa01779808b62a8e600fb218669c0
833,Template argument size: 3231/2097152 bytes,Template argument size: 3231/2097152 bytes,2025-12-01,2025,2461010.5,722846.5,wikipedia_de,de,ereignis,https://de.wikipedia.org/wiki/2025,947d97c524b60347f7f7db47418e58d4
834,Highest expansion depth: 20/100,Highest expansion depth: 20/100,2025-12-01,2025,2461010.5,722846.5,wikipedia_de,de,ereignis,https://de.wikipedia.org/wiki/2025,dbbbe065f3eb65fa1b6ced29d153125a
835,Expensive parser function count: 0/500,Expensive parser function count: 0/500,2025-12-01,2025,2461010.5,722846.5,wikipedia_de,de,ereignis,https://de.wikipedia.org/wiki/2025,a40bd011ba5a34792159611fe1e3bcf9
836,Unstrip recursion depth: 0/20,Unstrip recursion depth: 0/20,2025-12-01,2025,2461010.5,722846.5,wikipedia_de,de,ereignis,https://de.wikipedia.org/wiki/2025,ea19ef87674f7f5d68ad8d5e12e069df
837,Unstrip post‐expand size: 0/5000000 bytes,Unstrip post‐expand size: 0/5000000 bytes,2025-12-01,2025,2461010.5,722846.5,wikipedia_de,de,ereignis,https://de.wikipedia.org/wiki/2025,5f24c0c5531eee592d0c8745e2b8c5f8
838,Lua time usage: 0.046/10.000 seconds,Lua time usage: 0.046/10.000 seconds,2025-12-01,2025,2461010.5,722846.5,wikipedia_de,de,ereignis,https://de.wikipedia.org/wiki/2025,615dc2cd0d91b31cd13404f2edf530be
839,Lua memory usage: 1367696/52428800 bytes,Lua memory usage: 1367696/52428800 bytes,2025-12-01,2025,2461010.5,722846.5,wikipedia_de,de,ereignis,https://de.wikipedia.org/wiki/2025,cb74161b97cbfbe8e9d7aa15281a4cf8
840,Number of Wikibase entities loaded: 0/500,Number of Wikibase entities loaded: 0/500,2025-12-01,2025,2461010.5,722846.5,wikipedia_de,de,ereignis,https://de.wikipedia.org/wiki/2025,4379af045783fdc4d02b916b3de0b408
900,"RLSTATE={""ext.globalCssJs.user.styles"":""ready"",""site.styles"":""ready"",""user.styles"":""ready"",""ext.glob","RLSTATE={""ext.globalCssJs.user.styles"":""ready"",""site.styles"":""ready"",""user.styles"":""ready"",""ext.globalCssJs.user"":""ready"",""user"":""ready"",""user.options"":""loading"",""ext.cite.styles"":""ready"",""ext.wikimediamessages.styles"":""ready"",""skins.vector.search.codex.styles"":""ready"",""skins.vector.styles"":""ready"",""skins.vector.icons"":""ready"",""ext.visualEditor.desktopArticleTarget.noscript"":""ready"",""ext.uls.interlanguage"":""ready"",""wikibase.client.init"":""ready""};RLPAGEMODULES=[""ext.xLab"",""ext.cite.ux-enhancements"",""site"",""mediawiki.page.ready"",""mediawiki.toc"",""skins.vector.js"",""ext.centralNotice.geoIP"",""ext.centralNotice.startUp"",""ext.gadget.ArchiveLinks"",""ext.urlShortener.toolbar"",""ext.centralauth.centralautologin"",""mmv.bootstrap"",""ext.popups"",""ext.visualEditor.desktopArticleTarget.init"",""ext.visualEditor.targetLoader"",""ext.echo.centralauth"",""ext.eventLogging"",""ext.wikimediaEvents"",""ext.navigationTiming"",""ext.uls.interface"",""ext.cx.eventlogging.campaigns"",""ext.cx.uls.quick.actions"",""wikibase.client.vector-2022"",""ext.checkUser.clientHints"",""ext.growthExperiments.SuggestedEditSession""];</script>",2025-12-01,2025,2461010.5,722846.5,wikipedia_fr,fr,événement,https://fr.wikipedia.org/wiki/2025,108fdd578e6e5d2aed0e3981a321088c
901,"class=""vector-toc-list-item vector-toc-level-1 vector-toc-list-item-expanded"">","class=""vector-toc-list-item vector-toc-level-1 vector-toc-list-item-expanded"">",2025-12-01,2025,2461010.5,722846.5,wikipedia_fr,fr,événement,https://fr.wikipedia.org/wiki/2025,dd7657c5b0f6772eebb3860e85dbc2ef
902,Il se peut que ces informations soient de nature spéculative et que leur teneur change considérablem,"Il se peut que ces informations soient de nature spéculative et que leur teneur change considérablement alors que les événements approchent. <br />N’hésitez pas à l’améliorer en veillant à <b><a href=""/wiki/Wikip%C3%A9dia:Citez_vos_sources"" title=""Wikipédia:Citez vos sources"">citer vos sources</a></b>. Tout élément d’actualité non encyclopédique est destiné à <a href=""https://fr.wikinews.org/wiki/Accueil"" class=""extiw"" title=""n:Accueil"">Wikinews</a>. <br />&#160;→&#160;La dernière modification de cette page a été faite le 6 octobre 2025 à 02:09.</div>",2025-12-01,2025,2461010.5,722846.5,wikipedia_fr,fr,événement,https://fr.wikipedia.org/wiki/2025,a65eadf6ae5e682669752f59e9bb5f94
903,"Wikipedia® est une marque déposée de la <a rel=""nofollow"" class=""external text"" href=""https://wikime","Wikipedia® est une marque déposée de la <a rel=""nofollow"" class=""external text"" href=""https://wikimediafoundation.org/"">Wikimedia Foundation, Inc.</a>, organisation de bienfaisance régie par le paragraphe <a href=""/wiki/501c"" title=""501c"">501(c)(3)</a> du code fiscal des États-Unis.</span><br /></li>",2025-12-01,2025,2461010.5,722846.5,wikipedia_fr,fr,événement,https://fr.wikipedia.org/wiki/2025,48531157ad73b7c5b90fe9f6c7e04f57
