id,title,content,date_str,year_abs,month,day,jd,am_day,source_type,source_database,source_url,language,category,subcategory,location,coordinates,people,places,keywords,confidence_score,data_hash,created_at,updated_at
315,Neolithic pottery find #6,Archaeological pottery from Neolithic period,-6500-06-15,-6500,6,15,-652901.5,-2391065.5,archaeological,mock_open_context,https://opencontext.org/subjects/mock_1_0,en,archaeological_find,pottery,Archaeological site 2,"36.859900, 14.188400",[],"[""Archaeological site 2""]","[""Neolithic"", ""Neolithic culture""]",0.7,4a327c6406e5ba2c165b1ccbbe65ef9a,2025-11-04 00:25:20,2025-11-04 00:25:20
316,Neolithic coins find #7,Archaeological coins from Neolithic period,-6500-06-15,-6500,6,15,-652901.5,-2391065.5,archaeological,mock_open_context,https://opencontext.org/subjects/mock_1_1,en,archaeological_find,coins,Archaeological site 2,"43.433900, 22.016300",[],"[""Archaeological site 2""]","[""Neolithic"", ""Neolithic culture""]",0.7,6621aa1b4bbd0e0a4328fefc905e2ef4,2025-11-04 00:25:20,2025-11-04 00:25:20
317,Neolithic tools find #8,Archaeological tools from Neolithic period,-6500-06-15,-6500,6,15,-652901.5,-2391065.5,archaeological,mock_open_context,https://opencontext.org/subjects/mock_1_2,en,archaeological_find,tools,Archaeological site 2,"42.894100, 13.729600",[],"[""Archaeological site 2""]","[""Neolithic"", ""Neolithic culture""]",0.7,525c498c0af5ca47064fc89204e5db7e,2025-11-04 00:25:20,2025-11-04 00:25:20
318,Neolithic jewelry find #9,Archaeological jewelry from Neolithic period,-6500-06-15,-6500,6,15,-652901.5,-2391065.5,archaeological,mock_open_context,https://opencontext.org/subjects/mock_1_3,en,archaeological_find,jewelry,Archaeological site 2,"42.276300, 22.379300",[],"[""Archaeological site 2""]","[""Neolithic"", ""Neolithic culture""]",0.7,edc10e9724af81131dd6a21032395070,2025-11-04 00:25:20,2025-11-04 00:25:20
319,Neolithic sculpture find #10,Archaeological sculpture from Neolithic period,-6500-06-15,-6500,6,15,-652901.5,-2391065.5,archaeological,mock_open_context,https://opencontext.org/subjects/mock_1_4,en,archaeological_find,sculpture,Archaeological site 2,"41.128500, 11.958900",[],"[""Archaeological site 2""]","[""Neolithic"", ""Neolithic culture""]",0.7,de0056b08d1f3808856a91ebf93b6526,2025-11-04 00:25:20,2025-11-04 00:25:20
320,Bronze Age pottery find #11,Archaeological pottery from Bronze Age period,-2100-06-15,-2100,6,15,954198.5,-783965.5,archaeological,mock_open_context,https://opencontext.org/subjects/mock_2_0,en,archaeological_find,pottery,Archaeological site 3,"52.863900, 19.004500",[],"[""Archaeological site 3""]","[""Bronze Age"", ""Bronze Age culture""]",0.7,f8e6c60b26bc7a18e87f75a2689ff0c8,2025-11-04 00:25:20,2025-11-04 00:25:20
321,Bronze Age coins find #12,Archaeological coins from Bronze Age period,-2100-06-15,-2100,6,15,954198.5,-783965.5,archaeological,mock_open_context,https://opencontext.org/subjects/mock_2_1,en,archaeological_find,coins,Archaeological site 3,"35.959300, 13.007300",[],"[""Archaeological site 3""]","[""Bronze Age"", ""Bronze Age culture""]",0.7,a754584a37e8215d8ad78f282d183168,2025-11-04 00:25:20,2025-11-04 00:25:20
322,Bronze Age tools find #13,Archaeological tools from Bronze Age period,-2100-06-15,-2100,6,15,954198.5,-783965.5,archaeological,mock_open_context,https://opencontext.org/subjects/mock_2_2,en,archaeological_find,tools,Archaeological site 3,"44.086400, 13.342500",[],"[""Archaeological site 3""]","[""Bronze Age"", ""Bronze Age culture""]",0.7,6c9018046f3a930b029772fc24215b74,2025-11-04 00:25:20,2025-11-04 00:25:20
323,Bronze Age jewelry find #14,Archaeological jewelry from Bronze Age period,-2100-06-15,-2100,6,15,954198.5,-783965.5,archaeological,mock_open_context,https://opencontext.org/subjects/mock_2_3,en,archaeological_find,jewelry,Archaeological site 3,"39.411900, 7.927600",[],"[""Archaeological site 3""]","[""Bronze Age"", ""Bronze Age culture""]",0.7,6168f018fb064900a7d2997cfcd31609,2025-11-04 00:25:20,2025-11-04 00:25:20
324,Bronze Age sculpture find #15,Archaeological sculpture from Bronze Age period,-2100-06-15,-2100,6,15,954198.5,-783965.5,archaeological,mock_open_context,https://opencontext.org/subjects/mock_2_4,en,archaeological_find,sculpture,Archaeological site 3,"45.024700, 12.664200",[],"[""Archaeological site 3""]","[""Bronze Age"", ""Bronze Age culture""]",0.7,d7ad956dd0e68175eef9beebcda8a98b,2025-11-04 00:25:20,2025-11-04 00:25:20
325,Iron Age pottery find #16,Archaeological pottery from Iron Age period,-850-06-15,-850,6,15,1410760.5,-327403.5,archaeological,mock_open_context,https://opencontext.org/subjects/mock_3_0,en,archaeological_find,pottery,Archaeological site 4,"52.392200, 22.978400",[],"[""Archaeological site 4""]","[""Iron Age"", ""Iron Age culture""]",0.7,bedbcbd16b86c1c6ffa1f62eafa36800,2025-11-04 00:25:20,2025-11-04 00:25:20
326,Iron Age coins find #17,Archaeological coins from Iron Age period,-850-06-15,-850,6,15,1410760.5,-327403.5,archaeological,mock_open_context,https://opencontext.org/subjects/mock_3_1,en,archaeological_find,coins,Archaeological site 4,"43.055800, 16.121100",[],"[""Archaeological site 4""]","[""Iron Age"", ""Iron Age culture""]",0.7,15322d7000702590291b9e1beb97be8b,2025-11-04 00:25:20,2025-11-04 00:25:20
327,Iron Age tools find #18,Archaeological tools from Iron Age period,-850-06-15,-850,6,15,1410760.5,-327403.5,archaeological,mock_open_context,https://opencontext.org/subjects/mock_3_2,en,archaeological_find,tools,Archaeological site 4,"43.483900, 5.454000",[],"[""Archaeological site 4""]","[""Iron Age"", ""Iron Age culture""]",0.7,3560b126cab41704e3e12d091ca1eeba,2025-11-04 00:25:20,2025-11-04 00:25:20
328,Iron Age jewelry find #19,Archaeological jewelry from Iron Age period,-850-06-15,-850,6,15,1410760.5,-327403.5,archaeological,mock_open_context,https://opencontext.org/subjects/mock_3_3,en,archaeological_find,jewelry,Archaeological site 4,"43.305000, 14.895000",[],"[""Archaeological site 4""]","[""Iron Age"", ""Iron Age culture""]",0.7,8baefe0ba0a76cbb60b10c966c29fa6d,2025-11-04 00:25:20,2025-11-04 00:25:20
329,Iron Age sculpture find #20,Archaeological sculpture from Iron Age period,-850-06-15,-850,6,15,1410760.5,-327403.5,archaeological,mock_open_context,https://opencontext.org/subjects/mock_3_4,en,archaeological_find,sculpture,Archaeological site 4,"36.903200, 5.143800",[],"[""Archaeological site 4""]","[""Iron Age"", ""Iron Age culture""]",0.7,6a53fe4ff05af3dbf7dc6e21f42a4aa0,2025-11-04 00:25:20,2025-11-04 00:25:20
330,Medieval pottery find #26,Archaeological pottery from Medieval period,1000-06-15,1000,6,15,2086473.5,348309.5,archaeological,mock_open_context,https://opencontext.org/subjects/mock_5_0,en,archaeological_find,pottery,Archaeological site 6,"43.119200, 16.860800",[],"[""Archaeological site 6""]","[""Medieval"", ""Medieval culture""]",0.7,248b1510e6d0965f2f2aa131c9cae4eb,2025-11-04 00:25:20,2025-11-04 00:25:20
331,Medieval coins find #27,Archaeological coins from Medieval period,1000-06-15,1000,6,15,2086473.5,348309.5,archaeological,mock_open_context,https://opencontext.org/subjects/mock_5_1,en,archaeological_find,coins,Archaeological site 6,"45.783300, 5.036500",[],"[""Archaeological site 6""]","[""Medieval"", ""Medieval culture""]",0.7,cbf779d45cf58f95761400710756d7f6,2025-11-04 00:25:20,2025-11-04 00:25:20
332,Medieval tools find #28,Archaeological tools from Medieval period,1000-06-15,1000,6,15,2086473.5,348309.5,archaeological,mock_open_context,https://opencontext.org/subjects/mock_5_2,en,archaeological_find,tools,Archaeological site 6,"40.925000, 23.275300",[],"[""Archaeological site 6""]","[""Medieval"", ""Medieval culture""]",0.7,74abf720eb6f0cb188b4e8c9328cb406,2025-11-04 00:25:20,2025-11-04 00:25:20
333,Medieval jewelry find #29,Archaeological jewelry from Medieval period,1000-06-15,1000,6,15,2086473.5,348309.5,archaeological,mock_open_context,https://opencontext.org/subjects/mock_5_3,en,archaeological_find,jewelry,Archaeological site 6,"53.325100, 12.577100",[],"[""Archaeological site 6""]","[""Medieval"", ""Medieval culture""]",0.7,a8a939d02a3e0b18c87541caa3685116,2025-11-04 00:25:20,2025-11-04 00:25:20
334,Medieval sculpture find #30,Archaeological sculpture from Medieval period,1000-06-15,1000,6,15,2086473.5,348309.5,archaeological,mock_open_context,https://opencontext.org/subjects/mock_5_4,en,archaeological_find,sculpture,Archaeological site 6,"43.989500, 7.357300",[],"[""Archaeological site 6""]","[""Medieval"", ""Medieval culture""]",0.7,dded2932767313364904447efde37825,2025-11-04 00:25:20,2025-11-04 00:25:20
19,7 września,"Godfryd V Plantagenet , hrabia Maine i Andegawenii , książę Normandii (ur. 1113 )",1151.0-09-07,1151,9,7,2141710.5,403546.5,wikipedia,wikipedia_pl,https://pl.wikipedia.org/wiki/7_września#Zmarli,pl,zgony,,,,[],[],[],0.8,eaa52e5f45dfaae470370f83c8276226,2025-11-04 00:25:20,2025-11-04 00:25:20
17,17 grudnia,"Jan de Matha , francuski zakonnik, święty (ur. 1150 )",1213.0-12-17,1213,12,17,2164457.5,426293.5,wikipedia,wikipedia_pl,https://pl.wikipedia.org/wiki/17_grudnia#Zmarli,pl,zgony,,,,[],[],[],0.8,c88a1fc8b2b8efebfc0059abbd7a47c8,2025-11-04 00:25:20,2025-11-04 00:25:20
2,13 czerwca,"Herman , biskup chełmiński (ur. ?)",1311.0-06-13,1311,6,13,2200064.5,461900.5,wikipedia,wikipedia_pl,https://pl.wikipedia.org/wiki/13_czerwca#Zmarli,pl,zgony,,,,[],[],[],0.8,8220108caacf7dec23746dd601922031,2025-11-04 00:25:20,2025-11-04 00:25:20
112,25 listopada,"Koreyasu , japoński siogun (ur. 1264 )",1326.0-11-25,1326,11,25,2205708.5,467544.5,wikipedia,wikipedia_pl,https://pl.wikipedia.org/wiki/25_listopada#Zmarli,pl,zgony,,,,[],[],[],0.8,f1cf7d685191e50d03a96604193c4695,2025-11-04 00:25:20,2025-11-04 00:25:20
117,10 grudnia,"Jadwiga Bolesławówna , królowa Polski (ur. ok. 1266 lub później)",1339.0-12-10,1339,12,10,2210471.5,472307.5,wikipedia,wikipedia_pl,https://pl.wikipedia.org/wiki/10_grudnia#Zmarli,pl,zgony,,,,[],[],[],0.8,fcf40c2d261e33eb037433c470c12331,2025-11-04 00:25:20,2025-11-04 00:25:20
178,5 sierpnia,Będzin uzyskał prawa miejskie .,1358.0-08-05,1358,8,5,2217284.5,479120.5,wikipedia,wikipedia_pl,https://pl.wikipedia.org/wiki/5_sierpnia#Wydarzenia_w_Polsce,pl,wydarzenia,,,,[],[],[],0.8,3154570c95ce7134ce54019377479966,2025-11-04 00:25:20,2025-11-04 00:25:20
113,25 października,Król Aleksander Jagiellończyk wydał przywilej mielnicki .,1501.0-10-25,1501,10,25,2269596.5,531432.5,wikipedia,wikipedia_pl,https://pl.wikipedia.org/wiki/25_października#Wydarzenia_w_Polsce,pl,wydarzenia,,,,[],[],[],0.8,ef81fa5497717ae1c1b12447053a77ba,2025-11-04 00:25:20,2025-11-04 00:25:20
119,14 grudnia,"Fryderyk Wettyn , niemiecki książę, duchowny katolicki, arcybiskup Magdeburga , wielki mistrz zakonu krzyżackiego (ur. 1473 )",1510.0-12-14,1510,12,14,2272933.5,534769.5,wikipedia,wikipedia_pl,https://pl.wikipedia.org/wiki/14_grudnia#Zmarli,pl,zgony,,,,[],[],[],0.8,f277ca9c00b5d701471a5f1531189edd,2025-11-04 00:25:20,2025-11-04 00:25:20
99,4 sierpnia,"Urban VII , papież (zm. 1590 )",1521.0-08-04,1521,8,4,2276819.5,538655.5,wikipedia,wikipedia_pl,https://pl.wikipedia.org/wiki/4_sierpnia#Urodzili_się,pl,urodzenia,,,,[],[],[],0.8,68d00ca8b0d439896cbc84281b81ab6b,2025-11-04 00:25:20,2025-11-04 00:25:20
66,13 grudnia,"Manuel I Szczęśliwy , król Portugalii (ur. 1469 )",1521.0-12-13,1521,12,13,2276950.5,538786.5,wikipedia,wikipedia_pl,https://pl.wikipedia.org/wiki/13_grudnia#Zmarli,pl,zgony,,,,[],[],[],0.8,27498ee5fa44f254db4fba28935afdfc,2025-11-04 00:25:20,2025-11-04 00:25:20
158,14 kwietnia,"Abraham Ortelius , flamandzki geograf, kartograf, historyk (zm. 1598 )",1527.0-04-14,1527,4,14,2278898.5,540734.5,wikipedia,wikipedia_pl,https://pl.wikipedia.org/wiki/14_kwietnia#Urodzili_się,pl,urodzenia,,,,[],[],[],0.8,477dc8d006762924d8015b210a4a5033,2025-11-04 00:25:20,2025-11-04 00:25:20
27,26 stycznia,": Francesco Bassano , włoski malarz (zm. 1592 ) Jakob Ebert , niemiecki teolog, pisarz, wykładowca akademicki (zm. 1614 )",1549.0-01-26,1549,1,26,2286856.5,548692.5,wikipedia,wikipedia_pl,https://pl.wikipedia.org/wiki/26_stycznia#Urodzili_się,pl,urodzenia,,,,[],[],[],0.8,7a8753412b7d8c05322a89c203f2f75d,2025-11-04 00:25:20,2025-11-04 00:25:20
139,4 listopada,"Gerrit van Honthorst , holenderski malarz, rysownik (zm. 1656 )",1592.0-11-04,1592,11,4,2302834.5,564670.5,wikipedia,wikipedia_pl,https://pl.wikipedia.org/wiki/4_listopada#Urodzili_się,pl,urodzenia,,,,[],[],[],0.8,85468d077046829cb1593fec1fd98c14,2025-11-04 00:25:20,2025-11-04 00:25:20
58,14 czerwca,"Orlando di Lasso , franko-flamandzki kompozytor (ur. 1532 )",1594.0-06-14,1594,6,14,2303421.5,565257.5,wikipedia,wikipedia_pl,https://pl.wikipedia.org/wiki/14_czerwca#Zmarli,pl,zgony,,,,[],[],[],0.8,7a6d9cc870b438c6b96d1038e6e95463,2025-11-04 00:25:20,2025-11-04 00:25:20
108,24 czerwca,"Jan Andrzej Morsztyn , polski poeta, polityk, podskarbi wielki koronny , dyplomata (zm. 1693 )",1621.0-06-24,1621,6,24,2313293.5,575129.5,wikipedia,wikipedia_pl,https://pl.wikipedia.org/wiki/24_czerwca#Urodzili_się,pl,urodzenia,,,,[],[],[],0.8,961bb42926a29727249fc4a37fa5f252,2025-11-04 00:25:20,2025-11-04 00:25:20
94,15 kwietnia,"Leandro Bassano , włoski malarz (ur. 1557 )",1622.0-04-15,1622,4,15,2313588.5,575424.5,wikipedia,wikipedia_pl,https://pl.wikipedia.org/wiki/15_kwietnia#Zmarli,pl,zgony,,,,[],[],[],0.8,ff6e11759b2fb20fae97836484c80fa2,2025-11-04 00:25:20,2025-11-04 00:25:20
13,13 grudnia,"Mikołaj Oleśnicki , polski szlachcic, polityk (ur. 1558 )",1629.0-12-13,1629,12,13,2316387.5,578223.5,wikipedia,wikipedia_pl,https://pl.wikipedia.org/wiki/13_grudnia#Zmarli,pl,zgony,,,,[],[],[],0.8,ec3bbe0431066714ef355a2c06f2629d,2025-11-04 00:25:20,2025-11-04 00:25:20
91,3 września,"Lorenzo Bellini , włoski lekarz, anatom, poeta (zm. 1703 )",1643.0-09-03,1643,9,3,2321399.5,583235.5,wikipedia,wikipedia_pl,https://pl.wikipedia.org/wiki/3_września#Urodzili_się,pl,urodzenia,,,,[],[],[],0.8,8a19111b2e0c58c853b200d94c83d833,2025-11-04 00:25:20,2025-11-04 00:25:20
129,12 listopada,"Adriaen van de Venne , holenderski malarz, grafik, ilustrator, poeta (ur. 1589 )",1662.0-11-12,1662,11,12,2328409.5,590245.5,wikipedia,wikipedia_pl,https://pl.wikipedia.org/wiki/12_listopada#Zmarli,pl,zgony,,,,[],[],[],0.8,d7fd2af160a4e94d6e9b65da2b6a7547,2025-11-04 00:25:20,2025-11-04 00:25:20
52,26 października,"Karol Oldenburg , książę duński i norweski (zm. 1729 )",1680.0-10-26,1680,10,26,2334967.5,596803.5,wikipedia,wikipedia_pl,https://pl.wikipedia.org/wiki/26_października#Urodzili_się,pl,urodzenia,,,,[],[],[],0.8,af8c64d6f7f72ff0676f876e50120dcb,2025-11-04 00:25:20,2025-11-04 00:25:20
50,25 września,"Jean-Philippe Rameau , francuski kompozytor (zm. 1764 )",1683.0-09-25,1683,9,25,2336031.5,597867.5,wikipedia,wikipedia_pl,https://pl.wikipedia.org/wiki/25_września#Urodzili_się,pl,urodzenia,,,,[],[],[],0.8,23aa5f1e8f2b9845150990574d9e240c,2025-11-04 00:25:20,2025-11-04 00:25:20
12,26 kwietnia,"Michał Fryderyk Czartoryski , polski książę, polityk (zm. 1775 )",1696.0-04-26,1696,4,26,2340628.5,602464.5,wikipedia,wikipedia_pl,https://pl.wikipedia.org/wiki/26_kwietnia#Urodzili_się,pl,urodzenia,,,,[],[],[],0.8,0e3b262c22059c907a6d3545f8ed1f63,2025-11-04 00:25:20,2025-11-04 00:25:20
5,4 listopada,"Andreas Acoluthus , niemiecki orientalista, lingwista (ur. 1654 )",1704.0-11-04,1704,11,4,2343741.5,605577.5,wikipedia,wikipedia_pl,https://pl.wikipedia.org/wiki/4_listopada#Zmarli,pl,zgony,,,,[],[],[],0.8,48a1855574d5b8b49c88b25e447941ea,2025-11-04 00:25:20,2025-11-04 00:25:20
128,7 sierpnia,"Friedrich Wilhelm Zachow , niemiecki kompozytor (ur. 1663 )",1712.0-08-07,1712,8,7,2346574.5,608410.5,wikipedia,wikipedia_pl,https://pl.wikipedia.org/wiki/7_sierpnia#Zmarli,pl,zgony,,,,[],[],[],0.8,572260c31add31a46f1c2b3e04ef2fca,2025-11-04 00:25:20,2025-11-04 00:25:20
48,19 sierpnia,"Charles François de Broglie , francuski szpieg, dyplomata (zm. 1781 )",1719.0-08-19,1719,8,19,2349142.5,610978.5,wikipedia,wikipedia_pl,https://pl.wikipedia.org/wiki/19_sierpnia#Urodzili_się,pl,urodzenia,,,,[],[],[],0.8,d83cc6b2fa6410c8d1971f57c18262f0,2025-11-04 00:25:20,2025-11-04 00:25:20
18,1 kwietnia,"(lub 31 marca) Joseph Haydn , austriacki kompozytor (zm. 1809 )",1732.0-04-01,1732,4,1,2353751.5,615587.5,wikipedia,wikipedia_pl,https://pl.wikipedia.org/wiki/1_kwietnia#Urodzili_się,pl,urodzenia,,,,[],[],[],0.8,d9abcb2df4f2b45892ddf08da8ff09ef,2025-11-04 00:25:20,2025-11-04 00:25:20
131,31 stycznia,"Theodor Gottlieb von Hippel Starszy , pruski urzędnik państwowy, pisarz (zm. 1796 )",1741.0-01-31,1741,1,31,2356978.5,618814.5,wikipedia,wikipedia_pl,https://pl.wikipedia.org/wiki/31_stycznia#Urodzili_się,pl,urodzenia,,,,[],[],[],0.8,3103628e9e4dc2407ce79fc1cde7e82e,2025-11-04 00:25:20,2025-11-04 00:25:20
173,25 grudnia,"Joseph Bologne, Chevalier de Saint-Georges , francuski kompozytor, skrzypek, szermierz (zm. 1799 )",1745.0-12-25,1745,12,25,2358767.5,620603.5,wikipedia,wikipedia_pl,https://pl.wikipedia.org/wiki/25_grudnia#Urodzili_się,pl,urodzenia,,,,[],[],[],0.8,5934b1e7cdf35004f35c2e5de1bb7b27,2025-11-04 00:25:20,2025-11-04 00:25:20
96,21 września,"Charles Pictet de Rochemont , szwajcarski agronom, polityk, dyplomata (zm. 1824 )",1755.0-09-21,1755,9,21,2362324.5,624160.5,wikipedia,wikipedia_pl,https://pl.wikipedia.org/wiki/21_września#Urodzili_się,pl,urodzenia,,,,[],[],[],0.8,964061d0ead118d58954505f7b67a1bb,2025-11-04 00:25:20,2025-11-04 00:25:20
126,15 listopada,": Jacques-René Hébert , francuski dziennikarz, rewolucjonista (zm. 1794 ) Heinrich Schumacher , duński chirurg, biolog, wykładowca akademicki (zm. 1830 )",1757.0-11-15,1757,11,15,2363110.5,624946.5,wikipedia,wikipedia_pl,https://pl.wikipedia.org/wiki/15_listopada#Urodzili_się,pl,urodzenia,,,,[],[],[],0.8,0114135d281351dbb7e757822e3147b6,2025-11-04 00:25:20,2025-11-04 00:25:20
1,29 stycznia,"Maryn Carafa di Belvedere , włoski kardynał (zm. 1830 )",1764.0-01-29,1764,1,29,2365376.5,627212.5,wikipedia,wikipedia_pl,https://pl.wikipedia.org/wiki/29_stycznia#Urodzili_się,pl,urodzenia,,,,[],[],[],0.8,6786e449f5784cf660d621a39fa8e302,2025-11-04 00:25:20,2025-11-04 00:25:20
206,24 października,Andrychów otrzymał prawa miejskie.,1767.0-10-24,1767,10,24,2366740.5,628576.5,wikipedia,wikipedia_pl,https://pl.wikipedia.org/wiki/24_października#Wydarzenia_w_Polsce,pl,wydarzenia,,,,[],[],[],0.8,ae4f98bd511a969abc38ee9327748e9f,2025-11-04 00:25:20,2025-11-04 00:25:20
181,28 grudnia,"Emerich de Vattel , szwajcarski filozof, dyplomata, prawnik (ur. 1714 )",1767.0-12-28,1767,12,28,2366805.5,628641.5,wikipedia,wikipedia_pl,https://pl.wikipedia.org/wiki/28_grudnia#Zmarli,pl,zgony,,,,[],[],[],0.8,3972ca3c7035f6f1e261bee1d5c2dbf0,2025-11-04 00:25:20,2025-11-04 00:25:20
200,20 grudnia,"Antonio Soler , hiszpański kompozytor (ur. 1729 )",1783.0-12-20,1783,12,20,2372641.5,634477.5,wikipedia,wikipedia_pl,https://pl.wikipedia.org/wiki/20_grudnia#Zmarli,pl,zgony,,,,[],[],[],0.8,b5f02d501b99e75f44b75dd36924fdfd,2025-11-04 00:25:20,2025-11-04 00:25:20
73,10 grudnia,"Carl Gustav Jakob Jacobi , niemiecki matematyk, wykładowca akademicki pochodzenia żydowskiego (zm. 1851 )",1804.0-12-10,1804,12,10,2380301.5,642137.5,wikipedia,wikipedia_pl,https://pl.wikipedia.org/wiki/10_grudnia#Urodzili_się,pl,urodzenia,,,,[],[],[],0.8,77693d80415d9082c58150a5cae4c605,2025-11-04 00:25:20,2025-11-04 00:25:20
127,8 sierpnia,"Teodor Potocki , polski ziemianin, generał-major, polityk (ur. 1730 )",1812.0-08-08,1812,8,8,2383099.5,644935.5,wikipedia,wikipedia_pl,https://pl.wikipedia.org/wiki/8_sierpnia#Zmarli,pl,zgony,,,,[],[],[],0.8,577962bb0de3041f90cf28530bf3a7fb,2025-11-04 00:25:20,2025-11-04 00:25:20
207,2 kwietnia,VI koalicja antyfrancuska : kapitulacja Jasnej Góry przed wojskami rosyjskimi.,1813.0-04-02,1813,4,2,2383336.5,645172.5,wikipedia,wikipedia_pl,https://pl.wikipedia.org/wiki/2_kwietnia#Wydarzenia_w_Polsce,pl,wydarzenia,,,,[],[],[],0.8,a99251e0473222732fd13b87c8b84d31,2025-11-04 00:25:20,2025-11-04 00:25:20
105,6 kwietnia,"Robert Volkmann , niemiecki kompozytor (zm. 1883 )",1815.0-04-06,1815,4,6,2384070.5,645906.5,wikipedia,wikipedia_pl,https://pl.wikipedia.org/wiki/6_kwietnia#Urodzili_się,pl,urodzenia,,,,[],[],[],0.8,da5fa4181fd8cfcf0de1c06a9463f3e8,2025-11-04 00:25:20,2025-11-04 00:25:20
140,6 kwietnia,": Andrzej Matuszewicz , polski chirurg, położnik, wykładowca akademicki (ur. 1760 ) Christian Leberecht Vogel , niemiecki malarz (ur. 1759 )",1816.0-04-06,1816,4,6,2384436.5,646272.5,wikipedia,wikipedia_pl,https://pl.wikipedia.org/wiki/6_kwietnia#Zmarli,pl,zgony,,,,[],[],[],0.8,85f9eabe95aa387b1e74761c7e3daaef,2025-11-04 00:25:20,2025-11-04 00:25:20
45,21 czerwca,": Ernest II Sachsen-Coburg-Gotha , książę Saksonii-Coburg-Gotha (zm. 1893 ) Richard Wallace , brytyjski kolekcjoner dzieł sztuki (zm. 1890 )",1818.0-06-21,1818,6,21,2385242.5,647078.5,wikipedia,wikipedia_pl,https://pl.wikipedia.org/wiki/21_czerwca#Urodzili_się,pl,urodzenia,,,,[],[],[],0.8,e946eac3a0737b88969cbee4300711f2,2025-11-04 00:25:20,2025-11-04 00:25:20
120,29 czerwca,"Carl Philipp Fohr , niemiecki malarz, rysownik (ur. 1795 )",1818.0-06-29,1818,6,29,2385250.5,647086.5,wikipedia,wikipedia_pl,https://pl.wikipedia.org/wiki/29_czerwca#Zmarli,pl,zgony,,,,[],[],[],0.8,1790640c807a6883c08aecafebe326c1,2025-11-04 00:25:20,2025-11-04 00:25:20
171,16 listopada,"Jean-Lambert Tallien , francuski polityk, rewolucjonista (ur. 1767 )",1820.0-11-16,1820,11,16,2386121.5,647957.5,wikipedia,wikipedia_pl,https://pl.wikipedia.org/wiki/16_listopada#Zmarli,pl,zgony,,,,[],[],[],0.8,97fd92b101bf4dc3c49c485d799cce44,2025-11-04 00:25:20,2025-11-04 00:25:20
106,26 grudnia,Adam Mickiewicz napisał Odę do młodości .,1820.0-12-26,1820,12,26,2386161.5,647997.5,wikipedia,wikipedia_pl,https://pl.wikipedia.org/wiki/26_grudnia#Wydarzenia_w_Polsce,pl,wydarzenia,,,,[],[],[],0.8,93b8764ca206d1c5a622c0bd3efbc7cb,2025-11-04 00:25:20,2025-11-04 00:25:20
54,11 kwietnia,"James Augustus Grant , szkocki podróżnik (zm. 1892 )",1827.0-04-11,1827,4,11,2388458.5,650294.5,wikipedia,wikipedia_pl,https://pl.wikipedia.org/wiki/11_kwietnia#Urodzili_się,pl,urodzenia,,,,[],[],[],0.8,8f5f0dc8208c2b6feda60e0e184cc5e3,2025-11-04 00:25:20,2025-11-04 00:25:20
42,24 listopada,"Jan Amborski , polski dziennikarz, wydawca, działacz niepodległościowy (zm. 1905 )",1838.0-11-24,1838,11,24,2392703.5,654539.5,wikipedia,wikipedia_pl,https://pl.wikipedia.org/wiki/24_listopada#Urodzili_się,pl,urodzenia,,,,[],[],[],0.8,28ef1d28307723c18d60f26df91ba397,2025-11-04 00:25:20,2025-11-04 00:25:20
29,6 listopada,"Franz Jaschke , austriacki malarz (ur. 1775 )",1842.0-11-06,1842,11,6,2394146.5,655982.5,wikipedia,wikipedia_pl,https://pl.wikipedia.org/wiki/6_listopada#Zmarli,pl,zgony,,,,[],[],[],0.8,0c7be0e25927227de6ae4099e69cd308,2025-11-04 00:25:20,2025-11-04 00:25:20
15,28 września,"Robert Stout , nowozelandzki polityk, premier Nowej Zelandii (zm. 1930 )",1844.0-09-28,1844,9,28,2394838.5,656674.5,wikipedia,wikipedia_pl,https://pl.wikipedia.org/wiki/28_września#Urodzili_się,pl,urodzenia,,,,[],[],[],0.8,bb0ec82552cd308710373da44e35471c,2025-11-04 00:25:20,2025-11-04 00:25:20
199,11 sierpnia,"Bartolomé Montalvo , hiszpański malarz (ur. 1769 )",1846.0-08-11,1846,8,11,2395520.5,657356.5,wikipedia,wikipedia_pl,https://pl.wikipedia.org/wiki/11_sierpnia#Zmarli,pl,zgony,,,,[],[],[],0.8,c4614f517c3ca134b51c87c2ed692323,2025-11-04 00:25:20,2025-11-04 00:25:20
44,2 stycznia,": Josef Kainz , austriacki aktor (zm. 1910 ) Constance Lloyd , brytyjska pisarka, dziennikarka (zm. 1898 ) Bernard Sachs , amerykański neurolog pochodzenia żydowskiego (zm. 1944 )",1858.0-01-02,1858,1,2,2399682.5,661518.5,wikipedia,wikipedia_pl,https://pl.wikipedia.org/wiki/2_stycznia#Urodzili_się,pl,urodzenia,,,,[],[],[],0.8,c15a70646e9a1b4828aa0df1a0d61ff9,2025-11-04 00:25:20,2025-11-04 00:25:20
177,1 października,"Bernard Friedman , litewski prawnik, sędzia, adwokat, dziennikarz, polityk pochodzenia żydowskiego (zm. 1929 )",1859.0-10-01,1859,10,1,2400319.5,662155.5,wikipedia,wikipedia_pl,https://pl.wikipedia.org/wiki/1_października#Urodzili_się,pl,urodzenia,,,,[],[],[],0.8,70c4b3ed64a3db14d174b2bb900e607c,2025-11-04 00:25:20,2025-11-04 00:25:20
130,28 kwietnia,"Henryk Rebuschini , włoski kamilianin, błogosławiony (zm. 1938 )",1860.0-04-28,1860,4,28,2400529.5,662365.5,wikipedia,wikipedia_pl,https://pl.wikipedia.org/wiki/28_kwietnia#Urodzili_się,pl,urodzenia,,,,[],[],[],0.8,1491ff9c02fa9d4022e1176d66249b0a,2025-11-04 00:25:20,2025-11-04 00:25:20
179,5 kwietnia,"Ignacy Wróbel , polski urzędnik kolejowy, polityk (zm. 1941 )",1862.0-04-05,1862,4,5,2401236.5,663072.5,wikipedia,wikipedia_pl,https://pl.wikipedia.org/wiki/5_kwietnia#Urodzili_się,pl,urodzenia,,,,[],[],[],0.8,0235ea5ebfedc5c145c37509580f3810,2025-11-04 00:25:20,2025-11-04 00:25:20
98,16 października,": Antoni Madeyski , polski rzeźbiarz, medalier (zm. 1939 ) Jan Kanty Steczkowski , polski ekonomista, prawnik, polityk, minister finansów, premier Królestwa Polskiego (zm. 1929 )",1862.0-10-16,1862,10,16,2401430.5,663266.5,wikipedia,wikipedia_pl,https://pl.wikipedia.org/wiki/16_października#Urodzili_się,pl,urodzenia,,,,[],[],[],0.8,ff281def58e2c26fbf79b1288c62460e,2025-11-04 00:25:20,2025-11-04 00:25:20
141,5 stycznia,"Stanisław Puchalski , polski dowódca wojskowy, marszałek polny porucznik Armii Austro-Węgier , komendant Legionów Polskich , generał dywizji WP (zm. 1931 )",1867.0-01-05,1867,1,5,2402972.5,664808.5,wikipedia,wikipedia_pl,https://pl.wikipedia.org/wiki/5_stycznia#Urodzili_się,pl,urodzenia,,,,[],[],[],0.8,69e459c6b88553fa4c9faae49f55a019,2025-11-04 00:25:20,2025-11-04 00:25:20
209,2 października,": Andrzej Stopka Nazimek , polski pisarz, badacz folkloru (zm. 1934 ) Tadeusz Tabaczyński , polski polityk, poseł na Sejm Ustawodawczy i Sejm RP (zm. 1938 )",1868.0-10-02,1868,10,2,2403608.5,665444.5,wikipedia,wikipedia_pl,https://pl.wikipedia.org/wiki/2_października#Urodzili_się,pl,urodzenia,,,,[],[],[],0.8,88473318c2353774352f812b9dae3814,2025-11-04 00:25:20,2025-11-04 00:25:20
194,23 kwietnia,"Edward Hebern , amerykański wynalazca, konstruktor nowoczesnej maszyny szyfrującej (zm. 1952 )",1869.0-04-23,1869,4,23,2403811.5,665647.5,wikipedia,wikipedia_pl,https://pl.wikipedia.org/wiki/23_kwietnia#Urodzili_się,pl,urodzenia,,,,[],[],[],0.8,30c2ff4247270d871461e0f81c823ed6,2025-11-04 00:25:20,2025-11-04 00:25:20
72,11 kwietnia,": Aleksandër Stavre Drenova , albański poeta (zm. 1947 ) Adam Kiciński , polski generał brygady (zm. 1959 )",1872.0-04-11,1872,4,11,2404895.5,666731.5,wikipedia,wikipedia_pl,https://pl.wikipedia.org/wiki/11_kwietnia#Urodzili_się,pl,urodzenia,,,,[],[],[],0.8,e8df10a5ac22c4580ae50b4f2fc33f6b,2025-11-04 00:25:20,2025-11-04 00:25:20
142,27 listopada,": František Erben , czeski gimnastyk (zm. 1942 ) Chaim Weizman , izraelski polityk, prezydent Izraela (zm. 1952 )",1874.0-11-27,1874,11,27,2405855.5,667691.5,wikipedia,wikipedia_pl,https://pl.wikipedia.org/wiki/27_listopada#Urodzili_się,pl,urodzenia,,,,[],[],[],0.8,d7863a3e357274b2429586160fad328f,2025-11-04 00:25:20,2025-11-04 00:25:20
90,17 grudnia,"Costantino Patrizi Naro , włoski kardynał (ur. 1798 )",1876.0-12-17,1876,12,17,2406606.5,668442.5,wikipedia,wikipedia_pl,https://pl.wikipedia.org/wiki/17_grudnia#Zmarli,pl,zgony,,,,[],[],[],0.8,f250c84e3d0d38f37139234128a42e88,2025-11-04 00:25:20,2025-11-04 00:25:20
75,16 kwietnia,": Enrico Canfari , włoski piłkarz, działacz piłkarski (zm. 1915 ) Hermann Martens , niemiecki kolarz torowy (zm. 1916 )",1877.0-04-16,1877,4,16,2406726.5,668562.5,wikipedia,wikipedia_pl,https://pl.wikipedia.org/wiki/16_kwietnia#Urodzili_się,pl,urodzenia,,,,[],[],[],0.8,ad180283e5bb5c1d2392e5db71096ac6,2025-11-04 00:25:20,2025-11-04 00:25:20
53,31 grudnia,": Wiktoria Adelajda ze Szlezwika-Holsztynu , księżna Saksonii-Coburg-Gothy (zm. 1970 ) Joannicjusz (Spieranski) , rosyjski biskup prawosławny (zm. 1969 )",1885.0-12-31,1885,12,31,2409907.5,671743.5,wikipedia,wikipedia_pl,https://pl.wikipedia.org/wiki/31_grudnia#Urodzili_się,pl,urodzenia,,,,[],[],[],0.8,37de6f3876170fd69cb2c8c715089471,2025-11-04 00:25:20,2025-11-04 00:25:20
69,17 kwietnia,"Ferdinand Albert Gustav Nemitz , pruski prawnik, polityk (ur. 1805 )",1886.0-04-17,1886,4,17,2410014.5,671850.5,wikipedia,wikipedia_pl,https://pl.wikipedia.org/wiki/17_kwietnia#Zmarli,pl,zgony,,,,[],[],[],0.8,2ab2beca6405d328600ecaf1a5fa3379,2025-11-04 00:25:20,2025-11-04 00:25:20
26,4 sierpnia,"Dominik Jędrzejewski , polski duchowny katolicki, męczennik, błogosławiony (zm. 1942 )",1886.0-08-04,1886,8,4,2410123.5,671959.5,wikipedia,wikipedia_pl,https://pl.wikipedia.org/wiki/4_sierpnia#Urodzili_się,pl,urodzenia,,,,[],[],[],0.8,6e129b1387c908cb4c8c3dd03ad05a2b,2025-11-04 00:25:20,2025-11-04 00:25:20
37,18 czerwca,": Jan Kazimierz Kruszewski , polski generał brygady (zm. 1977 ) Jan Lortz , polski działacz społeczny, powstaniec śląski (zm. 1942 )",1888.0-06-18,1888,6,18,2410807.5,672643.5,wikipedia,wikipedia_pl,https://pl.wikipedia.org/wiki/18_czerwca#Urodzili_się,pl,urodzenia,,,,[],[],[],0.8,ef4d41a012445dd8a8dbc530f140300f,2025-11-04 00:25:20,2025-11-04 00:25:20
78,22 września,": Tadeusz Adamski , polski prawnik, ułan, żołnierz Legionów Polskich (zm. 1915 ) Hans Albers , niemiecki piosenkarz, aktor (zm. 1960 ) Charlie Buchan , angielski piłkarz, dziennikarz sportowy (zm. 1960 )",1891.0-09-22,1891,9,22,2411998.5,673834.5,wikipedia,wikipedia_pl,https://pl.wikipedia.org/wiki/22_września#Urodzili_się,pl,urodzenia,,,,[],[],[],0.8,7809a5f1e31511ea2677e5f2c0eeeff9,2025-11-04 00:25:20,2025-11-04 00:25:20
59,3 stycznia,": August Kościesza-Żaba , polski orientalista, dyplomata (ur. 1801 ) Elizabeth Peabody , amerykańska nauczycielka, działaczka społeczna (ur. 1804 )",1894.0-01-03,1894,1,3,2412832.5,674668.5,wikipedia,wikipedia_pl,https://pl.wikipedia.org/wiki/3_stycznia#Zmarli,pl,zgony,,,,[],[],[],0.8,e4c66b33f59975fe582a1ccaa3177ad4,2025-11-04 00:25:20,2025-11-04 00:25:20
175,26 stycznia,": Arthur Cayley , brytyjski matematyk, prawnik (ur. 1821 ) Nikołaj de Giers , rosyjski polityk, dyplomata (ur. 1820 ) Theodor Kliefoth , niemiecki duchowny i teolog luterański (ur. 1810 )",1895.0-01-26,1895,1,26,2413220.5,675056.5,wikipedia,wikipedia_pl,https://pl.wikipedia.org/wiki/26_stycznia#Zmarli,pl,zgony,,,,[],[],[],0.8,cdd48755312d1ebd7e31d3059f66d082,2025-11-04 00:25:20,2025-11-04 00:25:20
38,18 października,"Edmund Norwid-Kudło , polski kapitan pilot (zm. 1931 )",1895.0-10-18,1895,10,18,2413485.5,675321.5,wikipedia,wikipedia_pl,https://pl.wikipedia.org/wiki/18_października#Urodzili_się,pl,urodzenia,,,,[],[],[],0.8,7c700d99ae90af0026d6656d843319f1,2025-11-04 00:25:20,2025-11-04 00:25:20
147,25 kwietnia,"Bolesław Przedpełski , polski chemik, rolnik, polityk, senator RP (zm. 1981 )",1896.0-04-25,1896,4,25,2413675.5,675511.5,wikipedia,wikipedia_pl,https://pl.wikipedia.org/wiki/25_kwietnia#Urodzili_się,pl,urodzenia,,,,[],[],[],0.8,714bbd909500b9733f28affcfd1b7e4b,2025-11-04 00:25:20,2025-11-04 00:25:20
183,12 kwietnia,"Elzéar-Alexandre Taschereau , kanadyjski duchowny katolicki, arcybiskup Qubecu , kardynał (ur. 1820 )",1898.0-04-12,1898,4,12,2414392.5,676228.5,wikipedia,wikipedia_pl,https://pl.wikipedia.org/wiki/12_kwietnia#Zmarli,pl,zgony,,,,[],[],[],0.8,0f55229e3132bb2d7b04f5ffa768dd79,2025-11-04 00:25:20,2025-11-04 00:25:20
214,22 października,": Teodor Benirski , polski major saperów, inżynier, przedsiębiorca (zm. 1978 ) James Hall , amerykański aktor (zm. 1940 ) Keith Kirkland , australijski pływak (zm. 1971 ) Mieczysław Siewierski , polski prawnik (zm. 1981 ) Edward Stettinius , amerykański polityk (zm. 1949 )",1900.0-10-22,1900,10,22,2415315.5,677151.5,wikipedia,wikipedia_pl,https://pl.wikipedia.org/wiki/22_października#Urodzili_się,pl,urodzenia,,,,[],[],[],0.8,966ba0eac28ca72c218690822022042f,2025-11-04 00:25:20,2025-11-04 00:25:20
180,27 stycznia,"Giuseppe Verdi , włoski kompozytor (ur. 1813 )",1901.0-01-27,1901,1,27,2415412.5,677248.5,wikipedia,wikipedia_pl,https://pl.wikipedia.org/wiki/27_stycznia#Zmarli,pl,zgony,,,,[],[],[],0.8,a8054af227b6b3ac0f15a988ba67d80e,2025-11-04 00:25:20,2025-11-04 00:25:20
111,30 listopada,"Anton Stuxberg , szwedzki przyrodnik, odkrywca (ur. 1849 )",1902.0-11-30,1902,11,30,2416084.5,677920.5,wikipedia,wikipedia_pl,https://pl.wikipedia.org/wiki/30_listopada#Zmarli,pl,zgony,,,,[],[],[],0.8,7857fedf0599045d5575c2bf02cdb8eb,2025-11-04 00:25:20,2025-11-04 00:25:20
101,22 grudnia,"Richard von Krafft-Ebing , niemiecki psychiatra, seksuolog, neurolog, kryminolog, wykładowca akademicki (ur. 1840 )",1902.0-12-22,1902,12,22,2416106.5,677942.5,wikipedia,wikipedia_pl,https://pl.wikipedia.org/wiki/22_grudnia#Zmarli,pl,zgony,,,,[],[],[],0.8,76861f74dab1c8677703cdbc1fcad2f8,2025-11-04 00:25:20,2025-11-04 00:25:20
189,7 kwietnia,"Seweryn Kłosowski , polsko-brytyjski fryzjer, seryjny morderca (ur. 1865 )",1903.0-04-07,1903,4,7,2416212.5,678048.5,wikipedia,wikipedia_pl,https://pl.wikipedia.org/wiki/7_kwietnia#Zmarli,pl,zgony,,,,[],[],[],0.8,03a8f03aa2acb75ec6be77e747765a49,2025-11-04 00:25:20,2025-11-04 00:25:20
70,22 sierpnia,": Rafael Filiberto Bonnelly , dominikański prawnik, polityk, dyplomata, przewodniczący Rady Państwa (zm. 1979 ) Deng Xiaoping , chiński generał, polityk, działacz komunistyczny (zm. 1997 )",1904.0-08-22,1904,8,22,2416715.5,678551.5,wikipedia,wikipedia_pl,https://pl.wikipedia.org/wiki/22_sierpnia#Urodzili_się,pl,urodzenia,,,,[],[],[],0.8,0e28786d808abc10a9d026be876d807d,2025-11-04 00:25:20,2025-11-04 00:25:20
205,27 września,"Aleksandr Komarow , rosyjski generał (ur. 1830 )",1904.0-09-27,1904,9,27,2416751.5,678587.5,wikipedia,wikipedia_pl,https://pl.wikipedia.org/wiki/27_września#Zmarli,pl,zgony,,,,[],[],[],0.8,a21582bd4022e0eef330e35a37e93211,2025-11-04 00:25:20,2025-11-04 00:25:20
49,21 grudnia,"Stanisław Maria Załuski , polski porucznik, uczestnik powstania styczniowego (ur. 1838 )",1904.0-12-21,1904,12,21,2416836.5,678672.5,wikipedia,wikipedia_pl,https://pl.wikipedia.org/wiki/21_grudnia#Zmarli,pl,zgony,,,,[],[],[],0.8,48ca64977aa9efd69436c94e6a3fc45f,2025-11-04 00:25:20,2025-11-04 00:25:20
160,27 grudnia,W Ostrowcu proklamowano tzw. Republikę Ostrowiecką .,1905.0-12-27,1905,12,27,2417207.5,679043.5,wikipedia,wikipedia_pl,https://pl.wikipedia.org/wiki/27_grudnia#Wydarzenia_w_Polsce,pl,wydarzenia,,,,[],[],[],0.8,a0bdcfaa56587fed6d4e04e5a622550b,2025-11-04 00:25:20,2025-11-04 00:25:20
203,18 grudnia,": Ferdinand Alquié , francuski historyk, pisarz (zm. 1985 ) Antoni Gładysz , polski działacz komunistyczny (zm. 1980 )",1906.0-12-18,1906,12,18,2417563.5,679399.5,wikipedia,wikipedia_pl,https://pl.wikipedia.org/wiki/18_grudnia#Urodzili_się,pl,urodzenia,,,,[],[],[],0.8,963b51879cb33f22964473cef38a3d63,2025-11-04 00:25:20,2025-11-04 00:25:20
34,18 października,": Nikołaj Kamanin , radziecki generał pułkownik lotnictwa (zm. 1982 ) Franciszek Pitułko , polski komandor porucznik (zm. 1978 )",1908.0-10-18,1908,10,18,2418233.5,680069.5,wikipedia,wikipedia_pl,https://pl.wikipedia.org/wiki/18_października#Urodzili_się,pl,urodzenia,,,,[],[],[],0.8,faf6fdc2be7b283a1a088a9bfc819ca3,2025-11-04 00:25:20,2025-11-04 00:25:20
174,28 stycznia,": Eloy Alfaro , ekwadorski generał, polityk, prezydent Ekwadoru (ur. 1842 ) Gustave de Molinari , francuski ekonomista, wykładowca akademicki pochodzenia belgijskiego (ur. 1819 )",1912.0-01-28,1912,1,28,2419430.5,681266.5,wikipedia,wikipedia_pl,https://pl.wikipedia.org/wiki/28_stycznia#Zmarli,pl,zgony,,,,[],[],[],0.8,ebb16cb5411e775cf756b8aea37c71b3,2025-11-04 00:25:20,2025-11-04 00:25:20
67,10 września,"Zdzisław Górniak , polski porucznik obserwator (zm. 1939 )",1912.0-09-10,1912,9,10,2419656.5,681492.5,wikipedia,wikipedia_pl,https://pl.wikipedia.org/wiki/10_września#Urodzili_się,pl,urodzenia,,,,[],[],[],0.8,b301717b92776344f1a48380302412ba,2025-11-04 00:25:20,2025-11-04 00:25:20
135,15 listopada,": Chalid Bakdasz , syryjski polityk komunistyczny pochodzenia kurdyjskiego (zm. 1995 ) Witold Dobrowolski , polski dziennikarz sportowy (zm. 1975 ) Karl-Heinz Gerstner , niemiecki dziennikarz (zm. 2005 )",1912.0-11-15,1912,11,15,2419722.5,681558.5,wikipedia,wikipedia_pl,https://pl.wikipedia.org/wiki/15_listopada#Urodzili_się,pl,urodzenia,,,,[],[],[],0.8,fab9006c1ee2babd557ff81479ea249a,2025-11-04 00:25:20,2025-11-04 00:25:20
121,16 października,"Ralph Rose , amerykański lekkoatleta, kulomiot, dyskobol i młociarz (ur. 1885 )",1913.0-10-16,1913,10,16,2420057.5,681893.5,wikipedia,wikipedia_pl,https://pl.wikipedia.org/wiki/16_października#Zmarli,pl,zgony,,,,[],[],[],0.8,d48bfa22bf5fa1f113a31beb6f0139c1,2025-11-04 00:25:20,2025-11-04 00:25:20
65,25 listopada,"Tadeusz Wacław Nowacki , polski pedagog (zm. 2011 )",1913.0-11-25,1913,11,25,2420097.5,681933.5,wikipedia,wikipedia_pl,https://pl.wikipedia.org/wiki/25_listopada#Urodzili_się,pl,urodzenia,,,,[],[],[],0.8,bb158e585fdf90aed8ee75ae1c8aa24c,2025-11-04 00:25:20,2025-11-04 00:25:20
16,18 sierpnia,"Petro Linynśkyj , ukraiński prawnik, działacz społeczny, polityk (ur. 1846 )",1914.0-08-18,1914,8,18,2420363.5,682199.5,wikipedia,wikipedia_pl,https://pl.wikipedia.org/wiki/18_sierpnia#Zmarli,pl,zgony,,,,[],[],[],0.8,b3d838ce4adb7587542fd7fe384864e9,2025-11-04 00:25:20,2025-11-04 00:25:20
148,28 października,": Giuseppe Beviacqua , włoski lekkoatleta, długodystansowiec (zm. 1999 ) Dody Goodman , amerykańska aktorka (zm. 2008 ) Metody (Menzak) , rosyjski biskup prawosławny (zm. 1974 ) Jonas Salk , amerykański wirolog (zm. 1995 ) Richard Synge , brytyjski biochemik, laureat Nagrody Nobla (zm. 1994 )",1914.0-10-28,1914,10,28,2420434.5,682270.5,wikipedia,wikipedia_pl,https://pl.wikipedia.org/wiki/28_października#Urodzili_się,pl,urodzenia,,,,[],[],[],0.8,c7b567625926e77d1e5fd956a94d85c7,2025-11-04 00:25:20,2025-11-04 00:25:20
143,12 grudnia,I wojna światowa : strategicznym zwycięstwem wojsk austro-węgierskich nad rosyjskimi zakończyła się bitwa pod Limanową (2–12 grudnia).,1914.0-12-12,1914,12,12,2420479.5,682315.5,wikipedia,wikipedia_pl,https://pl.wikipedia.org/wiki/12_grudnia#Wydarzenia_w_Polsce,pl,wydarzenia,,,,[],[],[],0.8,8f65a42e0cd188b0840cd7f7405ce483,2025-11-04 00:25:20,2025-11-04 00:25:20
10,12 sierpnia,": Max Rothmann , niemiecki fizjolog, neurolog, neuroanatom, wykładowca akademicki pochodzenia żydowskiego (ur. 1868 ) Edward Williams , brytyjski wioślarz, porucznik (ur. 1888 )",1915.0-08-12,1915,8,12,2420722.5,682558.5,wikipedia,wikipedia_pl,https://pl.wikipedia.org/wiki/12_sierpnia#Zmarli,pl,zgony,,,,[],[],[],0.8,a0c2ed423319dd11d024fec6c4bffc11,2025-11-04 00:25:20,2025-11-04 00:25:20
138,5 października,": Roland Garros , francuski pilot wojskowy (ur. 1888 ) Robert Baldwin Ross , brytyjski dziennikarz, krytyk literacki (ur. 1869 ) Joshua Frederick Cockey Talbott , amerykański polityk (ur. 1843 )",1918.0-10-05,1918,10,5,2421872.5,683708.5,wikipedia,wikipedia_pl,https://pl.wikipedia.org/wiki/5_października#Zmarli,pl,zgony,,,,[],[],[],0.8,f56478946752feb3c637cf74ba23d899,2025-11-04 00:25:20,2025-11-04 00:25:20
6,30 sierpnia,": Ryszarda Hanin , polska aktorka (zm. 1994 ) Maurice Hilleman , amerykański mikrobiolog, wakcynolog (zm. 2005 ) Jiří Orten , czeski poeta pochodzenia żydowskiego (zm. 1941 ) Jadwiga Pietraszkiewicz , polska śpiewaczka operowa (sopran) (zm. 2013 ) Joachim Rønneberg , norweski żołnierz, członek ruchu oporu (zm. 2018 ) Witold Stankiewicz , polski historyk, bibliotekarz, wykładowca akademicki (zm. 2019 )",1919.0-08-30,1919,8,30,2422201.5,684037.5,wikipedia,wikipedia_pl,https://pl.wikipedia.org/wiki/30_sierpnia#Urodzili_się,pl,urodzenia,,,,[],[],[],0.8,275ce6eec930dcf3b6ef5cf251b8a050,2025-11-04 00:25:20,2025-11-04 00:25:20
39,1 sierpnia,": Frank Hanly , amerykański polityk (ur. 1863 ) Mieczysław Szymanowicz , polski podporucznik (ur. 1893 ) Bal Gangadhar Tilak , indyjski pisarz, polityk (ur. 1856 ) Edward Wawrzycki , polski porucznik (ur. 1896 )",1920.0-08-01,1920,8,1,2422538.5,684374.5,wikipedia,wikipedia_pl,https://pl.wikipedia.org/wiki/1_sierpnia#Zmarli,pl,zgony,,,,[],[],[],0.8,d2f3b1654f024966ac75a3e127b8af01,2025-11-04 00:25:20,2025-11-04 00:25:20
197,23 września,": William Anthony Hughes , amerykański duchowny katolicki, biskup Covington (zm. 2013 ) Adam Skarbiński , polski konstruktor lotniczy, technolog i historyk szybownictwa (zm. 2016 ) Bronisław Troński , polski prawnik, pisarz, dziennikarz (zm. 2012 ) Kałyjnur Usenbekow , radziecki generał porucznik (zm. 2003 )",1921.0-09-23,1921,9,23,2422956.5,684792.5,wikipedia,wikipedia_pl,https://pl.wikipedia.org/wiki/23_września#Urodzili_się,pl,urodzenia,,,,[],[],[],0.8,eef5a7c72fbefb7d09c0e4ac8afcc889,2025-11-04 00:25:20,2025-11-04 00:25:20
30,4 stycznia,": Alberto Iniesta Jiménez , hiszpański duchowny katolicki, biskup pomocniczy Madrytu (zm. 2016 ) Helena Stachowicz , polska lekkoatletka, oszczepniczka i dyskobolka (zm. 1994 ) Wilf Waters , brytyjski kolarz torowy (zm. 2006 )",1923.0-01-04,1923,1,4,2423424.5,685260.5,wikipedia,wikipedia_pl,https://pl.wikipedia.org/wiki/4_stycznia#Urodzili_się,pl,urodzenia,,,,[],[],[],0.8,10bf43c9cf671b78818c5809883d306a,2025-11-04 00:25:20,2025-11-04 00:25:20
92,15 czerwca,": Erland Josephson , szwedzki aktor (zm. 2012 ) Ninian Stephen , australijski prawnik, gubernator generalny Australii (zm. 2017 )",1923.0-06-15,1923,6,15,2423586.5,685422.5,wikipedia,wikipedia_pl,https://pl.wikipedia.org/wiki/15_czerwca#Urodzili_się,pl,urodzenia,,,,[],[],[],0.8,adefddf1447b1973022ca8b95e7b82a5,2025-11-04 00:25:20,2025-11-04 00:25:20
32,15 września,": Anton Heiller , austriacki kompozytor, organista, pedagog (zm. 1979 ) Karol Latowicz , polski aktor pochodzenia żydowskiego (zm. 1984 )",1923.0-09-15,1923,9,15,2423678.5,685514.5,wikipedia,wikipedia_pl,https://pl.wikipedia.org/wiki/15_września#Urodzili_się,pl,urodzenia,,,,[],[],[],0.8,10973cbce3ef911e8a718ef9d4810ead,2025-11-04 00:25:20,2025-11-04 00:25:20
22,24 grudnia,": Mikołaj Kozakiewicz , polski socjolog, polityk, marszałek Sejmu RP (zm. 1998 ) Adolf Lekki , polski pisarz (zm. 1991 ) George Smith Patton IV , amerykański aktor (zm. 2004 ) Adam Tarnawski , polski malarz (zm. 2015 )",1923.0-12-24,1923,12,24,2423778.5,685614.5,wikipedia,wikipedia_pl,https://pl.wikipedia.org/wiki/24_grudnia#Urodzili_się,pl,urodzenia,,,,[],[],[],0.8,79b6cfe3feb89630cec66beba251e499,2025-11-04 00:25:20,2025-11-04 00:25:20
144,28 września,"Klara Czop-Umlauf , polska pianistka, akompaniatorka, kameralistka, pedagog (ur. 1872 )",1924.0-09-28,1924,9,28,2424057.5,685893.5,wikipedia,wikipedia_pl,https://pl.wikipedia.org/wiki/28_września#Zmarli,pl,zgony,,,,[],[],[],0.8,be3fc429e679eca880cfcf3b0dc5278f,2025-11-04 00:25:20,2025-11-04 00:25:20
76,26 czerwca,": Pawieł Bielajew , radziecki pilot wojskowy, kosmonauta (zm. 1970 ) Henryk Kulczyk , polski przedsiębiorca, filantrop (zm. 2013 ) Virgilio Maroso , włoski piłkarz (zm. 1949 ) Wolfgang Unzicker , niemiecki szachista (zm. 2006 )",1925.0-06-26,1925,6,26,2424328.5,686164.5,wikipedia,wikipedia_pl,https://pl.wikipedia.org/wiki/26_czerwca#Urodzili_się,pl,urodzenia,,,,[],[],[],0.8,f3490eb6a202a530d174ede63499ff39,2025-11-04 00:25:20,2025-11-04 00:25:20
116,13 października,": Lenny Bruce , amerykański komik estradowy (zm. 1966 ) Carlos Robles Piquer , hiszpański polityk, dyplomata, minister edukacji i nauki, eurodeputowany (zm. 2018 ) Margaret Thatcher , brytyjska polityk, premier Wielkiej Brytanii (zm. 2013 )",1925.0-10-13,1925,10,13,2424437.5,686273.5,wikipedia,wikipedia_pl,https://pl.wikipedia.org/wiki/13_października#Urodzili_się,pl,urodzenia,,,,[],[],[],0.8,5f3b06f8dd703b96fafb44f3dc29e022,2025-11-04 00:25:20,2025-11-04 00:25:20
28,29 grudnia,": Jay Chamberlain , amerykański kierowca wyścigowy (zm. 2001 ) Keshav Dutt , indyjski hokeista na trawie (zm. 2021 ) Luis Alberto Monge , kostarykański związkowiec, polityk, prezydent Kostaryki (zm. 2016 ) Zbigniew Pełczyński , polski filozof (zm. 2021 ) István Szondy , węgierski pięcioboista nowoczesny, jeździec sportowy (zm. 2017 )",1925.0-12-29,1925,12,29,2424514.5,686350.5,wikipedia,wikipedia_pl,https://pl.wikipedia.org/wiki/29_grudnia#Urodzili_się,pl,urodzenia,,,,[],[],[],0.8,81abe2e33cdd2c014f7c7cc94e968bc1,2025-11-04 00:25:20,2025-11-04 00:25:20
124,13 grudnia,": Alfred Emmott , brytyjski arystokrata, polityk (ur. 1858 ) Longin Latawiec , polski kapitan, kupiec (ur. 1897 ) Théo van Rysselberghe , belgijski malarz, rzeźbiarz, designer (ur. 1862 )",1926.0-12-13,1926,12,13,2424863.5,686699.5,wikipedia,wikipedia_pl,https://pl.wikipedia.org/wiki/13_grudnia#Zmarli,pl,zgony,,,,[],[],[],0.8,7a100d0722268771fd8d49514a73213f,2025-11-04 00:25:20,2025-11-04 00:25:20
43,17 października,": Friedrich Hirzebruch , niemiecki matematyk, wykładowca akademicki (zm. 2012 ) Zbigniew Jaworowski , polski lekarz radiolog, profesor nauk medycznych, taternik (zm. 2011 ) Czesław Kozłowski , polski historyk ruchu robotniczego, wykładowca akademicki (zm. 1997 )",1927.0-10-17,1927,10,17,2425171.5,687007.5,wikipedia,wikipedia_pl,https://pl.wikipedia.org/wiki/17_października#Urodzili_się,pl,urodzenia,,,,[],[],[],0.8,f9689cab7fb9430f608b18c609cfc8f1,2025-11-04 00:25:20,2025-11-04 00:25:20
156,13 listopada,"Władimir Bobrinski , rosyjski polityk (ur. 1868 )",1927.0-11-13,1927,11,13,2425198.5,687034.5,wikipedia,wikipedia_pl,https://pl.wikipedia.org/wiki/13_listopada#Zmarli,pl,zgony,,,,[],[],[],0.8,e74d1d9690c5eca28b022f6b25b26f2e,2025-11-04 00:25:20,2025-11-04 00:25:20
213,19 stycznia,": Ireneusz Ihnatowicz , polski historyk, archiwista (zm. 2001 ) Tomisław Karadziordziewić , królewicz Jugosławii, książę koronny w 1934–1945 (zm. 2000 ) Joan Regan , brytyjska piosenkarka (zm. 2013 ) John Treloar , australijski lekkoatleta, sprinter (zm. 2012 ) Hans Georg Wunderlich , niemiecki geolog (zm. 1974 )",1928.0-01-19,1928,1,19,2425265.5,687101.5,wikipedia,wikipedia_pl,https://pl.wikipedia.org/wiki/19_stycznia#Urodzili_się,pl,urodzenia,,,,[],[],[],0.8,f227a6f217e42be2e47a557280ac699f,2025-11-04 00:25:20,2025-11-04 00:25:20
170,11 kwietnia,": Jack Betts , amerykański aktor (zm. 2025 ) Wiesław Skrzydło , polski prawnik, konstytucjonalista, wykładowca akademicki (zm. 2021 ) Thomas Sweeney , australijski rugbysta (zm. 2017 ) Roman Teisseyre , polski geofizyk, wykładowca akademicki (zm. 2022 )",1929.0-04-11,1929,4,11,2425713.5,687549.5,wikipedia,wikipedia_pl,https://pl.wikipedia.org/wiki/11_kwietnia#Urodzili_się,pl,urodzenia,,,,[],[],[],0.8,e909b3830c3c72eaa0cab475adde80e4,2025-11-04 00:25:20,2025-11-04 00:25:20
154,25 sierpnia,"Olaf Falk , szwedzki bokser (ur. 1905 )",1929.0-08-25,1929,8,25,2425849.5,687685.5,wikipedia,wikipedia_pl,https://pl.wikipedia.org/wiki/25_sierpnia#Zmarli,pl,zgony,,,,[],[],[],0.8,3130beba67d978140da5f040f931f8f5,2025-11-04 00:25:20,2025-11-04 00:25:20
167,28 stycznia,": Konrad Biesalski , niemiecki ortopeda, działacz społeczny (ur. 1868 ) Ema Destinnová , czeska śpiewaczka (sopran liryczno-dramatyczny) (ur. 1878 ) Mojżesz Tovini , włoski duchowny katolicki, błogosławiony (ur. 1877 )",1930.0-01-28,1930,1,28,2426005.5,687841.5,wikipedia,wikipedia_pl,https://pl.wikipedia.org/wiki/28_stycznia#Zmarli,pl,zgony,,,,[],[],[],0.8,9e87ea86406e2482c8e8a349605f89fb,2025-11-04 00:25:20,2025-11-04 00:25:20
47,3 sierpnia,": Karol Dillenius , polski aktor (zm. 2017 ) Janusz Siemiątkowski , polski pilot, instruktor szybowcowy, samolotowy i śmigłowcowy, ratownik górski (zm. 2016 ) Marlene Smith , kanadyjska łyżwiarka figurowa (zm. 2009 ) Władimir Trusieniow , rosyjski lekkoatleta, dyskobol (zm. 2001 )",1931.0-08-03,1931,8,3,2426557.5,688393.5,wikipedia,wikipedia_pl,https://pl.wikipedia.org/wiki/3_sierpnia#Urodzili_się,pl,urodzenia,,,,[],[],[],0.8,902702bc61d1f94c6b3e5fc7aff176b3,2025-11-04 00:25:20,2025-11-04 00:25:20
56,25 września,": Mychajło Hałuszczynski , ukraiński działacz oświatowy, polityk, wicemarszałek Senatu i poseł na Sejm RP (ur. 1878 ) Aleksander Skrzyński , polski hrabia, prawnik, podporucznik, polityk, minister spraw zagranicznych, premier RP (ur. 1882 ) Ulrich von Wilamowitz-Moellendorff , niemiecki filolog klasyczny, wykładowca akademicki (ur. 1848 )",1931.0-09-25,1931,9,25,2426610.5,688446.5,wikipedia,wikipedia_pl,https://pl.wikipedia.org/wiki/25_września#Zmarli,pl,zgony,,,,[],[],[],0.8,e8df555e2e06a4f72cedca382ebebf83,2025-11-04 00:25:20,2025-11-04 00:25:20
146,17 czerwca,": Aleksandr Askoldow , rosyjski reżyser filmowy (zm. 2018 ) Derek Ibbotson , brytyjski lekkoatleta, średnio- i długodystansowiec (zm. 2017 ) Walter Kollmann , austriacki piłkarz (zm. 2017 ) Juan Antonio Masso , hiszpański duchowny katolicki, wikariusz regionalny prałatury personalnej Opus Dei w Australii i Nowej Zelandii (zm. 2003 ) John Murtha , amerykański polityk (zm. 2010 )",1932.0-06-17,1932,6,17,2426876.5,688712.5,wikipedia,wikipedia_pl,https://pl.wikipedia.org/wiki/17_czerwca#Urodzili_się,pl,urodzenia,,,,[],[],[],0.8,937f71bd4c936174c93feef62a643fd4,2025-11-04 00:25:20,2025-11-04 00:25:20
152,22 sierpnia,"Jan Zaleski , polski biochemik, wykładowca akademicki (ur. 1869 )",1932.0-08-22,1932,8,22,2426942.5,688778.5,wikipedia,wikipedia_pl,https://pl.wikipedia.org/wiki/22_sierpnia#Zmarli,pl,zgony,,,,[],[],[],0.8,37876fd18f3106bb7be48bcca9237440,2025-11-04 00:25:20,2025-11-04 00:25:20
122,10 września,": Bo Goldman , amerykański scenarzysta filmowy i teatralny (zm. 2023 ) Jerzy Knyba , polski historyk, działacz społeczny (zm. 2010 ) Félix Malloum , czadyjski generał, polityk, prezydent Czadu (zm. 2009 ) Zbigniew Szczurek , polski prawnik, sędzia (zm. 2023 )",1932.0-09-10,1932,9,10,2426961.5,688797.5,wikipedia,wikipedia_pl,https://pl.wikipedia.org/wiki/10_września#Urodzili_się,pl,urodzenia,,,,[],[],[],0.8,8bb6b70a62d29606628034e3f0411ab7,2025-11-04 00:25:20,2025-11-04 00:25:20
77,12 września,": Atli Dam , farerski polityk, premier Wysp Owczych (zm. 2005 ) Carles Soler Perdigó , hiszpański duchowny katolicki, biskup pomocniczy Barcelony , biskup Girony (zm. 2023 ) Tadeusz Wrzaszczyk , polski inżynier, polityk, poseł na Sejm PRL, minister przemysłu maszynowego, wicepremier (zm. 2002 )",1932.0-09-12,1932,9,12,2426963.5,688799.5,wikipedia,wikipedia_pl,https://pl.wikipedia.org/wiki/12_września#Urodzili_się,pl,urodzenia,,,,[],[],[],0.8,55fd0c2eacbfeec0fc285a3914724e99,2025-11-04 00:25:20,2025-11-04 00:25:20
195,28 grudnia,": Giovanni Battistelli , włoski duchowny katolicki, franciszkanin, kustosz Ziemi Świętej (zm. 2011 ) Inger Bjørnbakken , norweska narciarka alpejska (zm. 2021 ) Charles Fiterman , francuski polityk Charles Portis , amerykański pisarz (zm. 2020 )",1933.0-12-28,1933,12,28,2427435.5,689271.5,wikipedia,wikipedia_pl,https://pl.wikipedia.org/wiki/28_grudnia#Urodzili_się,pl,urodzenia,,,,[],[],[],0.8,1a89adb3f55ba1a48d722f4e050f0b0e,2025-11-04 00:25:20,2025-11-04 00:25:20
187,20 stycznia,"Ugo Benelli , włoski śpiewak operowy (tenor)",1935.0-01-20,1935,1,20,2427823.5,689659.5,wikipedia,wikipedia_pl,https://pl.wikipedia.org/wiki/20_stycznia#Urodzili_się,pl,urodzenia,,,,[],[],[],0.8,bbe9b39e434c6d6a483becd9a9779395,2025-11-04 00:25:20,2025-11-04 00:25:20
79,24 października,": Aniempodist Sofronow , jakucki poeta, prozaik, dramaturg, dziennikarz, działacz społeczny (ur. 1886 ) Eugeniusz Ślaski , polski generał brygady (ur. 1873 )",1935.0-10-24,1935,10,24,2428100.5,689936.5,wikipedia,wikipedia_pl,https://pl.wikipedia.org/wiki/24_października#Zmarli,pl,zgony,,,,[],[],[],0.8,d4a9b1f4a3bc289dc5b03b7e7437a905,2025-11-04 00:25:20,2025-11-04 00:25:20
164,4 sierpnia,"Wincenty Rubiols Castelló , hiszpański duchowny katolicki, męczennik, błogosławiony (ur. 1874 )",1936.0-08-04,1936,8,4,2428385.5,690221.5,wikipedia,wikipedia_pl,https://pl.wikipedia.org/wiki/4_sierpnia#Zmarli,pl,zgony,,,,[],[],[],0.8,e492061efd60ac0d91ef8c4ce02f0395,2025-11-04 00:25:20,2025-11-04 00:25:20
61,1 stycznia,"Bhaktisiddhanta Sarasvati Thakura , hinduski duchowny i nauczyciel w tradycji gaudija wisznuizmu , astronom, astrolog (ur. 1874 )",1937.0-01-01,1937,1,1,2428535.5,690371.5,wikipedia,wikipedia_pl,https://pl.wikipedia.org/wiki/1_stycznia#Zmarli,pl,zgony,,,,[],[],[],0.8,2ecc1a07b506a158aa690ef558754318,2025-11-04 00:25:20,2025-11-04 00:25:20
196,1 kwietnia,"Jan Głazek , polski pedagog, samorządowiec, prezydent Częstochowy (ur. 1856 )",1938.0-04-01,1938,4,1,2428990.5,690826.5,wikipedia,wikipedia_pl,https://pl.wikipedia.org/wiki/1_kwietnia#Zmarli,pl,zgony,,,,[],[],[],0.8,b12be15fd483c3d307ef8f6d9441468a,2025-11-04 00:25:20,2025-11-04 00:25:20
80,19 kwietnia,": Henry Stephens Salt , brytyjski pisarz, reformator społeczny (ur. 1851 ) János Vaszary , węgierski malarz (ur. 1867 ) Jan de Vries , holenderski lekkoatleta, sprinter i piłkarz (ur. 1896 ) Rudolf Wacker , austriacki malarz (ur. 1893 )",1939.0-04-19,1939,4,19,2429373.5,691209.5,wikipedia,wikipedia_pl,https://pl.wikipedia.org/wiki/19_kwietnia#Zmarli,pl,zgony,,,,[],[],[],0.8,8c4d15e8897b5af489a56d362dc70c33,2025-11-04 00:25:20,2025-11-04 00:25:20
134,2 października,"Skapitulował Hel , ostatnia twierdza kampanii wrześniowej .",1939.0-10-02,1939,10,2,2429539.5,691375.5,wikipedia,wikipedia_pl,https://pl.wikipedia.org/wiki/2_października#Wydarzenia_w_Polsce,pl,wydarzenia,,,,[],[],[],0.8,c4cc133747e7d45df715a384dfa21584,2025-11-04 00:25:20,2025-11-04 00:25:20
172,7 listopada,": Martin Davidson , amerykański reżyser, scenarzysta i producent filmowy Asłan Dżarimow , rosyjski polityk, prezydent Adygei , dyplomata Uładzimir Jahorau , białoruski polityk (zm. 2016 ) Stanisław Orzechowski , polski duchowny katolicki (zm. 2021 ) Olegário Tolóí de Oliveira , brazylijski piłkarz, trener (zm. 2024 )",1939.0-11-07,1939,11,7,2429575.5,691411.5,wikipedia,wikipedia_pl,https://pl.wikipedia.org/wiki/7_listopada#Urodzili_się,pl,urodzenia,,,,[],[],[],0.8,5b4e8e8326d842e6238d094a92632546,2025-11-04 00:25:20,2025-11-04 00:25:20
191,24 czerwca,": Masakry więzienne NKWD : rozpoczęły się ewakuacje więzień NKWD w Berezweczu i Wilejce , których konsekwencjami były tzw. „marsze śmierci”: Berezwecz-Taklinowa , w trakcie którego zginęło ok. 1–2 tys. więźniów i Wilejka-Borysów , w którego trakcie zginęło od 500 do 800 więźniów. Operacja „Barbarossa” : Adolf Hitler przybył do swej kwatery głównej Wolfsschanze w lesie gierłoskim pod Kętrzynem ; Wehrmacht zajął Przemyśl i Wilno .",1941.0-06-24,1941,6,24,2430170.5,692006.5,wikipedia,wikipedia_pl,https://pl.wikipedia.org/wiki/24_czerwca#Wydarzenia_w_Polsce,pl,wydarzenia,,,,[],[],[],0.8,e97079917fe3513368717ccdf4ebf180,2025-11-04 00:25:20,2025-11-04 00:25:20
103,21 sierpnia,": Jackie DeShannon , amerykańska piosenkarka José Guadalupe Galván Galindo , meksykański duchowny katolicki, biskup Ciudad Valles i Torreón (zm. 2022 ) Alberto Mario González , argentyński piłkarz (zm. 2023 ) Stefan Pastuszka , polski historyk, profesor nauk humanistycznych, polityk, senator RP (zm. 2019 ) Nina Smolar , polska biochemik, wydawca Jerzy Zawadzki , polski chemik (zm. 2021 )",1941.0-08-21,1941,8,21,2430228.5,692064.5,wikipedia,wikipedia_pl,https://pl.wikipedia.org/wiki/21_sierpnia#Urodzili_się,pl,urodzenia,,,,[],[],[],0.8,99106a25b561be0f4a8f2141f14700ea,2025-11-04 00:25:20,2025-11-04 00:25:20
24,11 września,": Yvonne Herløv Andersen , duńska pedagog, działaczka samorządowa, polityk Marek Bargiełowski , polski aktor (zm. 2016 ) Lola Falana , amerykańska aktorka, tancerka",1942.0-09-11,1942,9,11,2430614.5,692450.5,wikipedia,wikipedia_pl,https://pl.wikipedia.org/wiki/11_września#Urodzili_się,pl,urodzenia,,,,[],[],[],0.8,d90439342676ab8372b81b3b565e8b9e,2025-11-04 00:25:20,2025-11-04 00:25:20
161,20 czerwca,": Wojciech Gąssowski , polski piosenkarz Grant Tambling , australijski polityk, gubernator Terytorium Wyspy Norfolk (zm. 2025 ) Masayuki Uemura , japoński projektant sprzętu elektronicznego (zm. 2021 )",1943.0-06-20,1943,6,20,2430896.5,692732.5,wikipedia,wikipedia_pl,https://pl.wikipedia.org/wiki/20_czerwca#Urodzili_się,pl,urodzenia,,,,[],[],[],0.8,9e36158fb959be9be1b32d05c4c287d2,2025-11-04 00:25:20,2025-11-04 00:25:20
201,14 sierpnia,": 14. dzień powstania warszawskiego : najcięższe walki toczyły się na Starym Mieście . Nad Puszczą Niepołomicką , po dokonaniu zrzutu pomocy dla powstańców, został zaatakowany przez niemieckie myśliwce ciężki bombowiec Consolidated B-24 Liberator z 7-osobową polską załogą, która poniosła śmierć opuszczając płonący samolot na spadochronach ze zbyt niskiej wysokości. Rozpoczęła się akcja „Burza” w Okręgu Łódź AK .",1944.0-08-14,1944,8,14,2431317.5,693153.5,wikipedia,wikipedia_pl,https://pl.wikipedia.org/wiki/14_sierpnia#Wydarzenia_w_Polsce,pl,wydarzenia,,,,[],[],[],0.8,f71670ac2b8f4746533f1d15eac11978,2025-11-04 00:25:20,2025-11-04 00:25:20
85,6 października,": Leon Bianchi , polski podpułkownik dyplomowany saperów (ur. 1896 ) Dowmont Franciszek Giedroyć , polski dermatolog, historyk medycyny, wykładowca akademicki (ur. 1860 ) Zbigniew Twardy , polski porucznik artylerii, żołnierz AK , cichociemny (ur. 1920 ) Jaroslav Vedral , czechosłowacki generał brygady (ur. 1895 )",1944.0-10-06,1944,10,6,2431370.5,693206.5,wikipedia,wikipedia_pl,https://pl.wikipedia.org/wiki/6_października#Zmarli,pl,zgony,,,,[],[],[],0.8,4d4dec5d164437ed7662ac4209336d47,2025-11-04 00:25:20,2025-11-04 00:25:20
84,12 stycznia,": Aleksandr Chałamieniuk , radziecki starszy porucznik (ur. 1918 ) Theodor Kroyer , niemiecki muzykolog, wykładowca akademicki (ur. 1873 ) Ignác Kúnos , węgierski językoznawca, turkolog, wykładowca akademicki (ur. 1860 ) Paolo Salvi , włoski gimnastyk (ur. 1891 )",1945.0-01-12,1945,1,12,2431468.5,693304.5,wikipedia,wikipedia_pl,https://pl.wikipedia.org/wiki/12_stycznia#Zmarli,pl,zgony,,,,[],[],[],0.8,c78f46e64b2da96a66250e554720a090,2025-11-04 00:25:20,2025-11-04 00:25:20
136,20 stycznia,": Stanisław Augustyński , polski urzędnik skarbowy, działacz ludowy, społeczny i samorządowy, polityk, poseł na Sejm RP (ur. 1869 ) Piotr Drozdow , radziecki młodszy porucznik (ur. 1923 ) Wacław Krzeptowski , polski góral, polityk ludowy, jeden z przywódców Goralenvolku (ur. 1897 ) Richard Malik , niemiecki piłkarz (ur. 1909 ) Mykoła Nosula , radziecki sierżant (ur. 1926 )",1945.0-01-20,1945,1,20,2431476.5,693312.5,wikipedia,wikipedia_pl,https://pl.wikipedia.org/wiki/20_stycznia#Zmarli,pl,zgony,,,,[],[],[],0.8,8d8c79800348187714abce9410950e4b,2025-11-04 00:25:20,2025-11-04 00:25:20
100,24 grudnia,": Jan Akkerman , holenderski gitarzysta, członek zespołu Focus Roselyne Bachelot , francuska polityk Philippe Clerc , szwajcarski lekkoatleta, sprinter Inge Ejderstedt , szwedzki piłkarz Erwin Pröll , austriacki polityk Jeff Sessions , amerykański polityk, senator Patrick Vial , francuski judoka Andrew Yao , amerykański informatyk pochodzenia chińskiego",1946.0-12-24,1946,12,24,2432179.5,694015.5,wikipedia,wikipedia_pl,https://pl.wikipedia.org/wiki/24_grudnia#Urodzili_się,pl,urodzenia,,,,[],[],[],0.8,d79affb52a7855e83c9b4412633aed40,2025-11-04 00:25:20,2025-11-04 00:25:20
184,27 września,Podczas narady partii komunistycznych i robotniczych w Szklarskiej Porębie utworzono Kominform .,1947.0-09-27,1947,9,27,2432456.5,694292.5,wikipedia,wikipedia_pl,https://pl.wikipedia.org/wiki/27_września#Wydarzenia_w_Polsce,pl,wydarzenia,,,,[],[],[],0.8,8b5875d1cb9f779dd9ae207a2e88e43e,2025-11-04 00:25:20,2025-11-04 00:25:20
82,15 listopada,"Eduard von Schleich , niemiecki pilot wojskowy, as myśliwski (ur. 1888 )",1947.0-11-15,1947,11,15,2432505.5,694341.5,wikipedia,wikipedia_pl,https://pl.wikipedia.org/wiki/15_listopada#Zmarli,pl,zgony,,,,[],[],[],0.8,543b8337dc472f24685fd0323dc0f04b,2025-11-04 00:25:20,2025-11-04 00:25:20
110,2 listopada,"Tadeusz Kopeć , polski prawnik, dziennikarz, działacz społeczny, polityk, poseł na Sejm RP (ur. 1905 )",1949.0-11-02,1949,11,2,2433223.5,695059.5,wikipedia,wikipedia_pl,https://pl.wikipedia.org/wiki/2_listopada#Zmarli,pl,zgony,,,,[],[],[],0.8,700b2f050b4b75c4151c089aabb17205,2025-11-04 00:25:20,2025-11-04 00:25:20
220,Research on history - Paper 6,This paper explores history from a historical perspective with modern analytical methods.,1950-02-02,1950,1,1,2433314.5,695150.5,scientific,mock_arxiv,https://arxiv.org/abs/mock.0.5,en,scientific_paper,journal_article,,,"[""Author 6"", ""Co-Author 6""]",[],"[""history""]",0.9,443040dc93230b3fc66f5067d7ebe471,2025-11-04 00:25:20,2025-11-04 00:25:20
346,Research on history - Paper 12,This paper explores history from a historical perspective with modern analytical methods.,1950-02-12,1950,1,1,2433324.5,695160.5,scientific,mock_arxiv,https://arxiv.org/abs/mock.0.11,en,scientific_paper,journal_article,,,"[""Author 12"", ""Co-Author 12""]",[],"[""history""]",0.9,677e15aa7427ec2ea13591e6221a7727,2025-11-04 00:30:56,2025-11-04 00:30:56
361,Research on archaeology - Paper 7,This paper explores archaeology from a historical perspective with modern analytical methods.,1950-06-08,1950,1,1,2433440.5,695276.5,scientific,mock_arxiv,https://arxiv.org/abs/mock.1.6,en,scientific_paper,journal_article,,,"[""Author 7"", ""Co-Author 7""]",[],"[""archaeology""]",0.9,f975297139e1b3fee0c0199f022f1711,2025-11-04 00:30:56,2025-11-04 00:30:56
345,Research on history - Paper 11,This paper explores history from a historical perspective with modern analytical methods.,1950-08-16,1950,1,1,2433509.5,695345.5,scientific,mock_arxiv,https://arxiv.org/abs/mock.0.10,en,scientific_paper,journal_article,,,"[""Author 11"", ""Co-Author 11""]",[],"[""history""]",0.9,ec05261882fcde391ce7ac3e6e42616e,2025-11-04 00:30:56,2025-11-04 00:30:56
248,Research on archaeology - Paper 14,This paper explores archaeology from a historical perspective with modern analytical methods.,1950-08-17,1950,1,1,2433510.5,695346.5,scientific,mock_arxiv,https://arxiv.org/abs/mock.1.13,en,scientific_paper,journal_article,,,"[""Author 14"", ""Co-Author 14""]",[],"[""archaeology""]",0.9,6e61d0529a0b96a0e63c804df5f16654,2025-11-04 00:25:20,2025-11-04 00:25:20
479,Research on medieval - Paper 5,This paper explores medieval from a historical perspective with modern analytical methods.,1950-11-17,1950,1,1,2433602.5,695438.5,scientific,mock_arxiv,https://arxiv.org/abs/mock.2.4,en,scientific_paper,journal_article,,,"[""Author 5"", ""Co-Author 5""]",[],"[""medieval""]",0.9,859df60f7cc818e60c79cfcabec86d42,2025-11-04 00:42:42,2025-11-04 00:42:42
11,23 listopada,": Mariusz Benoit , polski aktor, reżyser teatralny, pedagog Swetła Ocetowa , bułgarska wioślarka Milan Roćen , czarnogórski polityk Charles Schumer , amerykański polityk, senator Michał Władkowski , polski pianista, pedagog",1950.0-11-23,1950,11,23,2433609.5,695445.5,wikipedia,wikipedia_pl,https://pl.wikipedia.org/wiki/23_listopada#Urodzili_się,pl,urodzenia,,,,[],[],[],0.8,d8876341a2f59c82883d4583848ff728,2025-11-04 00:25:20,2025-11-04 00:25:20
169,7 kwietnia,": Frederick Hamlin , brytyjski kolarz torowy (ur. 1881 ) Daniel Lowey , brytyjski przeciągacz liny (ur. 1878 )",1951.0-04-07,1951,4,7,2433744.5,695580.5,wikipedia,wikipedia_pl,https://pl.wikipedia.org/wiki/7_kwietnia#Zmarli,pl,zgony,,,,[],[],[],0.8,27c0c4af82259cf0a15102ef60b49ea0,2025-11-04 00:25:20,2025-11-04 00:25:20
446,Research on history - Paper 12,This paper explores history from a historical perspective with modern analytical methods.,1952-06-18,1952,1,1,2434181.5,696017.5,scientific,mock_arxiv,https://arxiv.org/abs/mock.0.11,en,scientific_paper,journal_article,,,"[""Author 12"", ""Co-Author 12""]",[],"[""history""]",0.9,ddb342576f3a4a7b40fc46832ab85a8d,2025-11-04 00:42:42,2025-11-04 00:42:42
484,Research on medieval - Paper 10,This paper explores medieval from a historical perspective with modern analytical methods.,1952-08-02,1952,1,1,2434226.5,696062.5,scientific,mock_arxiv,https://arxiv.org/abs/mock.2.9,en,scientific_paper,journal_article,,,"[""Author 10"", ""Co-Author 10""]",[],"[""medieval""]",0.9,b57f22218a447820e7f13d75e7cfdb20,2025-11-04 00:42:42,2025-11-04 00:42:42
500,Research on ancient - Paper 6,This paper explores ancient from a historical perspective with modern analytical methods.,1952-10-08,1952,1,1,2434293.5,696129.5,scientific,mock_arxiv,https://arxiv.org/abs/mock.3.5,en,scientific_paper,journal_article,,,"[""Author 6"", ""Co-Author 6""]",[],"[""ancient""]",0.9,5270125d0ca42e85474a8ae3b31a4c0b,2025-11-04 00:42:42,2025-11-04 00:42:42
450,Research on history - Paper 16,This paper explores history from a historical perspective with modern analytical methods.,1952-10-16,1952,1,1,2434301.5,696137.5,scientific,mock_arxiv,https://arxiv.org/abs/mock.0.15,en,scientific_paper,journal_article,,,"[""Author 16"", ""Co-Author 16""]",[],"[""history""]",0.9,703108e4bf9d7e58fedca2868ebd4395,2025-11-04 00:42:42,2025-11-04 00:42:42
357,Research on archaeology - Paper 3,This paper explores archaeology from a historical perspective with modern analytical methods.,1952-11-14,1952,1,1,2434330.5,696166.5,scientific,mock_arxiv,https://arxiv.org/abs/mock.1.2,en,scientific_paper,journal_article,,,"[""Author 3"", ""Co-Author 3""]",[],"[""archaeology""]",0.9,b80f767236ecaca57647d38ef24a42ee,2025-11-04 00:30:56,2025-11-04 00:30:56
268,Research on medieval - Paper 14,This paper explores medieval from a historical perspective with modern analytical methods.,1952-12-21,1952,1,1,2434367.5,696203.5,scientific,mock_arxiv,https://arxiv.org/abs/mock.2.13,en,scientific_paper,journal_article,,,"[""Author 14"", ""Co-Author 14""]",[],"[""medieval""]",0.9,848e8e86401d71a2fed82f3895636cf7,2025-11-04 00:25:20,2025-11-04 00:25:20
397,Research on ancient - Paper 3,This paper explores ancient from a historical perspective with modern analytical methods.,1953-07-19,1953,1,1,2434577.5,696413.5,scientific,mock_arxiv,https://arxiv.org/abs/mock.3.2,en,scientific_paper,journal_article,,,"[""Author 3"", ""Co-Author 3""]",[],"[""ancient""]",0.9,c6fb1badd93da5d605d994a3b625416b,2025-11-04 00:30:56,2025-11-04 00:30:56
452,Research on history - Paper 18,This paper explores history from a historical perspective with modern analytical methods.,1953-09-24,1953,1,1,2434644.5,696480.5,scientific,mock_arxiv,https://arxiv.org/abs/mock.0.17,en,scientific_paper,journal_article,,,"[""Author 18"", ""Co-Author 18""]",[],"[""history""]",0.9,062a6efa76e5ed1c5ee858b7b949cc61,2025-11-04 00:42:42,2025-11-04 00:42:42
282,Research on ancient - Paper 8,This paper explores ancient from a historical perspective with modern analytical methods.,1953-11-04,1953,1,1,2434685.5,696521.5,scientific,mock_arxiv,https://arxiv.org/abs/mock.3.7,en,scientific_paper,journal_article,,,"[""Author 8"", ""Co-Author 8""]",[],"[""ancient""]",0.9,e652089efce2bcf4b232971a0338edb3,2025-11-04 00:25:20,2025-11-04 00:25:20
312,Research on chronology - Paper 18,This paper explores chronology from a historical perspective with modern analytical methods.,1953-12-20,1953,1,1,2434731.5,696567.5,scientific,mock_arxiv,https://arxiv.org/abs/mock.4.17,en,scientific_paper,journal_article,,,"[""Author 18"", ""Co-Author 18""]",[],"[""chronology""]",0.9,b8cbe2e44fb303881b3f2fc30133b238,2025-11-04 00:25:20,2025-11-04 00:25:20
115,12 stycznia,": Czesław Czechyra , polski pediatra, samorządowiec, polityk, poseł na Sejm RP Jacek Drela , polski trener kick-boxingu (zm. 2008 ) Andreas Franz , niemiecki pisarz (zm. 2011 ) Jerzy Kowalczyk , polski żużlowiec (zm. 2024 ) Jesús María Satrústegui , hiszpański piłkarz Howard Stern , amerykański satyryk, dziennikarz pochodzenia żydowskiego",1954.0-01-12,1954,1,12,2434755.5,696591.5,wikipedia,wikipedia_pl,https://pl.wikipedia.org/wiki/12_stycznia#Urodzili_się,pl,urodzenia,,,,[],[],[],0.8,3b6484b16602b9231e92e204eab9addc,2025-11-04 00:25:20,2025-11-04 00:25:20
445,Research on history - Paper 11,This paper explores history from a historical perspective with modern analytical methods.,1954-06-03,1954,1,1,2434896.5,696732.5,scientific,mock_arxiv,https://arxiv.org/abs/mock.0.10,en,scientific_paper,journal_article,,,"[""Author 11"", ""Co-Author 11""]",[],"[""history""]",0.9,e21b3087387774ea432e0bcf93cb270c,2025-11-04 00:42:42,2025-11-04 00:42:42
339,Research on history - Paper 5,This paper explores history from a historical perspective with modern analytical methods.,1954-06-04,1954,1,1,2434897.5,696733.5,scientific,mock_arxiv,https://arxiv.org/abs/mock.0.4,en,scientific_paper,journal_article,,,"[""Author 5"", ""Co-Author 5""]",[],"[""history""]",0.9,d710d1565f23ede5b9576f793b863dad,2025-11-04 00:30:56,2025-11-04 00:30:56
217,Research on history - Paper 3,This paper explores history from a historical perspective with modern analytical methods.,1954-06-12,1954,1,1,2434905.5,696741.5,scientific,mock_arxiv,https://arxiv.org/abs/mock.0.2,en,scientific_paper,journal_article,,,"[""Author 3"", ""Co-Author 3""]",[],"[""history""]",0.9,1c11adfc95a126ccabae0b2e47c9e576,2025-11-04 00:25:20,2025-11-04 00:25:20
239,Research on archaeology - Paper 5,This paper explores archaeology from a historical perspective with modern analytical methods.,1954-09-21,1954,1,1,2435006.5,696842.5,scientific,mock_arxiv,https://arxiv.org/abs/mock.1.4,en,scientific_paper,journal_article,,,"[""Author 5"", ""Co-Author 5""]",[],"[""archaeology""]",0.9,a20b66922e9c798a96ff62fe38adbe28,2025-11-04 00:25:20,2025-11-04 00:25:20
510,Research on ancient - Paper 16,This paper explores ancient from a historical perspective with modern analytical methods.,1954-10-14,1954,1,1,2435029.5,696865.5,scientific,mock_arxiv,https://arxiv.org/abs/mock.3.15,en,scientific_paper,journal_article,,,"[""Author 16"", ""Co-Author 16""]",[],"[""ancient""]",0.9,7aa5fdf44d203133d013471d0d7a37c1,2025-11-04 00:42:42,2025-11-04 00:42:42
279,Research on ancient - Paper 5,This paper explores ancient from a historical perspective with modern analytical methods.,1954-12-02,1954,1,1,2435078.5,696914.5,scientific,mock_arxiv,https://arxiv.org/abs/mock.3.4,en,scientific_paper,journal_article,,,"[""Author 5"", ""Co-Author 5""]",[],"[""ancient""]",0.9,36ccdc737d1c3b1caac529cf865a572a,2025-11-04 00:25:20,2025-11-04 00:25:20
228,Research on history - Paper 14,This paper explores history from a historical perspective with modern analytical methods.,1954-12-16,1954,1,1,2435092.5,696928.5,scientific,mock_arxiv,https://arxiv.org/abs/mock.0.13,en,scientific_paper,journal_article,,,"[""Author 14"", ""Co-Author 14""]",[],"[""history""]",0.9,02b5923c31dd3cabebf88547789dcdd8,2025-11-04 00:25:20,2025-11-04 00:25:20
515,Research on chronology - Paper 1,This paper explores chronology from a historical perspective with modern analytical methods.,1955-03-05,1955,1,1,2435171.5,697007.5,scientific,mock_arxiv,https://arxiv.org/abs/mock.4.0,en,scientific_paper,journal_article,,,"[""Author 1"", ""Co-Author 1""]",[],"[""chronology""]",0.9,4d4673be30baa9b011259d47972692c7,2025-11-04 00:42:42,2025-11-04 00:42:42
256,Research on medieval - Paper 2,This paper explores medieval from a historical perspective with modern analytical methods.,1955-07-11,1955,1,1,2435299.5,697135.5,scientific,mock_arxiv,https://arxiv.org/abs/mock.2.1,en,scientific_paper,journal_article,,,"[""Author 2"", ""Co-Author 2""]",[],"[""medieval""]",0.9,71b4f90d8ec120e6f8a0c02f6ce36542,2025-11-04 00:25:20,2025-11-04 00:25:20
86,31 grudnia,"Tymoteusz , prawosławny patriarcha Jerozolimy (ur. 1878 )",1955.0-12-31,1955,12,31,2435473.5,697309.5,wikipedia,wikipedia_pl,https://pl.wikipedia.org/wiki/31_grudnia#Zmarli,pl,zgony,,,,[],[],[],0.8,c943bbb8e903d0afaee0c2d89cc882f8,2025-11-04 00:25:20,2025-11-04 00:25:20
274,Research on medieval - Paper 20,This paper explores medieval from a historical perspective with modern analytical methods.,1956-04-06,1956,1,1,2435569.5,697405.5,scientific,mock_arxiv,https://arxiv.org/abs/mock.2.19,en,scientific_paper,journal_article,,,"[""Author 20"", ""Co-Author 20""]",[],"[""medieval""]",0.9,c9ac1d536cdd28076a5db54c96e318a1,2025-11-04 00:25:20,2025-11-04 00:25:20
453,Research on history - Paper 19,This paper explores history from a historical perspective with modern analytical methods.,1956-08-11,1956,1,1,2435696.5,697532.5,scientific,mock_arxiv,https://arxiv.org/abs/mock.0.18,en,scientific_paper,journal_article,,,"[""Author 19"", ""Co-Author 19""]",[],"[""history""]",0.9,5bc25d3046f65140f63d3035e51219fd,2025-11-04 00:42:42,2025-11-04 00:42:42
210,14 sierpnia,": Bertolt Brecht , niemiecki prozaik, dramaturg (ur. 1898 ) Konstantin von Neurath , niemiecki polityk, dyplomata, minister spraw zagranicznych III Rzeszy , protektor Czech i Moraw (ur. 1873 )",1956.0-08-14,1956,8,14,2435700.5,697536.5,wikipedia,wikipedia_pl,https://pl.wikipedia.org/wiki/14_sierpnia#Zmarli,pl,zgony,,,,[],[],[],0.8,5aba59e7c38d7fa9ba83ef2ef1ffa459,2025-11-04 00:25:20,2025-11-04 00:25:20
198,26 października,": Mike Godwin , amerykański adwokat, pisarz Agnieszka Kotulanka , polska aktorka (zm. 2018 ) Rita Wilson , amerykańska aktorka, producentka filmowa",1956.0-10-26,1956,10,26,2435773.5,697609.5,wikipedia,wikipedia_pl,https://pl.wikipedia.org/wiki/26_października#Urodzili_się,pl,urodzenia,,,,[],[],[],0.8,ce2ff8017c9ccd82ca2c7f537956bca9,2025-11-04 00:25:20,2025-11-04 00:25:20
399,Research on ancient - Paper 5,This paper explores ancient from a historical perspective with modern analytical methods.,1957-02-05,1957,1,1,2435874.5,697710.5,scientific,mock_arxiv,https://arxiv.org/abs/mock.3.4,en,scientific_paper,journal_article,,,"[""Author 5"", ""Co-Author 5""]",[],"[""ancient""]",0.9,051726e71026f0ec3bb040b8b8b43e2d,2025-11-04 00:30:56,2025-11-04 00:30:56
405,Research on ancient - Paper 11,This paper explores ancient from a historical perspective with modern analytical methods.,1957-03-24,1957,1,1,2435921.5,697757.5,scientific,mock_arxiv,https://arxiv.org/abs/mock.3.10,en,scientific_paper,journal_article,,,"[""Author 11"", ""Co-Author 11""]",[],"[""ancient""]",0.9,834510b1506c93285f2adbaf30b58ad4,2025-11-04 00:30:56,2025-11-04 00:30:56
508,Research on ancient - Paper 14,This paper explores ancient from a historical perspective with modern analytical methods.,1958-05-05,1958,1,1,2436328.5,698164.5,scientific,mock_arxiv,https://arxiv.org/abs/mock.3.13,en,scientific_paper,journal_article,,,"[""Author 14"", ""Co-Author 14""]",[],"[""ancient""]",0.9,add8cfe89568f531d090f3082c583d10,2025-11-04 00:42:42,2025-11-04 00:42:42
466,Research on archaeology - Paper 12,This paper explores archaeology from a historical perspective with modern analytical methods.,1958-06-17,1958,1,1,2436371.5,698207.5,scientific,mock_arxiv,https://arxiv.org/abs/mock.1.11,en,scientific_paper,journal_article,,,"[""Author 12"", ""Co-Author 12""]",[],"[""archaeology""]",0.9,6f3ed770882ed68338a28cb5f8c4beaa,2025-11-04 00:42:42,2025-11-04 00:42:42
241,Research on archaeology - Paper 7,This paper explores archaeology from a historical perspective with modern analytical methods.,1958-10-07,1958,1,1,2436483.5,698319.5,scientific,mock_arxiv,https://arxiv.org/abs/mock.1.6,en,scientific_paper,journal_article,,,"[""Author 7"", ""Co-Author 7""]",[],"[""archaeology""]",0.9,c9c143ec932692921c54b183816bec2e,2025-11-04 00:25:20,2025-11-04 00:25:20
343,Research on history - Paper 9,This paper explores history from a historical perspective with modern analytical methods.,1958-10-19,1958,1,1,2436495.5,698331.5,scientific,mock_arxiv,https://arxiv.org/abs/mock.0.8,en,scientific_paper,journal_article,,,"[""Author 9"", ""Co-Author 9""]",[],"[""history""]",0.9,6030b18ec7ecf9f598ab358dae54fdc5,2025-11-04 00:30:56,2025-11-04 00:30:56
415,Research on chronology - Paper 1,This paper explores chronology from a historical perspective with modern analytical methods.,1958-12-08,1958,1,1,2436545.5,698381.5,scientific,mock_arxiv,https://arxiv.org/abs/mock.4.0,en,scientific_paper,journal_article,,,"[""Author 1"", ""Co-Author 1""]",[],"[""chronology""]",0.9,7a9f7508cf0b2c19a3d319de1ef8c258,2025-11-04 00:30:56,2025-11-04 00:30:56
499,Research on ancient - Paper 5,This paper explores ancient from a historical perspective with modern analytical methods.,1959-01-02,1959,1,1,2436570.5,698406.5,scientific,mock_arxiv,https://arxiv.org/abs/mock.3.4,en,scientific_paper,journal_article,,,"[""Author 5"", ""Co-Author 5""]",[],"[""ancient""]",0.9,097c5b99303164779cbeeccc6e3e9ac0,2025-11-04 00:42:42,2025-11-04 00:42:42
286,Research on ancient - Paper 12,This paper explores ancient from a historical perspective with modern analytical methods.,1959-01-04,1959,1,1,2436572.5,698408.5,scientific,mock_arxiv,https://arxiv.org/abs/mock.3.11,en,scientific_paper,journal_article,,,"[""Author 12"", ""Co-Author 12""]",[],"[""ancient""]",0.9,bd320381a34a58b87d4f1033a8cde4fc,2025-11-04 00:25:20,2025-11-04 00:25:20
414,Research on ancient - Paper 20,This paper explores ancient from a historical perspective with modern analytical methods.,1959-01-08,1959,1,1,2436576.5,698412.5,scientific,mock_arxiv,https://arxiv.org/abs/mock.3.19,en,scientific_paper,journal_article,,,"[""Author 20"", ""Co-Author 20""]",[],"[""ancient""]",0.9,683b796a39ff694a4ad8593b8030ce97,2025-11-04 00:30:56,2025-11-04 00:30:56
477,Research on medieval - Paper 3,This paper explores medieval from a historical perspective with modern analytical methods.,1959-01-14,1959,1,1,2436582.5,698418.5,scientific,mock_arxiv,https://arxiv.org/abs/mock.2.2,en,scientific_paper,journal_article,,,"[""Author 3"", ""Co-Author 3""]",[],"[""medieval""]",0.9,b74d54a4e4dc2fca505c20eeba880ac1,2025-11-04 00:42:42,2025-11-04 00:42:42
513,Research on ancient - Paper 19,This paper explores ancient from a historical perspective with modern analytical methods.,1959-06-06,1959,1,1,2436725.5,698561.5,scientific,mock_arxiv,https://arxiv.org/abs/mock.3.18,en,scientific_paper,journal_article,,,"[""Author 19"", ""Co-Author 19""]",[],"[""ancient""]",0.9,780f149f68b71a4189d025f00fbab153,2025-11-04 00:42:42,2025-11-04 00:42:42
238,Research on archaeology - Paper 4,This paper explores archaeology from a historical perspective with modern analytical methods.,1959-08-06,1959,1,1,2436786.5,698622.5,scientific,mock_arxiv,https://arxiv.org/abs/mock.1.3,en,scientific_paper,journal_article,,,"[""Author 4"", ""Co-Author 4""]",[],"[""archaeology""]",0.9,003c0aa3d7217aa890e04cf0ca16d375,2025-11-04 00:25:20,2025-11-04 00:25:20
237,Research on archaeology - Paper 3,This paper explores archaeology from a historical perspective with modern analytical methods.,1959-08-11,1959,1,1,2436791.5,698627.5,scientific,mock_arxiv,https://arxiv.org/abs/mock.1.2,en,scientific_paper,journal_article,,,"[""Author 3"", ""Co-Author 3""]",[],"[""archaeology""]",0.9,aa0fa994e09db29901fea0cdeb22da82,2025-11-04 00:25:20,2025-11-04 00:25:20
46,17 sierpnia,": Jonathan Franzen , amerykański pisarz, eseista Jacek Kazimierski , polski piłkarz, bramkarz, trener David Koresh , amerykański przywódca apokaliptycznej sekty „ Gałąź Dawidowa ” (zm. 1993 ) Kate McNeil , amerykańska aktorka Eric Schlosser , amerykański dziennikarz pochodzenia żydowskiego Ryszard Tomczyk , polski polityk, poseł na Sejm RP",1959.0-08-17,1959,8,17,2436798.5,698634.5,wikipedia,wikipedia_pl,https://pl.wikipedia.org/wiki/17_sierpnia#Urodzili_się,pl,urodzenia,,,,[],[],[],0.8,5208666293b3c333d25d3a9a703f4fed,2025-11-04 00:25:20,2025-11-04 00:25:20
133,10 października,": Marcelo Ebrard , meksykański polityk Éric Halphen , francuski prawnik, sędzia śledczy, pisarz Barbara Hund , niemiecko-szwajcarska szachistka Gary Kemp , brytyjski aktor, muzyk, wokalista, autor tekstów, członek zespołu Spandau Ballet Michael Klein , rumuński piłkarz pochodzenia niemieckiego (zm. 1993 ) Dominik Księski , polski nauczyciel, działacz społeczny, wydawca Maya Lin , amerykańska architekt, artystka pochodzenia chińskiego Randy Mamola , amerykański motocyklista wyścigowy Wachid Masudow , kazachski piłkarz, trener pochodzenia czeczeńskiego Derek Sikua , salomoński polityk, premier Wysp Salomona Bradley Whitford , amerykański aktor",1959.0-10-10,1959,10,10,2436852.5,698688.5,wikipedia,wikipedia_pl,https://pl.wikipedia.org/wiki/10_października#Urodzili_się,pl,urodzenia,,,,[],[],[],0.8,d406cb7b3c825fac6393ca6c8baee8cf,2025-11-04 00:25:20,2025-11-04 00:25:20
338,Research on history - Paper 4,This paper explores history from a historical perspective with modern analytical methods.,1960-01-09,1960,1,1,2436942.5,698778.5,scientific,mock_arxiv,https://arxiv.org/abs/mock.0.3,en,scientific_paper,journal_article,,,"[""Author 4"", ""Co-Author 4""]",[],"[""history""]",0.9,aa12df76cb0d4c48ac624ab808aa7a57,2025-11-04 00:30:56,2025-11-04 00:30:56
145,14 czerwca,"Ana Pauker , rumuńska polityk komunistyczna pochodzenia żydowskiego (ur. 1893 )",1960.0-06-14,1960,6,14,2437100.5,698936.5,wikipedia,wikipedia_pl,https://pl.wikipedia.org/wiki/14_czerwca#Zmarli,pl,zgony,,,,[],[],[],0.8,e54d7f288e2eb374c8567d0cd4738968,2025-11-04 00:25:20,2025-11-04 00:25:20
475,Research on medieval - Paper 1,This paper explores medieval from a historical perspective with modern analytical methods.,1960-06-22,1960,1,1,2437107.5,698943.5,scientific,mock_arxiv,https://arxiv.org/abs/mock.2.0,en,scientific_paper,journal_article,,,"[""Author 1"", ""Co-Author 1""]",[],"[""medieval""]",0.9,9752c835d0089a653a7dd4b28c4715fa,2025-11-04 00:42:42,2025-11-04 00:42:42
226,Research on history - Paper 12,This paper explores history from a historical perspective with modern analytical methods.,1960-09-23,1960,1,1,2437200.5,699036.5,scientific,mock_arxiv,https://arxiv.org/abs/mock.0.11,en,scientific_paper,journal_article,,,"[""Author 12"", ""Co-Author 12""]",[],"[""history""]",0.9,f11cb872c283e1f7780b2aabd8b4dc38,2025-11-04 00:25:20,2025-11-04 00:25:20
36,9 października,": Ottavio Dantone , włoski dyrygent, klawesynista Kenny Garrett , amerykański saksofonista jazzowy José Mazuelos Pérez , hiszpański duchowny katolicki, biskup Wysp Kanaryjskich Piero Poli , włoski wioślarz",1960.0-10-09,1960,10,9,2437217.5,699053.5,wikipedia,wikipedia_pl,https://pl.wikipedia.org/wiki/9_października#Urodzili_się,pl,urodzenia,,,,[],[],[],0.8,f245d9aac70306e070bd818c3d694091,2025-11-04 00:25:20,2025-11-04 00:25:20
261,Research on medieval - Paper 7,This paper explores medieval from a historical perspective with modern analytical methods.,1961-02-20,1961,1,1,2437350.5,699186.5,scientific,mock_arxiv,https://arxiv.org/abs/mock.2.6,en,scientific_paper,journal_article,,,"[""Author 7"", ""Co-Author 7""]",[],"[""medieval""]",0.9,b274553a0fe041305133ddf064fe8615,2025-11-04 00:25:20,2025-11-04 00:25:20
534,Research on chronology - Paper 20,This paper explores chronology from a historical perspective with modern analytical methods.,1961-03-06,1961,1,1,2437364.5,699200.5,scientific,mock_arxiv,https://arxiv.org/abs/mock.4.19,en,scientific_paper,journal_article,,,"[""Author 20"", ""Co-Author 20""]",[],"[""chronology""]",0.9,0c4a0d14c6e1d6d62d5b9c9cfaa7e2cf,2025-11-04 00:42:42,2025-11-04 00:42:42
464,Research on archaeology - Paper 10,This paper explores archaeology from a historical perspective with modern analytical methods.,1961-06-26,1961,1,1,2437476.5,699312.5,scientific,mock_arxiv,https://arxiv.org/abs/mock.1.9,en,scientific_paper,journal_article,,,"[""Author 10"", ""Co-Author 10""]",[],"[""archaeology""]",0.9,374f2a805b44e2c70440af01077ba21a,2025-11-04 00:42:42,2025-11-04 00:42:42
155,26 czerwca,": Piotr Adamowicz , polski dziennikarz, publicysta, polityk, poseł na Sejm RP Mieczysław Baszko , polski polityk, samorządowiec, poseł na Sejm RP, marszałek województwa podlaskiego Frank Beck , niemiecki florecista Greg LeMond , amerykański kolarz szosowy Terri Nunn , amerykańska aktorka, wokalistka, członkini zespołu Berlin Maria Pomianowska , polska wokalistka, kompozytorka, muzyk, pedagog",1961.0-06-26,1961,6,26,2437477.5,699313.5,wikipedia,wikipedia_pl,https://pl.wikipedia.org/wiki/26_czerwca#Urodzili_się,pl,urodzenia,,,,[],[],[],0.8,99d1a0971272738de4346b09f0b9f1c3,2025-11-04 00:25:20,2025-11-04 00:25:20
81,25 sierpnia,": Oleg Bożjew , rosyjski łyżwiarz szybki Francisco Conesa Ferrer , hiszpański duchowny katolicki, biskup Minorki Billy Ray Cyrus , amerykański piosenkarz country, aktor Urs Fehlmann , szwajcarski bobsleista Carlos Muñoz Cobo , hiszpański piłkarz, trener Mirosław Olędzki , polski pisarz, teoretyk literatury Tuija Vuoksiala , fińska biathlonistka Ally Walker , amerykańska aktorka Joanne Whalley , brytyjska aktorka",1961.0-08-25,1961,8,25,2437537.5,699373.5,wikipedia,wikipedia_pl,https://pl.wikipedia.org/wiki/25_sierpnia#Urodzili_się,pl,urodzenia,,,,[],[],[],0.8,64c85227a73834958784fa6515f7c66b,2025-11-04 00:25:20,2025-11-04 00:25:20
473,Research on archaeology - Paper 19,This paper explores archaeology from a historical perspective with modern analytical methods.,1962-01-21,1962,1,1,2437685.5,699521.5,scientific,mock_arxiv,https://arxiv.org/abs/mock.1.18,en,scientific_paper,journal_article,,,"[""Author 19"", ""Co-Author 19""]",[],"[""archaeology""]",0.9,eaf7d5dd107d308a4869467c6eede299,2025-11-04 00:42:42,2025-11-04 00:42:42
277,Research on ancient - Paper 3,This paper explores ancient from a historical perspective with modern analytical methods.,1962-05-11,1962,1,1,2437795.5,699631.5,scientific,mock_arxiv,https://arxiv.org/abs/mock.3.2,en,scientific_paper,journal_article,,,"[""Author 3"", ""Co-Author 3""]",[],"[""ancient""]",0.9,0d51987d8ae884c0e5771c6a8f2a5a4f,2025-11-04 00:25:20,2025-11-04 00:25:20
351,Research on history - Paper 17,This paper explores history from a historical perspective with modern analytical methods.,1962-07-28,1962,1,1,2437873.5,699709.5,scientific,mock_arxiv,https://arxiv.org/abs/mock.0.16,en,scientific_paper,journal_article,,,"[""Author 17"", ""Co-Author 17""]",[],"[""history""]",0.9,451261900af555e8b1e7543b52a65b4d,2025-11-04 00:30:56,2025-11-04 00:30:56
68,9 sierpnia,": Hermann Hesse , niemiecki prozaik, poeta, eseista, laureat Nagrody Nobla (ur. 1877 ) Hendrik de Iongh , holenderski wojskowy, szpadzista (ur. 1877 ) Poul Nielsen , duński piłkarz (ur. 1891 ) Bjørn Rasmussen , duński piłkarz (ur. 1885 ) Lowell Stockman , amerykański polityk (ur. 1901 )",1962.0-08-09,1962,8,9,2437886.5,699722.5,wikipedia,wikipedia_pl,https://pl.wikipedia.org/wiki/9_sierpnia#Zmarli,pl,zgony,,,,[],[],[],0.8,d2f14906f50f06402405043d7ef02176,2025-11-04 00:25:20,2025-11-04 00:25:20
20,21 sierpnia,"Antoni Langer , polski polityk, poseł na Sejm RP (ur. 1888 )",1962.0-08-21,1962,8,21,2437898.5,699734.5,wikipedia,wikipedia_pl,https://pl.wikipedia.org/wiki/21_sierpnia#Zmarli,pl,zgony,,,,[],[],[],0.8,80a47e5aa89783750dbc279fc5401f3c,2025-11-04 00:25:20,2025-11-04 00:25:20
474,Research on archaeology - Paper 20,This paper explores archaeology from a historical perspective with modern analytical methods.,1962-10-01,1962,1,1,2437938.5,699774.5,scientific,mock_arxiv,https://arxiv.org/abs/mock.1.19,en,scientific_paper,journal_article,,,"[""Author 20"", ""Co-Author 20""]",[],"[""archaeology""]",0.9,fe399bae787759eccc83e07a9071b6a2,2025-11-04 00:42:42,2025-11-04 00:42:42
176,10 grudnia,": Cássia Eller , brazylijska piosenkarka (zm. 2001 ) Micho Mosuliszwili , gruziński prozaik, dramaturg, tłumacz, scenarzysta John de Wolf , holenderski piłkarz",1962.0-12-10,1962,12,10,2438009.5,699845.5,wikipedia,wikipedia_pl,https://pl.wikipedia.org/wiki/10_grudnia#Urodzili_się,pl,urodzenia,,,,[],[],[],0.8,6a3c214aef0ac627e1c76e4221869605,2025-11-04 00:25:20,2025-11-04 00:25:20
303,Research on chronology - Paper 9,This paper explores chronology from a historical perspective with modern analytical methods.,1963-03-26,1963,1,1,2438114.5,699950.5,scientific,mock_arxiv,https://arxiv.org/abs/mock.4.8,en,scientific_paper,journal_article,,,"[""Author 9"", ""Co-Author 9""]",[],"[""chronology""]",0.9,7da71b1dbcc34dd50640079af6904776,2025-11-04 00:25:20,2025-11-04 00:25:20
440,Research on history - Paper 6,This paper explores history from a historical perspective with modern analytical methods.,1963-04-13,1963,1,1,2438132.5,699968.5,scientific,mock_arxiv,https://arxiv.org/abs/mock.0.5,en,scientific_paper,journal_article,,,"[""Author 6"", ""Co-Author 6""]",[],"[""history""]",0.9,59b241b034f2cdf816b085628ce2bbc1,2025-11-04 00:42:42,2025-11-04 00:42:42
391,Research on medieval - Paper 17,This paper explores medieval from a historical perspective with modern analytical methods.,1963-04-24,1963,1,1,2438143.5,699979.5,scientific,mock_arxiv,https://arxiv.org/abs/mock.2.16,en,scientific_paper,journal_article,,,"[""Author 17"", ""Co-Author 17""]",[],"[""medieval""]",0.9,e30364a08d0ba992bbed8a676bfa5041,2025-11-04 00:30:56,2025-11-04 00:30:56
441,Research on history - Paper 7,This paper explores history from a historical perspective with modern analytical methods.,1963-10-14,1963,1,1,2438316.5,700152.5,scientific,mock_arxiv,https://arxiv.org/abs/mock.0.6,en,scientific_paper,journal_article,,,"[""Author 7"", ""Co-Author 7""]",[],"[""history""]",0.9,6a06e5d16610ee37761663cc0a6988e5,2025-11-04 00:42:42,2025-11-04 00:42:42
372,Research on archaeology - Paper 18,This paper explores archaeology from a historical perspective with modern analytical methods.,1964-01-10,1964,1,1,2438404.5,700240.5,scientific,mock_arxiv,https://arxiv.org/abs/mock.1.17,en,scientific_paper,journal_article,,,"[""Author 18"", ""Co-Author 18""]",[],"[""archaeology""]",0.9,83487113fe18114245845673153ea0ac,2025-11-04 00:30:56,2025-11-04 00:30:56
355,Research on archaeology - Paper 1,This paper explores archaeology from a historical perspective with modern analytical methods.,1964-04-23,1964,1,1,2438508.5,700344.5,scientific,mock_arxiv,https://arxiv.org/abs/mock.1.0,en,scientific_paper,journal_article,,,"[""Author 1"", ""Co-Author 1""]",[],"[""archaeology""]",0.9,42d781693dcd769025dfe28ff8960b3a,2025-11-04 00:30:56,2025-11-04 00:30:56
337,Research on history - Paper 3,This paper explores history from a historical perspective with modern analytical methods.,1964-06-21,1964,1,1,2438567.5,700403.5,scientific,mock_arxiv,https://arxiv.org/abs/mock.0.2,en,scientific_paper,journal_article,,,"[""Author 3"", ""Co-Author 3""]",[],"[""history""]",0.9,76b4dae572de17d20fab437b9fbcdf74,2025-11-04 00:30:56,2025-11-04 00:30:56
4,20 listopada,": Lorena D’Alessandro , włoska Służebnica Boża (zm. 1981 ) Andrij Kałasznikow , ukraiński zapaśnik Jolanta Pieńkowska , polska dziennikarka i prezenterka telewizyjna",1964.0-11-20,1964,11,20,2438720.5,700556.5,wikipedia,wikipedia_pl,https://pl.wikipedia.org/wiki/20_listopada#Urodzili_się,pl,urodzenia,,,,[],[],[],0.8,43a0c7977e5cb42d342139f1741b7273,2025-11-04 00:25:20,2025-11-04 00:25:20
434,Research on chronology - Paper 20,This paper explores chronology from a historical perspective with modern analytical methods.,1964-12-15,1964,1,1,2438744.5,700580.5,scientific,mock_arxiv,https://arxiv.org/abs/mock.4.19,en,scientific_paper,journal_article,,,"[""Author 20"", ""Co-Author 20""]",[],"[""chronology""]",0.9,6afe474c9f0da69fdd0614ea60457666,2025-11-04 00:30:56,2025-11-04 00:30:56
300,Research on chronology - Paper 6,This paper explores chronology from a historical perspective with modern analytical methods.,1965-06-03,1965,1,1,2438914.5,700750.5,scientific,mock_arxiv,https://arxiv.org/abs/mock.4.5,en,scientific_paper,journal_article,,,"[""Author 6"", ""Co-Author 6""]",[],"[""chronology""]",0.9,e1a3a2744f51b82df01232956cdfa746,2025-11-04 00:25:20,2025-11-04 00:25:20
437,Research on history - Paper 3,This paper explores history from a historical perspective with modern analytical methods.,1965-06-14,1965,1,1,2438925.5,700761.5,scientific,mock_arxiv,https://arxiv.org/abs/mock.0.2,en,scientific_paper,journal_article,,,"[""Author 3"", ""Co-Author 3""]",[],"[""history""]",0.9,abc039a636f5459ef9d8237da0285c86,2025-11-04 00:42:42,2025-11-04 00:42:42
525,Research on chronology - Paper 11,This paper explores chronology from a historical perspective with modern analytical methods.,1965-07-08,1965,1,1,2438949.5,700785.5,scientific,mock_arxiv,https://arxiv.org/abs/mock.4.10,en,scientific_paper,journal_article,,,"[""Author 11"", ""Co-Author 11""]",[],"[""chronology""]",0.9,ba5cc283a21735dc3dde9c730aef4070,2025-11-04 00:42:42,2025-11-04 00:42:42
64,11 czerwca,": Ethel Clayton , amerykański aktor (ur. 1882 ) Bernard Schmetz , francuski szpadzista (ur. 1904 )",1966.0-06-11,1966,6,11,2439288.5,701124.5,wikipedia,wikipedia_pl,https://pl.wikipedia.org/wiki/11_czerwca#Zmarli,pl,zgony,,,,[],[],[],0.8,442df783aa3bc4fdc55d614740e314ea,2025-11-04 00:25:20,2025-11-04 00:25:20
410,Research on ancient - Paper 16,This paper explores ancient from a historical perspective with modern analytical methods.,1966-09-12,1966,1,1,2439380.5,701216.5,scientific,mock_arxiv,https://arxiv.org/abs/mock.3.15,en,scientific_paper,journal_article,,,"[""Author 16"", ""Co-Author 16""]",[],"[""ancient""]",0.9,d0750421a96b94d6850abeffcac415ee,2025-11-04 00:30:56,2025-11-04 00:30:56
373,Research on archaeology - Paper 19,This paper explores archaeology from a historical perspective with modern analytical methods.,1966-09-15,1966,1,1,2439383.5,701219.5,scientific,mock_arxiv,https://arxiv.org/abs/mock.1.18,en,scientific_paper,journal_article,,,"[""Author 19"", ""Co-Author 19""]",[],"[""archaeology""]",0.9,04403fc0c5001cd2808fd9b1261e8b5f,2025-11-04 00:30:56,2025-11-04 00:30:56
153,24 września,": Wiktor Bater , polski dziennikarz, korespondent wojenny (zm. 2020 ) Christophe Bouchut , francuski kierowca wyścigowy Alfred Hörtnagl , austriacki piłkarz Erika Mészáros , węgierska kajakarka Piotr Mularuk , polski reżyser, scenarzysta i producent filmowy i telewizyjny",1966.0-09-24,1966,9,24,2439393.5,701229.5,wikipedia,wikipedia_pl,https://pl.wikipedia.org/wiki/24_września#Urodzili_się,pl,urodzenia,,,,[],[],[],0.8,a7dd469705e053c1553c019e4e1d5edf,2025-11-04 00:25:20,2025-11-04 00:25:20
482,Research on medieval - Paper 8,This paper explores medieval from a historical perspective with modern analytical methods.,1966-12-07,1966,1,1,2439466.5,701302.5,scientific,mock_arxiv,https://arxiv.org/abs/mock.2.7,en,scientific_paper,journal_article,,,"[""Author 8"", ""Co-Author 8""]",[],"[""medieval""]",0.9,f3b3f1eeaf9f6ecde30c3acf45aed47a,2025-11-04 00:42:42,2025-11-04 00:42:42
404,Research on ancient - Paper 10,This paper explores ancient from a historical perspective with modern analytical methods.,1966-12-08,1966,1,1,2439467.5,701303.5,scientific,mock_arxiv,https://arxiv.org/abs/mock.3.9,en,scientific_paper,journal_article,,,"[""Author 10"", ""Co-Author 10""]",[],"[""ancient""]",0.9,9d3a8cb9e1fc4b9345bc01b6225c1dcc,2025-11-04 00:30:56,2025-11-04 00:30:56
21,16 stycznia,": John David Hubaldus Lehman , holenderski duchowny katolicki, sercanin biały, misjonarz, prefekt i wikariusz apostolski Wysp Cooka (ur. 1887 ) Marie Majerová , czeska pisarka, dziennikarka, działaczka komunistyczna (ur. 1882 ) Iwan Mieszczaninow , rosyjski językoznawca, archeolog, wykładowca akademicki (ur. 1883 ) Robert J. Van de Graaff , amerykański fizyk, konstruktor, wykładowca akademicki (ur. 1901 )",1967.0-01-16,1967,1,16,2439507.5,701343.5,wikipedia,wikipedia_pl,https://pl.wikipedia.org/wiki/16_stycznia#Zmarli,pl,zgony,,,,[],[],[],0.8,a09d811308d1c246d0cf6bf05857759c,2025-11-04 00:25:20,2025-11-04 00:25:20
386,Research on medieval - Paper 12,This paper explores medieval from a historical perspective with modern analytical methods.,1967-01-17,1967,1,1,2439507.5,701343.5,scientific,mock_arxiv,https://arxiv.org/abs/mock.2.11,en,scientific_paper,journal_article,,,"[""Author 12"", ""Co-Author 12""]",[],"[""medieval""]",0.9,f7db956485424d984cf93ef3fe9b1f17,2025-11-04 00:30:56,2025-11-04 00:30:56
273,Research on medieval - Paper 19,This paper explores medieval from a historical perspective with modern analytical methods.,1967-02-07,1967,1,1,2439528.5,701364.5,scientific,mock_arxiv,https://arxiv.org/abs/mock.2.18,en,scientific_paper,journal_article,,,"[""Author 19"", ""Co-Author 19""]",[],"[""medieval""]",0.9,82ab10a3d8bfd4d409668f8b769c06d1,2025-11-04 00:25:20,2025-11-04 00:25:20
390,Research on medieval - Paper 16,This paper explores medieval from a historical perspective with modern analytical methods.,1967-02-28,1967,1,1,2439549.5,701385.5,scientific,mock_arxiv,https://arxiv.org/abs/mock.2.15,en,scientific_paper,journal_article,,,"[""Author 16"", ""Co-Author 16""]",[],"[""medieval""]",0.9,f31df9c07d9bbf7210a3012d5de6643b,2025-11-04 00:30:56,2025-11-04 00:30:56
370,Research on archaeology - Paper 16,This paper explores archaeology from a historical perspective with modern analytical methods.,1967-04-26,1967,1,1,2439606.5,701442.5,scientific,mock_arxiv,https://arxiv.org/abs/mock.1.15,en,scientific_paper,journal_article,,,"[""Author 16"", ""Co-Author 16""]",[],"[""archaeology""]",0.9,56851cf4c151698fee6dd418eb351da8,2025-11-04 00:30:56,2025-11-04 00:30:56
240,Research on archaeology - Paper 6,This paper explores archaeology from a historical perspective with modern analytical methods.,1967-05-18,1967,1,1,2439628.5,701464.5,scientific,mock_arxiv,https://arxiv.org/abs/mock.1.5,en,scientific_paper,journal_article,,,"[""Author 6"", ""Co-Author 6""]",[],"[""archaeology""]",0.9,f5950b20b53464fe83e7321ee072c545,2025-11-04 00:25:20,2025-11-04 00:25:20
190,27 czerwca,": Andre Arendse , południowoafrykański piłkarz, bramkarz Inha Babakowa , ukraińska lekkoatletka, skoczkini wzwyż pochodzenia litewskiego Sylvie Fréchette , kanadyjska pływaczka synchroniczna Ołeksandr Hereha , ukraiński przedsiębiorca, polityk, działacz sportowy Jan Hřebejk , czeski aktor, reżyser i scenarzysta filmowy Wasil Kapciuch , białoruski lekkoatleta, dyskobol David Ngoombujarra , australijski aktor pochodzenia aborygeńskiego (zm. 2011 ) Beata Rusinowska , polska działaczka samorządowa, polityk, poseł na Sejm RP",1967.0-06-27,1967,6,27,2439669.5,701505.5,wikipedia,wikipedia_pl,https://pl.wikipedia.org/wiki/27_czerwca#Urodzili_się,pl,urodzenia,,,,[],[],[],0.8,07fc64f6734c8de22e24eaae80c2ac6e,2025-11-04 00:25:20,2025-11-04 00:25:20
384,Research on medieval - Paper 10,This paper explores medieval from a historical perspective with modern analytical methods.,1967-10-18,1967,1,1,2439781.5,701617.5,scientific,mock_arxiv,https://arxiv.org/abs/mock.2.9,en,scientific_paper,journal_article,,,"[""Author 10"", ""Co-Author 10""]",[],"[""medieval""]",0.9,92ccceac95c86c166d59725ccc4d8970,2025-11-04 00:30:56,2025-11-04 00:30:56
188,24 grudnia,"Władysław Domagalski , polski działacz komunistyczny i socjalistyczny (ur. 1893 )",1967.0-12-24,1967,12,24,2439849.5,701685.5,wikipedia,wikipedia_pl,https://pl.wikipedia.org/wiki/24_grudnia#Zmarli,pl,zgony,,,,[],[],[],0.8,9a56184aa2353b007ba74c234acc2310,2025-11-04 00:25:20,2025-11-04 00:25:20
471,Research on archaeology - Paper 17,This paper explores archaeology from a historical perspective with modern analytical methods.,1968-02-04,1968,1,1,2439890.5,701726.5,scientific,mock_arxiv,https://arxiv.org/abs/mock.1.16,en,scientific_paper,journal_article,,,"[""Author 17"", ""Co-Author 17""]",[],"[""archaeology""]",0.9,0a735a015a16849c923ea05897b78ae0,2025-11-04 00:42:42,2025-11-04 00:42:42
374,Research on archaeology - Paper 20,This paper explores archaeology from a historical perspective with modern analytical methods.,1968-04-13,1968,1,1,2439959.5,701795.5,scientific,mock_arxiv,https://arxiv.org/abs/mock.1.19,en,scientific_paper,journal_article,,,"[""Author 20"", ""Co-Author 20""]",[],"[""archaeology""]",0.9,0de3bd9255b4f8b07343781f75a9a747,2025-11-04 00:30:56,2025-11-04 00:30:56
250,Research on archaeology - Paper 16,This paper explores archaeology from a historical perspective with modern analytical methods.,1968-09-02,1968,1,1,2440101.5,701937.5,scientific,mock_arxiv,https://arxiv.org/abs/mock.1.15,en,scientific_paper,journal_article,,,"[""Author 16"", ""Co-Author 16""]",[],"[""archaeology""]",0.9,0b3da691d70387fff6e72e204112f55b,2025-11-04 00:25:20,2025-11-04 00:25:20
425,Research on chronology - Paper 11,This paper explores chronology from a historical perspective with modern analytical methods.,1968-10-02,1968,1,1,2440131.5,701967.5,scientific,mock_arxiv,https://arxiv.org/abs/mock.4.10,en,scientific_paper,journal_article,,,"[""Author 11"", ""Co-Author 11""]",[],"[""chronology""]",0.9,85d08827ff7b4557e587e7e42f9abdbf,2025-11-04 00:30:56,2025-11-04 00:30:56
451,Research on history - Paper 17,This paper explores history from a historical perspective with modern analytical methods.,1968-10-04,1968,1,1,2440133.5,701969.5,scientific,mock_arxiv,https://arxiv.org/abs/mock.0.16,en,scientific_paper,journal_article,,,"[""Author 17"", ""Co-Author 17""]",[],"[""history""]",0.9,f781bfb71ca7655a99190491eb8d9a7d,2025-11-04 00:42:42,2025-11-04 00:42:42
305,Research on chronology - Paper 11,This paper explores chronology from a historical perspective with modern analytical methods.,1968-10-22,1968,1,1,2440151.5,701987.5,scientific,mock_arxiv,https://arxiv.org/abs/mock.4.10,en,scientific_paper,journal_article,,,"[""Author 11"", ""Co-Author 11""]",[],"[""chronology""]",0.9,1e688d45d160bc9ed3f1735b5ac67286,2025-11-04 00:25:20,2025-11-04 00:25:20
532,Research on chronology - Paper 18,This paper explores chronology from a historical perspective with modern analytical methods.,1968-11-11,1968,1,1,2440171.5,702007.5,scientific,mock_arxiv,https://arxiv.org/abs/mock.4.17,en,scientific_paper,journal_article,,,"[""Author 18"", ""Co-Author 18""]",[],"[""chronology""]",0.9,670c95927cabb799818b75d2c4b76eb2,2025-11-04 00:42:42,2025-11-04 00:42:42
123,11 listopada,": Jeanne Demessieux , francuska organistka, kompozytorka (ur. 1921 ) Jan Kubikowski , polski astronom, wykładowca akademicki (ur. 1927 ) Fausto Lucarelli , argentyński piłkarz (ur. ?) Tadeusz Rek , polski prawnik, publicysta, działacz ludowy, polityk, poseł na Sejm PRL (ur. 1906 )",1968.0-11-11,1968,11,11,2440172.5,702008.5,wikipedia,wikipedia_pl,https://pl.wikipedia.org/wiki/11_listopada#Zmarli,pl,zgony,,,,[],[],[],0.8,6d21ced3392675d0c188e7b73695bf9e,2025-11-04 00:25:20,2025-11-04 00:25:20
232,Research on history - Paper 18,This paper explores history from a historical perspective with modern analytical methods.,1968-12-02,1968,1,1,2440192.5,702028.5,scientific,mock_arxiv,https://arxiv.org/abs/mock.0.17,en,scientific_paper,journal_article,,,"[""Author 18"", ""Co-Author 18""]",[],"[""history""]",0.9,490a737deb64fbced575c1e009d1e088,2025-11-04 00:25:20,2025-11-04 00:25:20
467,Research on archaeology - Paper 13,This paper explores archaeology from a historical perspective with modern analytical methods.,1969-03-02,1969,1,1,2440282.5,702118.5,scientific,mock_arxiv,https://arxiv.org/abs/mock.1.12,en,scientific_paper,journal_article,,,"[""Author 13"", ""Co-Author 13""]",[],"[""archaeology""]",0.9,2a2bedf0cfd737f4dde56e9ed185607d,2025-11-04 00:42:42,2025-11-04 00:42:42
488,Research on medieval - Paper 14,This paper explores medieval from a historical perspective with modern analytical methods.,1969-06-19,1969,1,1,2440391.5,702227.5,scientific,mock_arxiv,https://arxiv.org/abs/mock.2.13,en,scientific_paper,journal_article,,,"[""Author 14"", ""Co-Author 14""]",[],"[""medieval""]",0.9,170fee2d4da642d65d435da351ddcf30,2025-11-04 00:42:42,2025-11-04 00:42:42
518,Research on chronology - Paper 4,This paper explores chronology from a historical perspective with modern analytical methods.,1970-02-07,1970,1,1,2440624.5,702460.5,scientific,mock_arxiv,https://arxiv.org/abs/mock.4.3,en,scientific_paper,journal_article,,,"[""Author 4"", ""Co-Author 4""]",[],"[""chronology""]",0.9,a7a5522fc5a1f8c7a6db022302db9c56,2025-11-04 00:42:42,2025-11-04 00:42:42
244,Research on archaeology - Paper 10,This paper explores archaeology from a historical perspective with modern analytical methods.,1970-02-13,1970,1,1,2440630.5,702466.5,scientific,mock_arxiv,https://arxiv.org/abs/mock.1.9,en,scientific_paper,journal_article,,,"[""Author 10"", ""Co-Author 10""]",[],"[""archaeology""]",0.9,ddaa768215545a70242a446964a060e5,2025-11-04 00:25:20,2025-11-04 00:25:20
275,Research on ancient - Paper 1,This paper explores ancient from a historical perspective with modern analytical methods.,1970-05-19,1970,1,1,2440725.5,702561.5,scientific,mock_arxiv,https://arxiv.org/abs/mock.3.0,en,scientific_paper,journal_article,,,"[""Author 1"", ""Co-Author 1""]",[],"[""ancient""]",0.9,c1c903231a76f68748ee20a1ba8f8196,2025-11-04 00:25:20,2025-11-04 00:25:20
264,Research on medieval - Paper 10,This paper explores medieval from a historical perspective with modern analytical methods.,1970-06-01,1970,1,1,2440738.5,702574.5,scientific,mock_arxiv,https://arxiv.org/abs/mock.2.9,en,scientific_paper,journal_article,,,"[""Author 10"", ""Co-Author 10""]",[],"[""medieval""]",0.9,359a19a60cbd38c7252e4c6e9742572c,2025-11-04 00:25:20,2025-11-04 00:25:20
470,Research on archaeology - Paper 16,This paper explores archaeology from a historical perspective with modern analytical methods.,1970-11-21,1970,1,1,2440911.5,702747.5,scientific,mock_arxiv,https://arxiv.org/abs/mock.1.15,en,scientific_paper,journal_article,,,"[""Author 16"", ""Co-Author 16""]",[],"[""archaeology""]",0.9,446f2a43bc35adebf7fb12b60c80b01d,2025-11-04 00:42:42,2025-11-04 00:42:42
348,Research on history - Paper 14,This paper explores history from a historical perspective with modern analytical methods.,1970-12-15,1970,1,1,2440935.5,702771.5,scientific,mock_arxiv,https://arxiv.org/abs/mock.0.13,en,scientific_paper,journal_article,,,"[""Author 14"", ""Co-Author 14""]",[],"[""history""]",0.9,4a3483a504e7e572ce61930125e06778,2025-11-04 00:30:56,2025-11-04 00:30:56
444,Research on history - Paper 10,This paper explores history from a historical perspective with modern analytical methods.,1970-12-24,1970,1,1,2440944.5,702780.5,scientific,mock_arxiv,https://arxiv.org/abs/mock.0.9,en,scientific_paper,journal_article,,,"[""Author 10"", ""Co-Author 10""]",[],"[""history""]",0.9,72ea03946176b37d8c9ba4bd27484255,2025-11-04 00:42:42,2025-11-04 00:42:42
341,Research on history - Paper 7,This paper explores history from a historical perspective with modern analytical methods.,1971-05-22,1971,1,1,2441093.5,702929.5,scientific,mock_arxiv,https://arxiv.org/abs/mock.0.6,en,scientific_paper,journal_article,,,"[""Author 7"", ""Co-Author 7""]",[],"[""history""]",0.9,720767cf0fec562f13bc1841c01341cd,2025-11-04 00:30:56,2025-11-04 00:30:56
428,Research on chronology - Paper 14,This paper explores chronology from a historical perspective with modern analytical methods.,1971-07-22,1971,1,1,2441154.5,702990.5,scientific,mock_arxiv,https://arxiv.org/abs/mock.4.13,en,scientific_paper,journal_article,,,"[""Author 14"", ""Co-Author 14""]",[],"[""chronology""]",0.9,71968145ca972a47bbdd9be159facd43,2025-11-04 00:30:56,2025-11-04 00:30:56
522,Research on chronology - Paper 8,This paper explores chronology from a historical perspective with modern analytical methods.,1971-09-16,1971,1,1,2441210.5,703046.5,scientific,mock_arxiv,https://arxiv.org/abs/mock.4.7,en,scientific_paper,journal_article,,,"[""Author 8"", ""Co-Author 8""]",[],"[""chronology""]",0.9,2bfdcd09bc5e5655e37a1828f9cf38ee,2025-11-04 00:42:42,2025-11-04 00:42:42
336,Research on history - Paper 2,This paper explores history from a historical perspective with modern analytical methods.,1971-11-17,1971,1,1,2441272.5,703108.5,scientific,mock_arxiv,https://arxiv.org/abs/mock.0.1,en,scientific_paper,journal_article,,,"[""Author 2"", ""Co-Author 2""]",[],"[""history""]",0.9,d663e2eabccf9eb24e4af9ef3c21bb7e,2025-11-04 00:30:56,2025-11-04 00:30:56
344,Research on history - Paper 10,This paper explores history from a historical perspective with modern analytical methods.,1972-03-14,1972,1,1,2441390.5,703226.5,scientific,mock_arxiv,https://arxiv.org/abs/mock.0.9,en,scientific_paper,journal_article,,,"[""Author 10"", ""Co-Author 10""]",[],"[""history""]",0.9,a41ede922618218a781bdc996b8e6333,2025-11-04 00:30:56,2025-11-04 00:30:56
398,Research on ancient - Paper 4,This paper explores ancient from a historical perspective with modern analytical methods.,1972-10-14,1972,1,1,2441604.5,703440.5,scientific,mock_arxiv,https://arxiv.org/abs/mock.3.3,en,scientific_paper,journal_article,,,"[""Author 4"", ""Co-Author 4""]",[],"[""ancient""]",0.9,e822a914c4c61163121a25a136906b44,2025-11-04 00:30:56,2025-11-04 00:30:56
439,Research on history - Paper 5,This paper explores history from a historical perspective with modern analytical methods.,1972-11-02,1972,1,1,2441623.5,703459.5,scientific,mock_arxiv,https://arxiv.org/abs/mock.0.4,en,scientific_paper,journal_article,,,"[""Author 5"", ""Co-Author 5""]",[],"[""history""]",0.9,2e6e880c93934da7bc071a337fc83635,2025-11-04 00:42:42,2025-11-04 00:42:42
107,25 listopada,": Henri Coandă , rumuński inżynier, konstruktor lotniczy (ur. 1886 ) Konstanty Matyjewicz-Maciejewicz , polski kapitan żeglugi wielkiej (ur. 1890 ) Hans Scharoun , niemiecki architekt (ur. 1893 )",1972.0-11-25,1972,11,25,2441647.5,703483.5,wikipedia,wikipedia_pl,https://pl.wikipedia.org/wiki/25_listopada#Zmarli,pl,zgony,,,,[],[],[],0.8,d6edea2d774a720b215b8d7fe086baf4,2025-11-04 00:25:20,2025-11-04 00:25:20
360,Research on archaeology - Paper 6,This paper explores archaeology from a historical perspective with modern analytical methods.,1972-12-21,1972,1,1,2441672.5,703508.5,scientific,mock_arxiv,https://arxiv.org/abs/mock.1.5,en,scientific_paper,journal_article,,,"[""Author 6"", ""Co-Author 6""]",[],"[""archaeology""]",0.9,19f00751d73c3b7440475161de0263b3,2025-11-04 00:30:56,2025-11-04 00:30:56
304,Research on chronology - Paper 10,This paper explores chronology from a historical perspective with modern analytical methods.,1972-12-26,1972,1,1,2441677.5,703513.5,scientific,mock_arxiv,https://arxiv.org/abs/mock.4.9,en,scientific_paper,journal_article,,,"[""Author 10"", ""Co-Author 10""]",[],"[""chronology""]",0.9,c4d23ce3bbadb5081a9f0c11544b2315,2025-11-04 00:25:20,2025-11-04 00:25:20
157,23 kwietnia,": Tomoji Abe , japoński prozaik, nowelista, krytyk, badacz i tłumacz literatury angielskiej (ur. 1903 ) Allegro Grandi , włoski kolarz szosowy (ur. 1907 )",1973.0-04-23,1973,4,23,2441796.5,703632.5,wikipedia,wikipedia_pl,https://pl.wikipedia.org/wiki/23_kwietnia#Zmarli,pl,zgony,,,,[],[],[],0.8,658eb2fa3ac94051659eabda3a2c5431,2025-11-04 00:25:20,2025-11-04 00:25:20
501,Research on ancient - Paper 7,This paper explores ancient from a historical perspective with modern analytical methods.,1974-06-25,1974,1,1,2442223.5,704059.5,scientific,mock_arxiv,https://arxiv.org/abs/mock.3.6,en,scientific_paper,journal_article,,,"[""Author 7"", ""Co-Author 7""]",[],"[""ancient""]",0.9,70650758f12668c609ac25e6d85d1143,2025-11-04 00:42:42,2025-11-04 00:42:42
71,13 listopada,Zakończono budowę Obserwatorium Wysokogórskiego na Śnieżce .,1974.0-11-13,1974,11,13,2442365.5,704201.5,wikipedia,wikipedia_pl,https://pl.wikipedia.org/wiki/13_listopada#Wydarzenia_w_Polsce,pl,wydarzenia,,,,[],[],[],0.8,6206270ef8311c2483cf758e2a084182,2025-11-04 00:25:20,2025-11-04 00:25:20
263,Research on medieval - Paper 9,This paper explores medieval from a historical perspective with modern analytical methods.,1974-12-04,1974,1,1,2442385.5,704221.5,scientific,mock_arxiv,https://arxiv.org/abs/mock.2.8,en,scientific_paper,journal_article,,,"[""Author 9"", ""Co-Author 9""]",[],"[""medieval""]",0.9,558260af979d44c7926885ebf100008c,2025-11-04 00:25:20,2025-11-04 00:25:20
162,22 grudnia,": Feliks Chodżojan , ormiański piłkarz Desisław Czukołow , bułgarski polityk, eurodeputowany (zm. 2022 ) Daniel García , hiszpański piłkarz Christian Hoffmann , austriacki biegacz narciarski Goran Karadžić , serbski koszykarz Dagmar Mair unter der Eggen , włoska snowboardzistka pochodzenia tyrolskiego Ewa Rybak , polska lekkoatletka, oszczepniczka",1974.0-12-22,1974,12,22,2442404.5,704240.5,wikipedia,wikipedia_pl,https://pl.wikipedia.org/wiki/22_grudnia#Urodzili_się,pl,urodzenia,,,,[],[],[],0.8,f8008fcc51f2b3638445b94e957bcfb0,2025-11-04 00:25:20,2025-11-04 00:25:20
224,Research on history - Paper 10,This paper explores history from a historical perspective with modern analytical methods.,1975-06-11,1975,1,1,2442574.5,704410.5,scientific,mock_arxiv,https://arxiv.org/abs/mock.0.9,en,scientific_paper,journal_article,,,"[""Author 10"", ""Co-Author 10""]",[],"[""history""]",0.9,ba31f3618973a2b80b2937015307696f,2025-11-04 00:25:20,2025-11-04 00:25:20
531,Research on chronology - Paper 17,This paper explores chronology from a historical perspective with modern analytical methods.,1975-07-05,1975,1,1,2442598.5,704434.5,scientific,mock_arxiv,https://arxiv.org/abs/mock.4.16,en,scientific_paper,journal_article,,,"[""Author 17"", ""Co-Author 17""]",[],"[""chronology""]",0.9,19c2740226ec7328c90c1d887b2a3af0,2025-11-04 00:42:42,2025-11-04 00:42:42
229,Research on history - Paper 15,This paper explores history from a historical perspective with modern analytical methods.,1975-10-03,1975,1,1,2442688.5,704524.5,scientific,mock_arxiv,https://arxiv.org/abs/mock.0.14,en,scientific_paper,journal_article,,,"[""Author 15"", ""Co-Author 15""]",[],"[""history""]",0.9,cbf9525a679eddf4a8c5ac9334105b20,2025-11-04 00:25:20,2025-11-04 00:25:20
33,21 listopada,": Dario Šimić , chorwacki piłkarz Miles Simon , amerykańsko-szwedzki koszykarz, trener, komentator telewizyjny Aaron Solowoniuk , kanadyjski perkusista, członek zespołu Billy Talent",1975.0-11-21,1975,11,21,2442738.5,704574.5,wikipedia,wikipedia_pl,https://pl.wikipedia.org/wiki/21_listopada#Urodzili_się,pl,urodzenia,,,,[],[],[],0.8,953543fb38f39d71450d8381e905cc37,2025-11-04 00:25:20,2025-11-04 00:25:20
533,Research on chronology - Paper 19,This paper explores chronology from a historical perspective with modern analytical methods.,1976-04-04,1976,1,1,2442872.5,704708.5,scientific,mock_arxiv,https://arxiv.org/abs/mock.4.18,en,scientific_paper,journal_article,,,"[""Author 19"", ""Co-Author 19""]",[],"[""chronology""]",0.9,6392590caf709904d492e16ae97cec00,2025-11-04 00:42:42,2025-11-04 00:42:42
309,Research on chronology - Paper 15,This paper explores chronology from a historical perspective with modern analytical methods.,1976-05-24,1976,1,1,2442922.5,704758.5,scientific,mock_arxiv,https://arxiv.org/abs/mock.4.14,en,scientific_paper,journal_article,,,"[""Author 15"", ""Co-Author 15""]",[],"[""chronology""]",0.9,3808894c4cd1687d9485a945d1032a00,2025-11-04 00:25:20,2025-11-04 00:25:20
60,11 czerwca,": Gaëtan Englebert , belgijski piłkarz Bogumił Godfrejów , polski operator filmowy Paulina Stochniałek , polska menedżer, samorządowiec, członek zarządu województwa wielkopolskiego Reiko Tosa , japońska lekkoatletka, biegaczka długodystansowa",1976.0-06-11,1976,6,11,2442941.5,704777.5,wikipedia,wikipedia_pl,https://pl.wikipedia.org/wiki/11_czerwca#Urodzili_się,pl,urodzenia,,,,[],[],[],0.8,710e5a7d2afbacbdc1b168f9fabc4167,2025-11-04 00:25:20,2025-11-04 00:25:20
387,Research on medieval - Paper 13,This paper explores medieval from a historical perspective with modern analytical methods.,1976-08-06,1976,1,1,2442996.5,704832.5,scientific,mock_arxiv,https://arxiv.org/abs/mock.2.12,en,scientific_paper,journal_article,,,"[""Author 13"", ""Co-Author 13""]",[],"[""medieval""]",0.9,0deee271acfc552c403a83c106aa2091,2025-11-04 00:30:56,2025-11-04 00:30:56
41,17 sierpnia,": Maurice Dobb , brytyjski ekonomista marksistowski (ur. 1900 ) Maciej Masłowski , polski historyk sztuki (ur. 1901 )",1976.0-08-17,1976,8,17,2443008.5,704844.5,wikipedia,wikipedia_pl,https://pl.wikipedia.org/wiki/17_sierpnia#Zmarli,pl,zgony,,,,[],[],[],0.8,7a6c9a5e328f821db0e345f3a2b87235,2025-11-04 00:25:20,2025-11-04 00:25:20
245,Research on archaeology - Paper 11,This paper explores archaeology from a historical perspective with modern analytical methods.,1976-09-16,1976,1,1,2443037.5,704873.5,scientific,mock_arxiv,https://arxiv.org/abs/mock.1.10,en,scientific_paper,journal_article,,,"[""Author 11"", ""Co-Author 11""]",[],"[""archaeology""]",0.9,8dc556844097a6d408b8bfe0a430ff1c,2025-11-04 00:25:20,2025-11-04 00:25:20
223,Research on history - Paper 9,This paper explores history from a historical perspective with modern analytical methods.,1976-11-08,1976,1,1,2443090.5,704926.5,scientific,mock_arxiv,https://arxiv.org/abs/mock.0.8,en,scientific_paper,journal_article,,,"[""Author 9"", ""Co-Author 9""]",[],"[""history""]",0.9,ed0eebbc2805ebb99449c615161dd464,2025-11-04 00:25:20,2025-11-04 00:25:20
283,Research on ancient - Paper 9,This paper explores ancient from a historical perspective with modern analytical methods.,1977-05-13,1977,1,1,2443276.5,705112.5,scientific,mock_arxiv,https://arxiv.org/abs/mock.3.8,en,scientific_paper,journal_article,,,"[""Author 9"", ""Co-Author 9""]",[],"[""ancient""]",0.9,4bebf4071d0aef9b7be4168e53997bb6,2025-11-04 00:25:20,2025-11-04 00:25:20
426,Research on chronology - Paper 12,This paper explores chronology from a historical perspective with modern analytical methods.,1977-07-27,1977,1,1,2443351.5,705187.5,scientific,mock_arxiv,https://arxiv.org/abs/mock.4.11,en,scientific_paper,journal_article,,,"[""Author 12"", ""Co-Author 12""]",[],"[""chronology""]",0.9,5a60b585e9ba1293df0083dc5dbe4c82,2025-11-04 00:30:56,2025-11-04 00:30:56
63,7 sierpnia,": Jamey Jasta , amerykański muzyk, wokalista, członek zespołu Hatebreed Aleksandra Kurzak , polska śpiewaczka operowa (sopran) Samantha Ronson , brytyjska piosenkarka, autorka tekstów, didżejka Grzegorz Stępień , polski basista, członek zespołów: Oddział Zamknięty i Bimber Polland Adam Zaczkowski , polski samorządowiec i urzędnik, wicewojewoda śląski",1977.0-08-07,1977,8,7,2443363.5,705199.5,wikipedia,wikipedia_pl,https://pl.wikipedia.org/wiki/7_sierpnia#Urodzili_się,pl,urodzenia,,,,[],[],[],0.8,958b5aa08fa08102955bf1f67ef7897a,2025-11-04 00:25:20,2025-11-04 00:25:20
31,7 października,": Sékou Berthé , malijski piłkarz Dan Beutler , szwedzki piłkarz ręczny, bramkarz Lapo Elkann , włoski przemysłowiec Matthew Greywolf , niemiecki gitarzysta, członek zespołu Powerwolf",1977.0-10-07,1977,10,7,2443424.5,705260.5,wikipedia,wikipedia_pl,https://pl.wikipedia.org/wiki/7_października#Urodzili_się,pl,urodzenia,,,,[],[],[],0.8,b791b2c6fd9d60b11698ccd1e542fa7a,2025-11-04 00:25:20,2025-11-04 00:25:20
57,20 grudnia,": Robert Kubiszyn , polski muzyk jazzowy, kompozytor, aranżer, producent muzyczny Petr Zapletal , czeski siatkarz",1977.0-12-20,1977,12,20,2443498.5,705334.5,wikipedia,wikipedia_pl,https://pl.wikipedia.org/wiki/20_grudnia#Urodzili_się,pl,urodzenia,,,,[],[],[],0.8,17d91e9270f822b3424dd339b72e8504,2025-11-04 00:25:20,2025-11-04 00:25:20
413,Research on ancient - Paper 19,This paper explores ancient from a historical perspective with modern analytical methods.,1978-01-24,1978,1,1,2443532.5,705368.5,scientific,mock_arxiv,https://arxiv.org/abs/mock.3.18,en,scientific_paper,journal_article,,,"[""Author 19"", ""Co-Author 19""]",[],"[""ancient""]",0.9,a731ff77ba6b4d38ba7e678315e1ca6f,2025-11-04 00:30:56,2025-11-04 00:30:56
417,Research on chronology - Paper 3,This paper explores chronology from a historical perspective with modern analytical methods.,1978-03-05,1978,1,1,2443572.5,705408.5,scientific,mock_arxiv,https://arxiv.org/abs/mock.4.2,en,scientific_paper,journal_article,,,"[""Author 3"", ""Co-Author 3""]",[],"[""chronology""]",0.9,266eb468920a5fdae1a8843309577163,2025-11-04 00:30:56,2025-11-04 00:30:56
383,Research on medieval - Paper 9,This paper explores medieval from a historical perspective with modern analytical methods.,1978-04-03,1978,1,1,2443601.5,705437.5,scientific,mock_arxiv,https://arxiv.org/abs/mock.2.8,en,scientific_paper,journal_article,,,"[""Author 9"", ""Co-Author 9""]",[],"[""medieval""]",0.9,c77c01e2090e238f3116616043ccad5c,2025-11-04 00:30:56,2025-11-04 00:30:56
430,Research on chronology - Paper 16,This paper explores chronology from a historical perspective with modern analytical methods.,1978-09-07,1978,1,1,2443758.5,705594.5,scientific,mock_arxiv,https://arxiv.org/abs/mock.4.15,en,scientific_paper,journal_article,,,"[""Author 16"", ""Co-Author 16""]",[],"[""chronology""]",0.9,e6a2345102413a13a95ae67a37cb6178,2025-11-04 00:30:56,2025-11-04 00:30:56
87,12 września,": Elisabetta Canalis , włoska aktorka Fábio Costa de Brito , brazylijski piłkarz Lukáš Došek , czeski piłkarz Tomáš Došek , czeski piłkarz Marko Jarić , serbski koszykarz Benjamin McKenzie , amerykański aktor Michael Paget , brytyjski gitarzysta, członek zespołu Bullet for My Valentine",1978.0-09-12,1978,9,12,2443764.5,705600.5,wikipedia,wikipedia_pl,https://pl.wikipedia.org/wiki/12_września#Urodzili_się,pl,urodzenia,,,,[],[],[],0.8,8ddbbacceaa69a75904d77844be7f821,2025-11-04 00:25:20,2025-11-04 00:25:20
509,Research on ancient - Paper 15,This paper explores ancient from a historical perspective with modern analytical methods.,1978-12-16,1978,1,1,2443858.5,705694.5,scientific,mock_arxiv,https://arxiv.org/abs/mock.3.14,en,scientific_paper,journal_article,,,"[""Author 15"", ""Co-Author 15""]",[],"[""ancient""]",0.9,04fad6d9e556308ad896458fb4eea58f,2025-11-04 00:42:42,2025-11-04 00:42:42
422,Research on chronology - Paper 8,This paper explores chronology from a historical perspective with modern analytical methods.,1979-04-04,1979,1,1,2443967.5,705803.5,scientific,mock_arxiv,https://arxiv.org/abs/mock.4.7,en,scientific_paper,journal_article,,,"[""Author 8"", ""Co-Author 8""]",[],"[""chronology""]",0.9,08f6cfb9c2707309da56001a83afe5b6,2025-11-04 00:30:56,2025-11-04 00:30:56
530,Research on chronology - Paper 16,This paper explores chronology from a historical perspective with modern analytical methods.,1979-07-17,1979,1,1,2444071.5,705907.5,scientific,mock_arxiv,https://arxiv.org/abs/mock.4.15,en,scientific_paper,journal_article,,,"[""Author 16"", ""Co-Author 16""]",[],"[""chronology""]",0.9,84d858694959e5f1e362780d8d4525e0,2025-11-04 00:42:42,2025-11-04 00:42:42
366,Research on archaeology - Paper 12,This paper explores archaeology from a historical perspective with modern analytical methods.,1979-08-20,1979,1,1,2444105.5,705941.5,scientific,mock_arxiv,https://arxiv.org/abs/mock.1.11,en,scientific_paper,journal_article,,,"[""Author 12"", ""Co-Author 12""]",[],"[""archaeology""]",0.9,bd97bd7486f880e0f407f41f916ac93e,2025-11-04 00:30:56,2025-11-04 00:30:56
409,Research on ancient - Paper 15,This paper explores ancient from a historical perspective with modern analytical methods.,1979-08-24,1979,1,1,2444109.5,705945.5,scientific,mock_arxiv,https://arxiv.org/abs/mock.3.14,en,scientific_paper,journal_article,,,"[""Author 15"", ""Co-Author 15""]",[],"[""ancient""]",0.9,26b335a3e0289802e3d8ffb3e2ba5da2,2025-11-04 00:30:56,2025-11-04 00:30:56
93,14 października,": Clarke Carlisle , angielski piłkarz Stacy Keibler , amerykańska wrestlerka, aktorka, modelka Mindaugas Mizgaitis , litewski zapaśnik Cédric Moubamba , gaboński piłkarz Marcus Paus , norweski kompozytor Guillermo Pérez , meksykański taekwondzista Rodrigo Tello , chilijski piłkarz Won Hye-kyung , południowokoreańska łyżwiarka szybka, specjalistka short tracku",1979.0-10-14,1979,10,14,2444161.5,705997.5,wikipedia,wikipedia_pl,https://pl.wikipedia.org/wiki/14_października#Urodzili_się,pl,urodzenia,,,,[],[],[],0.8,cced28225f0b58fd91c4275e2550e793,2025-11-04 00:25:20,2025-11-04 00:25:20
365,Research on archaeology - Paper 11,This paper explores archaeology from a historical perspective with modern analytical methods.,1979-12-28,1979,1,1,2444235.5,706071.5,scientific,mock_arxiv,https://arxiv.org/abs/mock.1.10,en,scientific_paper,journal_article,,,"[""Author 11"", ""Co-Author 11""]",[],"[""archaeology""]",0.9,a3022e70b8035b21647932f4598c3809,2025-11-04 00:30:56,2025-11-04 00:30:56
458,Research on archaeology - Paper 4,This paper explores archaeology from a historical perspective with modern analytical methods.,1980-12-15,1980,1,1,2444588.5,706424.5,scientific,mock_arxiv,https://arxiv.org/abs/mock.1.3,en,scientific_paper,journal_article,,,"[""Author 4"", ""Co-Author 4""]",[],"[""archaeology""]",0.9,b8fcc56392200b0bd58f86b6c246052a,2025-11-04 00:42:42,2025-11-04 00:42:42
62,23 grudnia,": Alojzy Czarnecki , polski fotograf (ur. 1893 ) Aniela Pawlikowska , polska malarka, portrecistka, ilustratorka (ur. 1901 )",1980.0-12-23,1980,12,23,2444597.5,706433.5,wikipedia,wikipedia_pl,https://pl.wikipedia.org/wiki/23_grudnia#Zmarli,pl,zgony,,,,[],[],[],0.8,e5619defa87ead37cfa7cd730fb8113a,2025-11-04 00:25:20,2025-11-04 00:25:20
8,25 grudnia,": Siarhiej Dziarhaj , białoruski poeta, tłumacz (ur. 1907 ) Josef Krämer , niemiecki prawnik, polityk nazistowski (ur. 1904 ) Marcel Langiller , francuski piłkarz (ur. 1908 ) Konrad Libicki , polski podpułkownik, dyplomata, dziennikarz, działacz emigracyjny (ur. 1891 ) Jan Popek , polski malarz, grafik (ur. 1942 )",1980.0-12-25,1980,12,25,2444599.5,706435.5,wikipedia,wikipedia_pl,https://pl.wikipedia.org/wiki/25_grudnia#Zmarli,pl,zgony,,,,[],[],[],0.8,02a4c8e0c44593727cc7b9358edc35d3,2025-11-04 00:25:20,2025-11-04 00:25:20
403,Research on ancient - Paper 9,This paper explores ancient from a historical perspective with modern analytical methods.,1981-01-18,1981,1,1,2444622.5,706458.5,scientific,mock_arxiv,https://arxiv.org/abs/mock.3.8,en,scientific_paper,journal_article,,,"[""Author 9"", ""Co-Author 9""]",[],"[""ancient""]",0.9,0109d0b82100dfbbf4b19f54436f64b4,2025-11-04 00:30:56,2025-11-04 00:30:56
424,Research on chronology - Paper 10,This paper explores chronology from a historical perspective with modern analytical methods.,1981-01-24,1981,1,1,2444628.5,706464.5,scientific,mock_arxiv,https://arxiv.org/abs/mock.4.9,en,scientific_paper,journal_article,,,"[""Author 10"", ""Co-Author 10""]",[],"[""chronology""]",0.9,192016f7747274995a21fe9fbdb9d08d,2025-11-04 00:30:56,2025-11-04 00:30:56
493,Research on medieval - Paper 19,This paper explores medieval from a historical perspective with modern analytical methods.,1981-01-24,1981,1,1,2444628.5,706464.5,scientific,mock_arxiv,https://arxiv.org/abs/mock.2.18,en,scientific_paper,journal_article,,,"[""Author 19"", ""Co-Author 19""]",[],"[""medieval""]",0.9,fb5da81772b737ebfa5144c20f96001a,2025-11-04 00:42:42,2025-11-04 00:42:42
308,Research on chronology - Paper 14,This paper explores chronology from a historical perspective with modern analytical methods.,1981-05-19,1981,1,1,2444743.5,706579.5,scientific,mock_arxiv,https://arxiv.org/abs/mock.4.13,en,scientific_paper,journal_article,,,"[""Author 14"", ""Co-Author 14""]",[],"[""chronology""]",0.9,fe34e1b678a5ad3279b70ddd0ef40683,2025-11-04 00:25:20,2025-11-04 00:25:20
368,Research on archaeology - Paper 14,This paper explores archaeology from a historical perspective with modern analytical methods.,1981-07-08,1981,1,1,2444793.5,706629.5,scientific,mock_arxiv,https://arxiv.org/abs/mock.1.13,en,scientific_paper,journal_article,,,"[""Author 14"", ""Co-Author 14""]",[],"[""archaeology""]",0.9,5158fc063fec21bde3599cb9f31c57dc,2025-11-04 00:30:56,2025-11-04 00:30:56
234,Research on history - Paper 20,This paper explores history from a historical perspective with modern analytical methods.,1981-08-11,1981,1,1,2444827.5,706663.5,scientific,mock_arxiv,https://arxiv.org/abs/mock.0.19,en,scientific_paper,journal_article,,,"[""Author 20"", ""Co-Author 20""]",[],"[""history""]",0.9,6352629d352f2b984585db1bbdbbaea2,2025-11-04 00:25:20,2025-11-04 00:25:20
519,Research on chronology - Paper 5,This paper explores chronology from a historical perspective with modern analytical methods.,1981-08-14,1981,1,1,2444830.5,706666.5,scientific,mock_arxiv,https://arxiv.org/abs/mock.4.4,en,scientific_paper,journal_article,,,"[""Author 5"", ""Co-Author 5""]",[],"[""chronology""]",0.9,a9817624dc216a7f7bad46735145405c,2025-11-04 00:42:42,2025-11-04 00:42:42
517,Research on chronology - Paper 3,This paper explores chronology from a historical perspective with modern analytical methods.,1981-10-24,1981,1,1,2444901.5,706737.5,scientific,mock_arxiv,https://arxiv.org/abs/mock.4.2,en,scientific_paper,journal_article,,,"[""Author 3"", ""Co-Author 3""]",[],"[""chronology""]",0.9,ab11b70ce38c3d27f72542a57ce8ec4f,2025-11-04 00:42:42,2025-11-04 00:42:42
137,11 stycznia,": Tony Allen , amerykański koszykarz Amar Benikhlef , algierski judoka Magdalena Biejat , polska działaczka społeczna, polityk, poseł na Sejm i senator RP Dienis Kołodin , rosyjski piłkarz Uroš Mirković , serbski koszykarz Mohammad Nosrati , irański piłkarz Nattaporn Phanrit , tajski piłkarz Eduardo Saragó , wenezuelski trener piłkarski",1982.0-01-11,1982,1,11,2444981.5,706817.5,wikipedia,wikipedia_pl,https://pl.wikipedia.org/wiki/11_stycznia#Urodzili_się,pl,urodzenia,,,,[],[],[],0.8,1e8fc666ea5087f16ed2204335cae131,2025-11-04 00:25:20,2025-11-04 00:25:20
427,Research on chronology - Paper 13,This paper explores chronology from a historical perspective with modern analytical methods.,1982-01-13,1982,1,1,2444982.5,706818.5,scientific,mock_arxiv,https://arxiv.org/abs/mock.4.12,en,scientific_paper,journal_article,,,"[""Author 13"", ""Co-Author 13""]",[],"[""chronology""]",0.9,b074427186efe09f75e6e33a7c2c630e,2025-11-04 00:30:56,2025-11-04 00:30:56
211,27 kwietnia,": Boldizsár Bodor , węgierski piłkarz Dan Černý , czeski autor komiksów, ilustrator, animator, muzyk Moajad Abu Keszek , jordański piłkarz Satomi Kubokura , japońska lekkoatletka, płotkarka Paweł Smirnow , rosyjski szachista Estefanía Torres Martínez , hiszpańska pedagog, polityk, eurodeputowana",1982.0-04-27,1982,4,27,2445087.5,706923.5,wikipedia,wikipedia_pl,https://pl.wikipedia.org/wiki/27_kwietnia#Urodzili_się,pl,urodzenia,,,,[],[],[],0.8,54452c42204a3f5027128b434cb71b7d,2025-11-04 00:25:20,2025-11-04 00:25:20
420,Research on chronology - Paper 6,This paper explores chronology from a historical perspective with modern analytical methods.,1982-06-07,1982,1,1,2445127.5,706963.5,scientific,mock_arxiv,https://arxiv.org/abs/mock.4.5,en,scientific_paper,journal_article,,,"[""Author 6"", ""Co-Author 6""]",[],"[""chronology""]",0.9,566e3e912a0e19f8c394dc86c839b12b,2025-11-04 00:30:56,2025-11-04 00:30:56
436,Research on history - Paper 2,This paper explores history from a historical perspective with modern analytical methods.,1982-07-18,1982,1,1,2445168.5,707004.5,scientific,mock_arxiv,https://arxiv.org/abs/mock.0.1,en,scientific_paper,journal_article,,,"[""Author 2"", ""Co-Author 2""]",[],"[""history""]",0.9,58b338f121129ddc7108e8f37e434439,2025-11-04 00:42:42,2025-11-04 00:42:42
516,Research on chronology - Paper 2,This paper explores chronology from a historical perspective with modern analytical methods.,1982-11-15,1982,1,1,2445288.5,707124.5,scientific,mock_arxiv,https://arxiv.org/abs/mock.4.1,en,scientific_paper,journal_article,,,"[""Author 2"", ""Co-Author 2""]",[],"[""chronology""]",0.9,92cdcb333c1fa5a22bf27a3e58da6f42,2025-11-04 00:42:42,2025-11-04 00:42:42
463,Research on archaeology - Paper 9,This paper explores archaeology from a historical perspective with modern analytical methods.,1983-01-11,1983,1,1,2445345.5,707181.5,scientific,mock_arxiv,https://arxiv.org/abs/mock.1.8,en,scientific_paper,journal_article,,,"[""Author 9"", ""Co-Author 9""]",[],"[""archaeology""]",0.9,9a8b6e5cf1f06e06338a7af96c541c86,2025-11-04 00:42:42,2025-11-04 00:42:42
267,Research on medieval - Paper 13,This paper explores medieval from a historical perspective with modern analytical methods.,1983-06-07,1983,1,1,2445492.5,707328.5,scientific,mock_arxiv,https://arxiv.org/abs/mock.2.12,en,scientific_paper,journal_article,,,"[""Author 13"", ""Co-Author 13""]",[],"[""medieval""]",0.9,7e3a5471d1d6b0f78d3fe316cd9f2da4,2025-11-04 00:25:20,2025-11-04 00:25:20
502,Research on ancient - Paper 8,This paper explores ancient from a historical perspective with modern analytical methods.,1983-06-13,1983,1,1,2445498.5,707334.5,scientific,mock_arxiv,https://arxiv.org/abs/mock.3.7,en,scientific_paper,journal_article,,,"[""Author 8"", ""Co-Author 8""]",[],"[""ancient""]",0.9,ad5f558be67ddf82abab4e4b00d97fd1,2025-11-04 00:42:42,2025-11-04 00:42:42
472,Research on archaeology - Paper 18,This paper explores archaeology from a historical perspective with modern analytical methods.,1983-07-15,1983,1,1,2445530.5,707366.5,scientific,mock_arxiv,https://arxiv.org/abs/mock.1.17,en,scientific_paper,journal_article,,,"[""Author 18"", ""Co-Author 18""]",[],"[""archaeology""]",0.9,229d6517915b1d841ff05bea4ba3bc84,2025-11-04 00:42:42,2025-11-04 00:42:42
435,Research on history - Paper 1,This paper explores history from a historical perspective with modern analytical methods.,1983-08-12,1983,1,1,2445558.5,707394.5,scientific,mock_arxiv,https://arxiv.org/abs/mock.0.0,en,scientific_paper,journal_article,,,"[""Author 1"", ""Co-Author 1""]",[],"[""history""]",0.9,ab9adb1b4f39dd1b9bb0fa9f3e325b01,2025-11-04 00:42:42,2025-11-04 00:42:42
342,Research on history - Paper 8,This paper explores history from a historical perspective with modern analytical methods.,1983-09-18,1983,1,1,2445595.5,707431.5,scientific,mock_arxiv,https://arxiv.org/abs/mock.0.7,en,scientific_paper,journal_article,,,"[""Author 8"", ""Co-Author 8""]",[],"[""history""]",0.9,ae59bf51fafc5353f98948c4b335d85f,2025-11-04 00:30:56,2025-11-04 00:30:56
526,Research on chronology - Paper 12,This paper explores chronology from a historical perspective with modern analytical methods.,1983-10-18,1983,1,1,2445625.5,707461.5,scientific,mock_arxiv,https://arxiv.org/abs/mock.4.11,en,scientific_paper,journal_article,,,"[""Author 12"", ""Co-Author 12""]",[],"[""chronology""]",0.9,b091caffcf586952787eb61ced829c73,2025-11-04 00:42:42,2025-11-04 00:42:42
448,Research on history - Paper 14,This paper explores history from a historical perspective with modern analytical methods.,1983-11-12,1983,1,1,2445650.5,707486.5,scientific,mock_arxiv,https://arxiv.org/abs/mock.0.13,en,scientific_paper,journal_article,,,"[""Author 14"", ""Co-Author 14""]",[],"[""history""]",0.9,86a25cc844b3354286d2896a32d431d1,2025-11-04 00:42:42,2025-11-04 00:42:42
490,Research on medieval - Paper 16,This paper explores medieval from a historical perspective with modern analytical methods.,1984-01-17,1984,1,1,2445716.5,707552.5,scientific,mock_arxiv,https://arxiv.org/abs/mock.2.15,en,scientific_paper,journal_article,,,"[""Author 16"", ""Co-Author 16""]",[],"[""medieval""]",0.9,329e900fecf13e3d18d0b4e7213c389d,2025-11-04 00:42:42,2025-11-04 00:42:42
168,30 stycznia,": Jonathan Victor Barros , argentyński bokser Anna Białobrzeska , polska siatkarka Katarína Dudasová , słowacka siatkarka Mai Fukuda , japońska siatkarka Kid Cudi , amerykański raper, wokalista, aktor Tan Xue , chińska szablistka Jacobine Veenhoven , holenderska wioślarka Janusz Wierzgacz , polski dyrygent, kompozytor",1984.0-01-30,1984,1,30,2445730.5,707566.5,wikipedia,wikipedia_pl,https://pl.wikipedia.org/wiki/30_stycznia#Urodzili_się,pl,urodzenia,,,,[],[],[],0.8,5ff69e2c7cddd34206f95f077ba471a9,2025-11-04 00:25:20,2025-11-04 00:25:20
289,Research on ancient - Paper 15,This paper explores ancient from a historical perspective with modern analytical methods.,1984-08-01,1984,1,1,2445913.5,707749.5,scientific,mock_arxiv,https://arxiv.org/abs/mock.3.14,en,scientific_paper,journal_article,,,"[""Author 15"", ""Co-Author 15""]",[],"[""ancient""]",0.9,ad557dde2ab1ce47a9294d8cc5c9e048,2025-11-04 00:25:20,2025-11-04 00:25:20
394,Research on medieval - Paper 20,This paper explores medieval from a historical perspective with modern analytical methods.,1984-08-23,1984,1,1,2445935.5,707771.5,scientific,mock_arxiv,https://arxiv.org/abs/mock.2.19,en,scientific_paper,journal_article,,,"[""Author 20"", ""Co-Author 20""]",[],"[""medieval""]",0.9,71e1998ad8d02866c051657835432f88,2025-11-04 00:30:56,2025-11-04 00:30:56
461,Research on archaeology - Paper 7,This paper explores archaeology from a historical perspective with modern analytical methods.,1984-08-28,1984,1,1,2445940.5,707776.5,scientific,mock_arxiv,https://arxiv.org/abs/mock.1.6,en,scientific_paper,journal_article,,,"[""Author 7"", ""Co-Author 7""]",[],"[""archaeology""]",0.9,b83590694f780a65509f2f24a9b0863e,2025-11-04 00:42:42,2025-11-04 00:42:42
294,Research on ancient - Paper 20,This paper explores ancient from a historical perspective with modern analytical methods.,1984-09-10,1984,1,1,2445953.5,707789.5,scientific,mock_arxiv,https://arxiv.org/abs/mock.3.19,en,scientific_paper,journal_article,,,"[""Author 20"", ""Co-Author 20""]",[],"[""ancient""]",0.9,85e330aceb6137527de073d1f1b9c6c6,2025-11-04 00:25:20,2025-11-04 00:25:20
231,Research on history - Paper 17,This paper explores history from a historical perspective with modern analytical methods.,1984-12-03,1984,1,1,2446037.5,707873.5,scientific,mock_arxiv,https://arxiv.org/abs/mock.0.16,en,scientific_paper,journal_article,,,"[""Author 17"", ""Co-Author 17""]",[],"[""history""]",0.9,2428a9251913f133d0f23feb298abfb7,2025-11-04 00:25:20,2025-11-04 00:25:20
25,7 stycznia,Premiera filmu Szaleństwa panny Ewy w reżyserii Kazimierza Tarnasa .,1985.0-01-07,1985,1,7,2446073.5,707909.5,wikipedia,wikipedia_pl,https://pl.wikipedia.org/wiki/7_stycznia#Wydarzenia_w_Polsce,pl,wydarzenia,,,,[],[],[],0.8,154f96dd05cdd74b9657e8585ecfc9ed,2025-11-04 00:25:20,2025-11-04 00:25:20
247,Research on archaeology - Paper 13,This paper explores archaeology from a historical perspective with modern analytical methods.,1985-03-06,1985,1,1,2446130.5,707966.5,scientific,mock_arxiv,https://arxiv.org/abs/mock.1.12,en,scientific_paper,journal_article,,,"[""Author 13"", ""Co-Author 13""]",[],"[""archaeology""]",0.9,52c3ce271845ad775a9294881918ec7d,2025-11-04 00:25:20,2025-11-04 00:25:20
375,Research on medieval - Paper 1,This paper explores medieval from a historical perspective with modern analytical methods.,1985-07-07,1985,1,1,2446253.5,708089.5,scientific,mock_arxiv,https://arxiv.org/abs/mock.2.0,en,scientific_paper,journal_article,,,"[""Author 1"", ""Co-Author 1""]",[],"[""medieval""]",0.9,e8bddef1b4e7dea17b933278a9168995,2025-11-04 00:30:56,2025-11-04 00:30:56
254,Research on archaeology - Paper 20,This paper explores archaeology from a historical perspective with modern analytical methods.,1985-07-17,1985,1,1,2446263.5,708099.5,scientific,mock_arxiv,https://arxiv.org/abs/mock.1.19,en,scientific_paper,journal_article,,,"[""Author 20"", ""Co-Author 20""]",[],"[""archaeology""]",0.9,780e5934c92d7d6cff856538d0338a53,2025-11-04 00:25:20,2025-11-04 00:25:20
523,Research on chronology - Paper 9,This paper explores chronology from a historical perspective with modern analytical methods.,1985-10-21,1985,1,1,2446359.5,708195.5,scientific,mock_arxiv,https://arxiv.org/abs/mock.4.8,en,scientific_paper,journal_article,,,"[""Author 9"", ""Co-Author 9""]",[],"[""chronology""]",0.9,bcfdaacb04ed984da9b0f6bb83c146f5,2025-11-04 00:42:42,2025-11-04 00:42:42
253,Research on archaeology - Paper 19,This paper explores archaeology from a historical perspective with modern analytical methods.,1985-11-26,1985,1,1,2446395.5,708231.5,scientific,mock_arxiv,https://arxiv.org/abs/mock.1.18,en,scientific_paper,journal_article,,,"[""Author 19"", ""Co-Author 19""]",[],"[""archaeology""]",0.9,efc48f65a2004d3e55cbcac5439e0b8f,2025-11-04 00:25:20,2025-11-04 00:25:20
208,23 grudnia,": Ferhat Abbas , algierski polityk, działacz niepodległościowy (ur. 1899 ) Birabongse Bhanutej Bhanubandh , tajski kierowca wyścigowy (ur. 1914 ) Iwan Griszyn , radziecki polityk (ur. 1911 )",1985.0-12-23,1985,12,23,2446423.5,708259.5,wikipedia,wikipedia_pl,https://pl.wikipedia.org/wiki/23_grudnia#Zmarli,pl,zgony,,,,[],[],[],0.8,817dbbea916b238bad695e916a4ee497,2025-11-04 00:25:20,2025-11-04 00:25:20
102,27 kwietnia,": Dariusz Batek , polski kolarz górski i szosowy Paweł Kikowski , polski koszykarz Karolina Kominek , polska aktorka Ełena Risteska , macedońska piosenkarka Dinara Safina , rosyjska tenisistka pochodzenia tatarskiego",1986.0-04-27,1986,4,27,2446548.5,708384.5,wikipedia,wikipedia_pl,https://pl.wikipedia.org/wiki/27_kwietnia#Urodzili_się,pl,urodzenia,,,,[],[],[],0.8,9ba707bfc74567948194d241482fe606,2025-11-04 00:25:20,2025-11-04 00:25:20
292,Research on ancient - Paper 18,This paper explores ancient from a historical perspective with modern analytical methods.,1986-08-03,1986,1,1,2446645.5,708481.5,scientific,mock_arxiv,https://arxiv.org/abs/mock.3.17,en,scientific_paper,journal_article,,,"[""Author 18"", ""Co-Author 18""]",[],"[""ancient""]",0.9,86c20b8442b7eefce0f4dc9ea5777ae6,2025-11-04 00:25:20,2025-11-04 00:25:20
358,Research on archaeology - Paper 4,This paper explores archaeology from a historical perspective with modern analytical methods.,1986-08-11,1986,1,1,2446653.5,708489.5,scientific,mock_arxiv,https://arxiv.org/abs/mock.1.3,en,scientific_paper,journal_article,,,"[""Author 4"", ""Co-Author 4""]",[],"[""archaeology""]",0.9,9d321779e39ae99177665ee5c9058ed8,2025-11-04 00:30:56,2025-11-04 00:30:56
349,Research on history - Paper 15,This paper explores history from a historical perspective with modern analytical methods.,1986-12-11,1986,1,1,2446775.5,708611.5,scientific,mock_arxiv,https://arxiv.org/abs/mock.0.14,en,scientific_paper,journal_article,,,"[""Author 15"", ""Co-Author 15""]",[],"[""history""]",0.9,0d3c932b5e01794a1392ae5111559a2c,2025-11-04 00:30:56,2025-11-04 00:30:56
202,24 grudnia,": Ana Brenda Contreras , meksykańska aktorka, piosenkarka Kyryło Fesenko , ukraiński koszykarz Theodor Gebre Selassie , czeski piłkarz pochodzenia etiopskiego Lee Yong , południowokoreański piłkarz Riyo Mori , japońska instruktorka tańca Subrata Pal , indyjski piłkarz, bramkarz",1986.0-12-24,1986,12,24,2446789.5,708625.5,wikipedia,wikipedia_pl,https://pl.wikipedia.org/wiki/24_grudnia#Urodzili_się,pl,urodzenia,,,,[],[],[],0.8,38cf99abbea49385f6899390a0d7f50c,2025-11-04 00:25:20,2025-11-04 00:25:20
299,Research on chronology - Paper 5,This paper explores chronology from a historical perspective with modern analytical methods.,1987-02-20,1987,1,1,2446846.5,708682.5,scientific,mock_arxiv,https://arxiv.org/abs/mock.4.4,en,scientific_paper,journal_article,,,"[""Author 5"", ""Co-Author 5""]",[],"[""chronology""]",0.9,1da80c6fe3808faa64ab35f8a87eb403,2025-11-04 00:25:20,2025-11-04 00:25:20
298,Research on chronology - Paper 4,This paper explores chronology from a historical perspective with modern analytical methods.,1987-08-02,1987,1,1,2447009.5,708845.5,scientific,mock_arxiv,https://arxiv.org/abs/mock.4.3,en,scientific_paper,journal_article,,,"[""Author 4"", ""Co-Author 4""]",[],"[""chronology""]",0.9,bf595d965292a757164db181cb427a9a,2025-11-04 00:25:20,2025-11-04 00:25:20
400,Research on ancient - Paper 6,This paper explores ancient from a historical perspective with modern analytical methods.,1987-09-21,1987,1,1,2447059.5,708895.5,scientific,mock_arxiv,https://arxiv.org/abs/mock.3.5,en,scientific_paper,journal_article,,,"[""Author 6"", ""Co-Author 6""]",[],"[""ancient""]",0.9,258168e8ecce04a1f2d15a02ce58ca16,2025-11-04 00:30:56,2025-11-04 00:30:56
380,Research on medieval - Paper 6,This paper explores medieval from a historical perspective with modern analytical methods.,1987-10-23,1987,1,1,2447091.5,708927.5,scientific,mock_arxiv,https://arxiv.org/abs/mock.2.5,en,scientific_paper,journal_article,,,"[""Author 6"", ""Co-Author 6""]",[],"[""medieval""]",0.9,d72b19b62301b3b65d264e04a3fa6208,2025-11-04 00:30:56,2025-11-04 00:30:56
514,Research on ancient - Paper 20,This paper explores ancient from a historical perspective with modern analytical methods.,1988-05-22,1988,1,1,2447303.5,709139.5,scientific,mock_arxiv,https://arxiv.org/abs/mock.3.19,en,scientific_paper,journal_article,,,"[""Author 20"", ""Co-Author 20""]",[],"[""ancient""]",0.9,c1ee0fbd73828c3afa75e83f0e7f0446,2025-11-04 00:42:42,2025-11-04 00:42:42
363,Research on archaeology - Paper 9,This paper explores archaeology from a historical perspective with modern analytical methods.,1988-06-26,1988,1,1,2447338.5,709174.5,scientific,mock_arxiv,https://arxiv.org/abs/mock.1.8,en,scientific_paper,journal_article,,,"[""Author 9"", ""Co-Author 9""]",[],"[""archaeology""]",0.9,58bfe2000ac9619245a7cdeb8458e559,2025-11-04 00:30:56,2025-11-04 00:30:56
114,17 listopada,": Beatriz García Vidagany , hiszpańska tenisistka Eric Lichaj , amerykański piłkarz pochodzenia polskiego Joanna Łochowska , polska sztangistka",1988.0-11-17,1988,11,17,2447483.5,709319.5,wikipedia,wikipedia_pl,https://pl.wikipedia.org/wiki/17_listopada#Urodzili_się,pl,urodzenia,,,,[],[],[],0.8,71b5981202cc3b79a28ae7ec604e46c8,2025-11-04 00:25:20,2025-11-04 00:25:20
378,Research on medieval - Paper 4,This paper explores medieval from a historical perspective with modern analytical methods.,1989-04-09,1989,1,1,2447625.5,709461.5,scientific,mock_arxiv,https://arxiv.org/abs/mock.2.3,en,scientific_paper,journal_article,,,"[""Author 4"", ""Co-Author 4""]",[],"[""medieval""]",0.9,793087576b0d956b385c07c8b8cf01b5,2025-11-04 00:30:56,2025-11-04 00:30:56
293,Research on ancient - Paper 19,This paper explores ancient from a historical perspective with modern analytical methods.,1989-06-05,1989,1,1,2447682.5,709518.5,scientific,mock_arxiv,https://arxiv.org/abs/mock.3.18,en,scientific_paper,journal_article,,,"[""Author 19"", ""Co-Author 19""]",[],"[""ancient""]",0.9,36e70bbdfeebe8a0bacfb8e8959501e6,2025-11-04 00:25:20,2025-11-04 00:25:20
432,Research on chronology - Paper 18,This paper explores chronology from a historical perspective with modern analytical methods.,1989-06-24,1989,1,1,2447701.5,709537.5,scientific,mock_arxiv,https://arxiv.org/abs/mock.4.17,en,scientific_paper,journal_article,,,"[""Author 18"", ""Co-Author 18""]",[],"[""chronology""]",0.9,20fbf40fe34995f0d0024a3985bfa895,2025-11-04 00:30:56,2025-11-04 00:30:56
182,25 listopada,": Birago Diop , senegalski poeta, prozaik, dramaturg, dyplomata (ur. 1906 ) Andrzej Turowicz , polski benedyktyn, matematyk (ur. 1904 )",1989.0-11-25,1989,11,25,2447856.5,709692.5,wikipedia,wikipedia_pl,https://pl.wikipedia.org/wiki/25_listopada#Zmarli,pl,zgony,,,,[],[],[],0.8,8f2a9e99cd5f968666052a1d16b7433f,2025-11-04 00:25:20,2025-11-04 00:25:20
260,Research on medieval - Paper 6,This paper explores medieval from a historical perspective with modern analytical methods.,1990-01-20,1990,1,1,2447911.5,709747.5,scientific,mock_arxiv,https://arxiv.org/abs/mock.2.5,en,scientific_paper,journal_article,,,"[""Author 6"", ""Co-Author 6""]",[],"[""medieval""]",0.9,88a883ff7bc64ee75acb0cf0b0d72864,2025-11-04 00:25:20,2025-11-04 00:25:20
393,Research on medieval - Paper 19,This paper explores medieval from a historical perspective with modern analytical methods.,1990-01-22,1990,1,1,2447913.5,709749.5,scientific,mock_arxiv,https://arxiv.org/abs/mock.2.18,en,scientific_paper,journal_article,,,"[""Author 19"", ""Co-Author 19""]",[],"[""medieval""]",0.9,67545a188252fdb45dff014eb8c4230d,2025-11-04 00:30:56,2025-11-04 00:30:56
459,Research on archaeology - Paper 5,This paper explores archaeology from a historical perspective with modern analytical methods.,1990-07-20,1990,1,1,2448092.5,709928.5,scientific,mock_arxiv,https://arxiv.org/abs/mock.1.4,en,scientific_paper,journal_article,,,"[""Author 5"", ""Co-Author 5""]",[],"[""archaeology""]",0.9,c3da1eb8728581a1e446d47a7a822327,2025-11-04 00:42:42,2025-11-04 00:42:42
259,Research on medieval - Paper 5,This paper explores medieval from a historical perspective with modern analytical methods.,1990-08-19,1990,1,1,2448122.5,709958.5,scientific,mock_arxiv,https://arxiv.org/abs/mock.2.4,en,scientific_paper,journal_article,,,"[""Author 5"", ""Co-Author 5""]",[],"[""medieval""]",0.9,f3d5489c02dd0802903d5f8cc4f8a29a,2025-11-04 00:25:20,2025-11-04 00:25:20
40,19 sierpnia,": Khama Billiat , zimbabwejski piłkarz Władimir Krasnow , rosyjski lekkoatleta, sprinter Florentin Pogba , gwinejski piłkarz Sofía Toro , hiszpańska żeglarka sportowa",1990.0-08-19,1990,8,19,2448123.5,709959.5,wikipedia,wikipedia_pl,https://pl.wikipedia.org/wiki/19_sierpnia#Urodzili_się,pl,urodzenia,,,,[],[],[],0.8,7efd8118c75cf37728143cb9d1d369d0,2025-11-04 00:25:20,2025-11-04 00:25:20
83,15 października,Premiera filmu Ucieczka z kina „Wolność” w reżyserii Wojciecha Marczewskiego .,1990.0-10-15,1990,10,15,2448180.5,710016.5,wikipedia,wikipedia_pl,https://pl.wikipedia.org/wiki/15_października#Wydarzenia_w_Polsce,pl,wydarzenia,,,,[],[],[],0.8,85eeabbfd837dda2a25e0b7116a1ae00,2025-11-04 00:25:20,2025-11-04 00:25:20
9,17 października,": Marius Copil , rumuński tenisista Falko Bindrich , niemiecki szachista Saki Kumagai , japońska piłkarka Patrick Lambie , południowoafrykański rugbysta pochodzenia szkocko-angielskiego Rafael Montero , dominikański baseballista Wieronika Mosina , rosyjska lekkoatletka, skoczkini w dal i trójskoczkini Nnamdi Oduamadi , nigeryjski piłkarz",1990.0-10-17,1990,10,17,2448182.5,710018.5,wikipedia,wikipedia_pl,https://pl.wikipedia.org/wiki/17_października#Urodzili_się,pl,urodzenia,,,,[],[],[],0.8,12716fb5c18822443bb98035669a632c,2025-11-04 00:25:20,2025-11-04 00:25:20
151,4 kwietnia,": Martine Ek Hagen , norweska biegaczka narciarska Laura Emonts , niemiecka siatkarka Asia Muhammad , amerykańska tenisistka Jamie Lynn Spears , amerykańska aktorka niezawodowa, piosenkarka Tereza Vanžurová , czeska siatkarka",1991.0-04-04,1991,4,4,2448351.5,710187.5,wikipedia,wikipedia_pl,https://pl.wikipedia.org/wiki/4_kwietnia#Urodzili_się,pl,urodzenia,,,,[],[],[],0.8,dd0f4e7e5beeba9a499df4e3ea856ef3,2025-11-04 00:25:20,2025-11-04 00:25:20
258,Research on medieval - Paper 4,This paper explores medieval from a historical perspective with modern analytical methods.,1991-05-15,1991,1,1,2448391.5,710227.5,scientific,mock_arxiv,https://arxiv.org/abs/mock.2.3,en,scientific_paper,journal_article,,,"[""Author 4"", ""Co-Author 4""]",[],"[""medieval""]",0.9,461aece9c4760c04605f331005bdbb6e,2025-11-04 00:25:20,2025-11-04 00:25:20
310,Research on chronology - Paper 16,This paper explores chronology from a historical perspective with modern analytical methods.,1991-09-21,1991,1,1,2448520.5,710356.5,scientific,mock_arxiv,https://arxiv.org/abs/mock.4.15,en,scientific_paper,journal_article,,,"[""Author 16"", ""Co-Author 16""]",[],"[""chronology""]",0.9,94a14986571285c8d99aca0c5615b67c,2025-11-04 00:25:20,2025-11-04 00:25:20
524,Research on chronology - Paper 10,This paper explores chronology from a historical perspective with modern analytical methods.,1991-12-11,1991,1,1,2448601.5,710437.5,scientific,mock_arxiv,https://arxiv.org/abs/mock.4.9,en,scientific_paper,journal_article,,,"[""Author 10"", ""Co-Author 10""]",[],"[""chronology""]",0.9,ab7e0a8f336e6f03548186c46ffa5e50,2025-11-04 00:42:42,2025-11-04 00:42:42
7,18 grudnia,": George Abecassis , brytyjski kierowca wyścigowy (ur. 1913 ) Maria Gajecka , polska technik hutnik, działaczka związkowa, partyjna i społeczna, polityk, poseł na Sejm PRL, prezydent Zawiercia (ur. 1922 ) Joey Smallwood , kanadyjski dziennikarz, polityk (ur. 1900 )",1991.0-12-18,1991,12,18,2448609.5,710445.5,wikipedia,wikipedia_pl,https://pl.wikipedia.org/wiki/18_grudnia#Zmarli,pl,zgony,,,,[],[],[],0.8,d4a3f46701645e6a33e8061241733b9a,2025-11-04 00:25:20,2025-11-04 00:25:20
97,5 stycznia,": Afriyie Acquah , ghański piłkarz Deng Deng , południowosudański koszykarz Stephan Leyhe , niemiecki skoczek narciarski Trent Sainsbury , australijski piłkarz",1992.0-01-05,1992,1,5,2448627.5,710463.5,wikipedia,wikipedia_pl,https://pl.wikipedia.org/wiki/5_stycznia#Urodzili_się,pl,urodzenia,,,,[],[],[],0.8,11bdb5a53831e45ddb77a51aef867489,2025-11-04 00:25:20,2025-11-04 00:25:20
165,8 października,": Willy Brandt , niemiecki polityk, kanclerz Niemiec , laureat Pokojowej Nagrody Nobla (ur. 1913 ) Janusz Deryng , polski architekt (ur. ?) Antoni Żukowski , polski aktor (ur. 1912 )",1992.0-10-08,1992,10,8,2448904.5,710740.5,wikipedia,wikipedia_pl,https://pl.wikipedia.org/wiki/8_października#Zmarli,pl,zgony,,,,[],[],[],0.8,f9c9ed37b4a7ba8bc743e0d9eea24ad9,2025-11-04 00:25:20,2025-11-04 00:25:20
301,Research on chronology - Paper 7,This paper explores chronology from a historical perspective with modern analytical methods.,1992-11-14,1992,1,1,2448940.5,710776.5,scientific,mock_arxiv,https://arxiv.org/abs/mock.4.6,en,scientific_paper,journal_article,,,"[""Author 7"", ""Co-Author 7""]",[],"[""chronology""]",0.9,5d776669ed0515ac503e881ab595bc7f,2025-11-04 00:25:20,2025-11-04 00:25:20
23,18 listopada,": Franciszek Bronowski , polski historyk, wykładowca akademicki (ur. 1928 ) Dorothy Kirsten , amerykańska śpiewaczka operowa, sopran (ur. 1910 ) Leon Kotarba , polski polityk, poseł na Sejm PRL (ur. 1924 )",1992.0-11-18,1992,11,18,2448945.5,710781.5,wikipedia,wikipedia_pl,https://pl.wikipedia.org/wiki/18_listopada#Zmarli,pl,zgony,,,,[],[],[],0.8,5cd8d300591b963d0b477c4e5a0b242c,2025-11-04 00:25:20,2025-11-04 00:25:20
406,Research on ancient - Paper 12,This paper explores ancient from a historical perspective with modern analytical methods.,1993-02-07,1993,1,1,2449025.5,710861.5,scientific,mock_arxiv,https://arxiv.org/abs/mock.3.11,en,scientific_paper,journal_article,,,"[""Author 12"", ""Co-Author 12""]",[],"[""ancient""]",0.9,cf70e5e769130497271e9076cc582295,2025-11-04 00:30:56,2025-11-04 00:30:56
109,22 kwietnia,Na GPW uruchomiono rynek równoległy .,1993.0-04-22,1993,4,22,2449100.5,710936.5,wikipedia,wikipedia_pl,https://pl.wikipedia.org/wiki/22_kwietnia#Wydarzenia_w_Polsce,pl,wydarzenia,,,,[],[],[],0.8,87b14d5171314f47d9af81096d440347,2025-11-04 00:25:20,2025-11-04 00:25:20
296,Research on chronology - Paper 2,This paper explores chronology from a historical perspective with modern analytical methods.,1993-05-24,1993,1,1,2449131.5,710967.5,scientific,mock_arxiv,https://arxiv.org/abs/mock.4.1,en,scientific_paper,journal_article,,,"[""Author 2"", ""Co-Author 2""]",[],"[""chronology""]",0.9,c7ad4d1e6c4535f50dd0f5f2b96cfdb9,2025-11-04 00:25:20,2025-11-04 00:25:20
118,23 sierpnia,": Kristine Breistøl , norweska piłkarka ręczna Sebastián Cristóforo , urugwajski piłkarz Winnie Nanyodo , ugandyjska lekkoatletka, biegaczka średniodystansowa Wojciech Rotowski , polski aktor Katarzyna Sokólska , polska lekkoatletka, sprinterka",1993.0-08-23,1993,8,23,2449223.5,711059.5,wikipedia,wikipedia_pl,https://pl.wikipedia.org/wiki/23_sierpnia#Urodzili_się,pl,urodzenia,,,,[],[],[],0.8,0b5e05eaecca3c99a5e7181d6f9c488c,2025-11-04 00:25:20,2025-11-04 00:25:20
89,11 września,": Katie Byres , brytyjska lekkoatletka, tyczkarka Nia Moore , amerykańska koszykarka Marcus Paige , amerykański koszykarz Martina Šamadan , chorwacka siatkarka",1993.0-09-11,1993,9,11,2449242.5,711078.5,wikipedia,wikipedia_pl,https://pl.wikipedia.org/wiki/11_września#Urodzili_się,pl,urodzenia,,,,[],[],[],0.8,b18a9a180b70ae2ef4eec9d268b91dcf,2025-11-04 00:25:20,2025-11-04 00:25:20
227,Research on history - Paper 13,This paper explores history from a historical perspective with modern analytical methods.,1993-10-04,1993,1,1,2449264.5,711100.5,scientific,mock_arxiv,https://arxiv.org/abs/mock.0.12,en,scientific_paper,journal_article,,,"[""Author 13"", ""Co-Author 13""]",[],"[""history""]",0.9,febf88eaf3452be03b76a3db0454c3a6,2025-11-04 00:25:20,2025-11-04 00:25:20
449,Research on history - Paper 15,This paper explores history from a historical perspective with modern analytical methods.,1994-02-16,1994,1,1,2449399.5,711235.5,scientific,mock_arxiv,https://arxiv.org/abs/mock.0.14,en,scientific_paper,journal_article,,,"[""Author 15"", ""Co-Author 15""]",[],"[""history""]",0.9,947e70b3182fd1dbbc24398ffee05a3c,2025-11-04 00:42:42,2025-11-04 00:42:42
520,Research on chronology - Paper 6,This paper explores chronology from a historical perspective with modern analytical methods.,1994-03-03,1994,1,1,2449414.5,711250.5,scientific,mock_arxiv,https://arxiv.org/abs/mock.4.5,en,scientific_paper,journal_article,,,"[""Author 6"", ""Co-Author 6""]",[],"[""chronology""]",0.9,a80af109f8879b037532973c52b8afe3,2025-11-04 00:42:42,2025-11-04 00:42:42
416,Research on chronology - Paper 2,This paper explores chronology from a historical perspective with modern analytical methods.,1994-04-24,1994,1,1,2449466.5,711302.5,scientific,mock_arxiv,https://arxiv.org/abs/mock.4.1,en,scientific_paper,journal_article,,,"[""Author 2"", ""Co-Author 2""]",[],"[""chronology""]",0.9,964e20e94dba01f0b0b15f9fff9aa1d8,2025-11-04 00:30:56,2025-11-04 00:30:56
369,Research on archaeology - Paper 15,This paper explores archaeology from a historical perspective with modern analytical methods.,1994-07-11,1994,1,1,2449544.5,711380.5,scientific,mock_arxiv,https://arxiv.org/abs/mock.1.14,en,scientific_paper,journal_article,,,"[""Author 15"", ""Co-Author 15""]",[],"[""archaeology""]",0.9,44c36794d3f03beca43716cfa1af3e3e,2025-11-04 00:30:56,2025-11-04 00:30:56
491,Research on medieval - Paper 17,This paper explores medieval from a historical perspective with modern analytical methods.,1994-09-05,1994,1,1,2449600.5,711436.5,scientific,mock_arxiv,https://arxiv.org/abs/mock.2.16,en,scientific_paper,journal_article,,,"[""Author 17"", ""Co-Author 17""]",[],"[""medieval""]",0.9,088d55ae1758bc36aedb6fdce8a29624,2025-11-04 00:42:42,2025-11-04 00:42:42
35,21 września,": Davide Ballerini , włoski kolarz szosowy John Bryant-Meisner , szwedzki kierowca wyścigowy Maé-Bérénice Méité , francuska łyżwiarka figurowa Benjamin Proud , brytyjski pływak Iłona Semkiw , ukraińska zapaśniczka",1994.0-09-21,1994,9,21,2449617.5,711453.5,wikipedia,wikipedia_pl,https://pl.wikipedia.org/wiki/21_września#Urodzili_się,pl,urodzenia,,,,[],[],[],0.8,b945ae5558e4424c6ba90ccb31334dfa,2025-11-04 00:25:20,2025-11-04 00:25:20
222,Research on history - Paper 8,This paper explores history from a historical perspective with modern analytical methods.,1994-10-11,1994,1,1,2449636.5,711472.5,scientific,mock_arxiv,https://arxiv.org/abs/mock.0.7,en,scientific_paper,journal_article,,,"[""Author 8"", ""Co-Author 8""]",[],"[""history""]",0.9,8f0cf42f7ce922c050057b0c0ccd01cd,2025-11-04 00:25:20,2025-11-04 00:25:20
456,Research on archaeology - Paper 2,This paper explores archaeology from a historical perspective with modern analytical methods.,1995-02-06,1995,1,1,2449754.5,711590.5,scientific,mock_arxiv,https://arxiv.org/abs/mock.1.1,en,scientific_paper,journal_article,,,"[""Author 2"", ""Co-Author 2""]",[],"[""archaeology""]",0.9,9a8f0ec832eb5a50e871892446e98628,2025-11-04 00:42:42,2025-11-04 00:42:42
215,Research on history - Paper 1,This paper explores history from a historical perspective with modern analytical methods.,1995-02-12,1995,1,1,2449760.5,711596.5,scientific,mock_arxiv,https://arxiv.org/abs/mock.0.0,en,scientific_paper,journal_article,,,"[""Author 1"", ""Co-Author 1""]",[],"[""history""]",0.9,a6c3b9ae249a225a1ae5b6f5f948a5e5,2025-11-04 00:25:20,2025-11-04 00:25:20
266,Research on medieval - Paper 12,This paper explores medieval from a historical perspective with modern analytical methods.,1995-04-10,1995,1,1,2449817.5,711653.5,scientific,mock_arxiv,https://arxiv.org/abs/mock.2.11,en,scientific_paper,journal_article,,,"[""Author 12"", ""Co-Author 12""]",[],"[""medieval""]",0.9,3f0fb369a0c278d209a77e3c216e928d,2025-11-04 00:25:20,2025-11-04 00:25:20
353,Research on history - Paper 19,This paper explores history from a historical perspective with modern analytical methods.,1995-04-27,1995,1,1,2449834.5,711670.5,scientific,mock_arxiv,https://arxiv.org/abs/mock.0.18,en,scientific_paper,journal_article,,,"[""Author 19"", ""Co-Author 19""]",[],"[""history""]",0.9,7f350f02384b364429b093e30603134f,2025-11-04 00:30:56,2025-11-04 00:30:56
163,27 czerwca,": Jorge Bilbao , hiszpański koszykarz Vladimir Egorov , macedoński zapaśnik Kinga Grześków , polska akrobatka Ryan Held , amerykański pływak Otar Kakabadze , gruziński piłkarz Monté Morris , amerykański koszykarz Elena Perinelli , włoska siatkarka Kiriłł Pogriebniak , rosyjski piłkarz",1995.0-06-27,1995,6,27,2449896.5,711732.5,wikipedia,wikipedia_pl,https://pl.wikipedia.org/wiki/27_czerwca#Urodzili_się,pl,urodzenia,,,,[],[],[],0.8,6104dfb3f5938619c2418f8f3fa5417b,2025-11-04 00:25:20,2025-11-04 00:25:20
506,Research on ancient - Paper 12,This paper explores ancient from a historical perspective with modern analytical methods.,1995-07-17,1995,1,1,2449915.5,711751.5,scientific,mock_arxiv,https://arxiv.org/abs/mock.3.11,en,scientific_paper,journal_article,,,"[""Author 12"", ""Co-Author 12""]",[],"[""ancient""]",0.9,32a6ce67c6b8afa5cf99a7dc163de440,2025-11-04 00:42:42,2025-11-04 00:42:42
359,Research on archaeology - Paper 5,This paper explores archaeology from a historical perspective with modern analytical methods.,1995-07-25,1995,1,1,2449923.5,711759.5,scientific,mock_arxiv,https://arxiv.org/abs/mock.1.4,en,scientific_paper,journal_article,,,"[""Author 5"", ""Co-Author 5""]",[],"[""archaeology""]",0.9,239baf64859bc142e1547cb8bca6bfd3,2025-11-04 00:30:56,2025-11-04 00:30:56
276,Research on ancient - Paper 2,This paper explores ancient from a historical perspective with modern analytical methods.,1995-08-23,1995,1,1,2449952.5,711788.5,scientific,mock_arxiv,https://arxiv.org/abs/mock.3.1,en,scientific_paper,journal_article,,,"[""Author 2"", ""Co-Author 2""]",[],"[""ancient""]",0.9,1761aa467131c61faf4fa2b6c57e07ca,2025-11-04 00:25:20,2025-11-04 00:25:20
423,Research on chronology - Paper 9,This paper explores chronology from a historical perspective with modern analytical methods.,1995-10-08,1995,1,1,2449998.5,711834.5,scientific,mock_arxiv,https://arxiv.org/abs/mock.4.8,en,scientific_paper,journal_article,,,"[""Author 9"", ""Co-Author 9""]",[],"[""chronology""]",0.9,e0299d91ec2167bf2973d50be4424c87,2025-11-04 00:30:56,2025-11-04 00:30:56
347,Research on history - Paper 13,This paper explores history from a historical perspective with modern analytical methods.,1995-10-17,1995,1,1,2450007.5,711843.5,scientific,mock_arxiv,https://arxiv.org/abs/mock.0.12,en,scientific_paper,journal_article,,,"[""Author 13"", ""Co-Author 13""]",[],"[""history""]",0.9,0ff30a133ade1779e2183b10c80e6b8f,2025-11-04 00:30:56,2025-11-04 00:30:56
95,22 października,": Kingsley Amis , brytyjski prozaik, poeta, krytyk literacki (ur. 1922 ) Åke Forsman , fiński piłkarz (ur. 1923 ) Inge Jaeger-Uhthoff , niemiecka rzeźbiarka (ur. 1902 ) Shefqet Peçi , albański poeta, prozaik, polityk (ur. 1906 ) Mary Wickes , amerykańska aktorka (ur. 1910 )",1995.0-10-22,1995,10,22,2450013.5,711849.5,wikipedia,wikipedia_pl,https://pl.wikipedia.org/wiki/22_października#Zmarli,pl,zgony,,,,[],[],[],0.8,a71700eb6f3f9c53d93ad2f793fa34d7,2025-11-04 00:25:20,2025-11-04 00:25:20
278,Research on ancient - Paper 4,This paper explores ancient from a historical perspective with modern analytical methods.,1995-11-21,1995,1,1,2450042.5,711878.5,scientific,mock_arxiv,https://arxiv.org/abs/mock.3.3,en,scientific_paper,journal_article,,,"[""Author 4"", ""Co-Author 4""]",[],"[""ancient""]",0.9,80f77f0e88660aa9d02bfbfd05e55178,2025-11-04 00:25:20,2025-11-04 00:25:20
419,Research on chronology - Paper 5,This paper explores chronology from a historical perspective with modern analytical methods.,1995-12-08,1995,1,1,2450059.5,711895.5,scientific,mock_arxiv,https://arxiv.org/abs/mock.4.4,en,scientific_paper,journal_article,,,"[""Author 5"", ""Co-Author 5""]",[],"[""chronology""]",0.9,d4ce59330e223f1bf055f7014693f38e,2025-11-04 00:30:56,2025-11-04 00:30:56
438,Research on history - Paper 4,This paper explores history from a historical perspective with modern analytical methods.,1995-12-22,1995,1,1,2450073.5,711909.5,scientific,mock_arxiv,https://arxiv.org/abs/mock.0.3,en,scientific_paper,journal_article,,,"[""Author 4"", ""Co-Author 4""]",[],"[""history""]",0.9,d1e43a0a3a50ed051575696bf5598f69,2025-11-04 00:42:42,2025-11-04 00:42:42
255,Research on medieval - Paper 1,This paper explores medieval from a historical perspective with modern analytical methods.,1996-05-01,1996,1,1,2450204.5,712040.5,scientific,mock_arxiv,https://arxiv.org/abs/mock.2.0,en,scientific_paper,journal_article,,,"[""Author 1"", ""Co-Author 1""]",[],"[""medieval""]",0.9,79564b397e6f507d36ebe13814b2fdba,2025-11-04 00:25:20,2025-11-04 00:25:20
280,Research on ancient - Paper 6,This paper explores ancient from a historical perspective with modern analytical methods.,1996-05-13,1996,1,1,2450216.5,712052.5,scientific,mock_arxiv,https://arxiv.org/abs/mock.3.5,en,scientific_paper,journal_article,,,"[""Author 6"", ""Co-Author 6""]",[],"[""ancient""]",0.9,a34f2294b6b840598617fb023c182f58,2025-11-04 00:25:20,2025-11-04 00:25:20
469,Research on archaeology - Paper 15,This paper explores archaeology from a historical perspective with modern analytical methods.,1996-06-11,1996,1,1,2450245.5,712081.5,scientific,mock_arxiv,https://arxiv.org/abs/mock.1.14,en,scientific_paper,journal_article,,,"[""Author 15"", ""Co-Author 15""]",[],"[""archaeology""]",0.9,8f8518aaba7d847c54c0e9956528c802,2025-11-04 00:42:42,2025-11-04 00:42:42
496,Research on ancient - Paper 2,This paper explores ancient from a historical perspective with modern analytical methods.,1996-08-17,1996,1,1,2450312.5,712148.5,scientific,mock_arxiv,https://arxiv.org/abs/mock.3.1,en,scientific_paper,journal_article,,,"[""Author 2"", ""Co-Author 2""]",[],"[""ancient""]",0.9,131f8de77ab0cb82bb825b0185176745,2025-11-04 00:42:42,2025-11-04 00:42:42
159,17 sierpnia,"Indi Hartwell , australijska wrestlerka",1996.0-08-17,1996,8,17,2450313.5,712149.5,wikipedia,wikipedia_pl,https://pl.wikipedia.org/wiki/17_sierpnia#Urodzili_się,pl,urodzenia,,,,[],[],[],0.8,6fdc1b10082846d6d5409b39709f9e04,2025-11-04 00:25:20,2025-11-04 00:25:20
185,16 września,": Vanessa Aleksander , polsko-słowacka aktorka Terence Groothusen , arubański piłkarz Álvaro Hodeg , kolumbijski kolarz szosowy",1996.0-09-16,1996,9,16,2450343.5,712179.5,wikipedia,wikipedia_pl,https://pl.wikipedia.org/wiki/16_września#Urodzili_się,pl,urodzenia,,,,[],[],[],0.8,54dc756eacb190f7ef3c6d17074b153a,2025-11-04 00:25:20,2025-11-04 00:25:20
478,Research on medieval - Paper 4,This paper explores medieval from a historical perspective with modern analytical methods.,1997-02-08,1997,1,1,2450487.5,712323.5,scientific,mock_arxiv,https://arxiv.org/abs/mock.2.3,en,scientific_paper,journal_article,,,"[""Author 4"", ""Co-Author 4""]",[],"[""medieval""]",0.9,fca6d26159bd129443028868de8159a6,2025-11-04 00:42:42,2025-11-04 00:42:42
166,6 kwietnia,": Ryszard Koniczek , polski historyk i teoretyk filmu (ur. 1931 ) Józef Sowada , polski malarz, rysownik, eseista, poeta (ur. 1956 )",1997.0-04-06,1997,4,6,2450545.5,712381.5,wikipedia,wikipedia_pl,https://pl.wikipedia.org/wiki/6_kwietnia#Zmarli,pl,zgony,,,,[],[],[],0.8,8e618eb483728080be7c2d31156db5f2,2025-11-04 00:25:20,2025-11-04 00:25:20
104,30 czerwca,": Toni Martínez , hiszpański piłkarz Olga Niedziałek , polska lekkoatletka, chodziarka Iryna Szymanowicz , białoruska tenisistka",1997.0-06-30,1997,6,30,2450630.5,712466.5,wikipedia,wikipedia_pl,https://pl.wikipedia.org/wiki/30_czerwca#Urodzili_się,pl,urodzenia,,,,[],[],[],0.8,e6f2377b5a6b0f7dab0a62d1ac68c03c,2025-11-04 00:25:20,2025-11-04 00:25:20
284,Research on ancient - Paper 10,This paper explores ancient from a historical perspective with modern analytical methods.,1997-10-06,1997,1,1,2450727.5,712563.5,scientific,mock_arxiv,https://arxiv.org/abs/mock.3.9,en,scientific_paper,journal_article,,,"[""Author 10"", ""Co-Author 10""]",[],"[""ancient""]",0.9,dece5f78cec044e183c5d8c43c7e3732,2025-11-04 00:25:20,2025-11-04 00:25:20
186,23 grudnia,": Carlik Jones , amerykański koszykarz Luka Jović , serbski piłkarz",1997.0-12-23,1997,12,23,2450806.5,712642.5,wikipedia,wikipedia_pl,https://pl.wikipedia.org/wiki/23_grudnia#Urodzili_się,pl,urodzenia,,,,[],[],[],0.8,99757a37e1fffbfcd46563b153bf50ee,2025-11-04 00:25:20,2025-11-04 00:25:20
447,Research on history - Paper 13,This paper explores history from a historical perspective with modern analytical methods.,1998-01-15,1998,1,1,2450828.5,712664.5,scientific,mock_arxiv,https://arxiv.org/abs/mock.0.12,en,scientific_paper,journal_article,,,"[""Author 13"", ""Co-Author 13""]",[],"[""history""]",0.9,ebdd14f91def48a5f43cd80ad34bd211,2025-11-04 00:42:42,2025-11-04 00:42:42
388,Research on medieval - Paper 14,This paper explores medieval from a historical perspective with modern analytical methods.,1998-03-18,1998,1,1,2450890.5,712726.5,scientific,mock_arxiv,https://arxiv.org/abs/mock.2.13,en,scientific_paper,journal_article,,,"[""Author 14"", ""Co-Author 14""]",[],"[""medieval""]",0.9,bcf94640cbd39ba502e9826ac5d0930f,2025-11-04 00:30:56,2025-11-04 00:30:56
512,Research on ancient - Paper 18,This paper explores ancient from a historical perspective with modern analytical methods.,1998-05-02,1998,1,1,2450935.5,712771.5,scientific,mock_arxiv,https://arxiv.org/abs/mock.3.17,en,scientific_paper,journal_article,,,"[""Author 18"", ""Co-Author 18""]",[],"[""ancient""]",0.9,6ba720860f3dac156f3a4dd0ac0d7935,2025-11-04 00:42:42,2025-11-04 00:42:42
376,Research on medieval - Paper 2,This paper explores medieval from a historical perspective with modern analytical methods.,1998-05-04,1998,1,1,2450937.5,712773.5,scientific,mock_arxiv,https://arxiv.org/abs/mock.2.1,en,scientific_paper,journal_article,,,"[""Author 2"", ""Co-Author 2""]",[],"[""medieval""]",0.9,b2364263b7f20a2f90ee87d1997b0eb3,2025-11-04 00:30:56,2025-11-04 00:30:56
272,Research on medieval - Paper 18,This paper explores medieval from a historical perspective with modern analytical methods.,1998-05-16,1998,1,1,2450949.5,712785.5,scientific,mock_arxiv,https://arxiv.org/abs/mock.2.17,en,scientific_paper,journal_article,,,"[""Author 18"", ""Co-Author 18""]",[],"[""medieval""]",0.9,2d6b96e31d33283db7f80c2cf7fd948a,2025-11-04 00:25:20,2025-11-04 00:25:20
521,Research on chronology - Paper 7,This paper explores chronology from a historical perspective with modern analytical methods.,1998-07-07,1998,1,1,2451001.5,712837.5,scientific,mock_arxiv,https://arxiv.org/abs/mock.4.6,en,scientific_paper,journal_article,,,"[""Author 7"", ""Co-Author 7""]",[],"[""chronology""]",0.9,d0e9b85803c4b749348b32d94cac31a8,2025-11-04 00:42:42,2025-11-04 00:42:42
354,Research on history - Paper 20,This paper explores history from a historical perspective with modern analytical methods.,1999-02-25,1999,1,1,2451234.5,713070.5,scientific,mock_arxiv,https://arxiv.org/abs/mock.0.19,en,scientific_paper,journal_article,,,"[""Author 20"", ""Co-Author 20""]",[],"[""history""]",0.9,41b7af932d66994296299f49b170888f,2025-11-04 00:30:56,2025-11-04 00:30:56
480,Research on medieval - Paper 6,This paper explores medieval from a historical perspective with modern analytical methods.,1999-12-13,1999,1,1,2451525.5,713361.5,scientific,mock_arxiv,https://arxiv.org/abs/mock.2.5,en,scientific_paper,journal_article,,,"[""Author 6"", ""Co-Author 6""]",[],"[""medieval""]",0.9,9faeb2e02c471c8019d711ee0bfb51e6,2025-11-04 00:42:42,2025-11-04 00:42:42
150,26 stycznia,": Don Budge , amerykański tenisista (ur. 1915 ) Alfred Elton van Vogt , kanadyjski pisarz science fiction (ur. 1912 )",2000.0-01-26,2000,1,26,2451570.5,713406.5,wikipedia,wikipedia_pl,https://pl.wikipedia.org/wiki/26_stycznia#Zmarli,pl,zgony,,,,[],[],[],0.8,5a8f08e05faa25b6560a8fb38226d95a,2025-11-04 00:25:20,2025-11-04 00:25:20
302,Research on chronology - Paper 8,This paper explores chronology from a historical perspective with modern analytical methods.,2000-06-21,2000,1,1,2451716.5,713552.5,scientific,mock_arxiv,https://arxiv.org/abs/mock.4.7,en,scientific_paper,journal_article,,,"[""Author 8"", ""Co-Author 8""]",[],"[""chronology""]",0.9,41b8263a9ff9f46e581ce919d9b34a45,2025-11-04 00:25:20,2025-11-04 00:25:20
527,Research on chronology - Paper 13,This paper explores chronology from a historical perspective with modern analytical methods.,2000-10-22,2000,1,1,2451839.5,713675.5,scientific,mock_arxiv,https://arxiv.org/abs/mock.4.12,en,scientific_paper,journal_article,,,"[""Author 13"", ""Co-Author 13""]",[],"[""chronology""]",0.9,349b0efbc0fcb442ab16bebb61e416f0,2025-11-04 00:42:42,2025-11-04 00:42:42
249,Research on archaeology - Paper 15,This paper explores archaeology from a historical perspective with modern analytical methods.,2000-11-24,2000,1,1,2451872.5,713708.5,scientific,mock_arxiv,https://arxiv.org/abs/mock.1.14,en,scientific_paper,journal_article,,,"[""Author 15"", ""Co-Author 15""]",[],"[""archaeology""]",0.9,3ee5f91a1cba4399e1194a0390cca511,2025-11-04 00:25:20,2025-11-04 00:25:20
132,9 kwietnia,": Sinaly Diomandé , iworyjski piłkarz Uziel García , meksykański piłkarz Mauricio Isais , meksykański piłkarz Aleksander Paluszek , polski piłkarz Brooke Raboutou , amerykańska wspinaczka sportowa",2001.0-04-09,2001,4,9,2452009.5,713845.5,wikipedia,wikipedia_pl,https://pl.wikipedia.org/wiki/9_kwietnia#Urodzili_się,pl,urodzenia,,,,[],[],[],0.8,6ecc91995c7f8e8acff181ba08487672,2025-11-04 00:25:20,2025-11-04 00:25:20
340,Research on history - Paper 6,This paper explores history from a historical perspective with modern analytical methods.,2001-05-13,2001,1,1,2452042.5,713878.5,scientific,mock_arxiv,https://arxiv.org/abs/mock.0.5,en,scientific_paper,journal_article,,,"[""Author 6"", ""Co-Author 6""]",[],"[""history""]",0.9,359f47a36cff8e7f4456ed05db6158cc,2025-11-04 00:30:56,2025-11-04 00:30:56
457,Research on archaeology - Paper 3,This paper explores archaeology from a historical perspective with modern analytical methods.,2001-08-01,2001,1,1,2452122.5,713958.5,scientific,mock_arxiv,https://arxiv.org/abs/mock.1.2,en,scientific_paper,journal_article,,,"[""Author 3"", ""Co-Author 3""]",[],"[""archaeology""]",0.9,39b1ac82c783aed9648595e289774de7,2025-11-04 00:42:42,2025-11-04 00:42:42
291,Research on ancient - Paper 17,This paper explores ancient from a historical perspective with modern analytical methods.,2001-10-05,2001,1,1,2452187.5,714023.5,scientific,mock_arxiv,https://arxiv.org/abs/mock.3.16,en,scientific_paper,journal_article,,,"[""Author 17"", ""Co-Author 17""]",[],"[""ancient""]",0.9,d5d48022b5ed4efa8600bb09affea1ee,2025-11-04 00:25:20,2025-11-04 00:25:20
505,Research on ancient - Paper 11,This paper explores ancient from a historical perspective with modern analytical methods.,2001-10-22,2001,1,1,2452204.5,714040.5,scientific,mock_arxiv,https://arxiv.org/abs/mock.3.10,en,scientific_paper,journal_article,,,"[""Author 11"", ""Co-Author 11""]",[],"[""ancient""]",0.9,ffab7a727bc8353ff9ce9ef52dc41643,2025-11-04 00:42:42,2025-11-04 00:42:42
88,25 grudnia,": Jan Bielecki , polski informatyk (ur. 1942 ) Kazimierz Łabudź , polski aktor, śpiewak (ur. 1909 ) Alfred Tomatis , francuski otolaryngolog (ur. 1920 )",2001.0-12-25,2001,12,25,2452269.5,714105.5,wikipedia,wikipedia_pl,https://pl.wikipedia.org/wiki/25_grudnia#Zmarli,pl,zgony,,,,[],[],[],0.8,8be54d05d9296e296225384104a4e182,2025-11-04 00:25:20,2025-11-04 00:25:20
225,Research on history - Paper 11,This paper explores history from a historical perspective with modern analytical methods.,2002-05-06,2002,1,1,2452400.5,714236.5,scientific,mock_arxiv,https://arxiv.org/abs/mock.0.10,en,scientific_paper,journal_article,,,"[""Author 11"", ""Co-Author 11""]",[],"[""history""]",0.9,90249cb41a3280f99285f757092198f3,2025-11-04 00:25:20,2025-11-04 00:25:20
269,Research on medieval - Paper 15,This paper explores medieval from a historical perspective with modern analytical methods.,2002-06-21,2002,1,1,2452446.5,714282.5,scientific,mock_arxiv,https://arxiv.org/abs/mock.2.14,en,scientific_paper,journal_article,,,"[""Author 15"", ""Co-Author 15""]",[],"[""medieval""]",0.9,daa515dbc23f8d1e9037e9f869b3d1d8,2025-11-04 00:25:20,2025-11-04 00:25:20
236,Research on archaeology - Paper 2,This paper explores archaeology from a historical perspective with modern analytical methods.,2002-10-04,2002,1,1,2452551.5,714387.5,scientific,mock_arxiv,https://arxiv.org/abs/mock.1.1,en,scientific_paper,journal_article,,,"[""Author 2"", ""Co-Author 2""]",[],"[""archaeology""]",0.9,98180d8399f7ec2d20a24d481fd97507,2025-11-04 00:25:20,2025-11-04 00:25:20
287,Research on ancient - Paper 13,This paper explores ancient from a historical perspective with modern analytical methods.,2002-10-19,2002,1,1,2452566.5,714402.5,scientific,mock_arxiv,https://arxiv.org/abs/mock.3.12,en,scientific_paper,journal_article,,,"[""Author 13"", ""Co-Author 13""]",[],"[""ancient""]",0.9,11745b16b0a613738570cca723f00f7c,2025-11-04 00:25:20,2025-11-04 00:25:20
462,Research on archaeology - Paper 8,This paper explores archaeology from a historical perspective with modern analytical methods.,2002-12-23,2002,1,1,2452631.5,714467.5,scientific,mock_arxiv,https://arxiv.org/abs/mock.1.7,en,scientific_paper,journal_article,,,"[""Author 8"", ""Co-Author 8""]",[],"[""archaeology""]",0.9,777d2689bc3fb847239be5bb8af6fae5,2025-11-04 00:42:42,2025-11-04 00:42:42
364,Research on archaeology - Paper 10,This paper explores archaeology from a historical perspective with modern analytical methods.,2003-02-17,2003,1,1,2452687.5,714523.5,scientific,mock_arxiv,https://arxiv.org/abs/mock.1.9,en,scientific_paper,journal_article,,,"[""Author 10"", ""Co-Author 10""]",[],"[""archaeology""]",0.9,4ab4b21eb13298f2241112d68382239d,2025-11-04 00:30:56,2025-11-04 00:30:56
257,Research on medieval - Paper 3,This paper explores medieval from a historical perspective with modern analytical methods.,2003-05-18,2003,1,1,2452777.5,714613.5,scientific,mock_arxiv,https://arxiv.org/abs/mock.2.2,en,scientific_paper,journal_article,,,"[""Author 3"", ""Co-Author 3""]",[],"[""medieval""]",0.9,bc242e493cda84c62443044ab7320d2a,2025-11-04 00:25:20,2025-11-04 00:25:20
74,23 sierpnia,": Hansjochem Autrum , niemiecki zoolog (ur. 1907 ) Bobby Bonds , amerykański baseballista (ur. 1946 ) Maurice Buret , francuski jeździec sportowy (ur. 1909 )",2003.0-08-23,2003,8,23,2452875.5,714711.5,wikipedia,wikipedia_pl,https://pl.wikipedia.org/wiki/23_sierpnia#Zmarli,pl,zgony,,,,[],[],[],0.8,fc1e3c1bed23913e54d3c75e029280ea,2025-11-04 00:25:20,2025-11-04 00:25:20
281,Research on ancient - Paper 7,This paper explores ancient from a historical perspective with modern analytical methods.,2003-12-16,2003,1,1,2452989.5,714825.5,scientific,mock_arxiv,https://arxiv.org/abs/mock.3.6,en,scientific_paper,journal_article,,,"[""Author 7"", ""Co-Author 7""]",[],"[""ancient""]",0.9,8f5231df8d1a6ecd03d8c6fa56f14cb1,2025-11-04 00:25:20,2025-11-04 00:25:20
193,7 stycznia,": Isaac Cooper , australijski pływak Alexandria Loutitt , kanadyjska skoczkini narciarska",2004.0-01-07,2004,1,7,2453012.5,714848.5,wikipedia,wikipedia_pl,https://pl.wikipedia.org/wiki/7_stycznia#Urodzili_się,pl,urodzenia,,,,[],[],[],0.8,32f926a8990ae44a032f526497eb044a,2025-11-04 00:25:20,2025-11-04 00:25:20
487,Research on medieval - Paper 13,This paper explores medieval from a historical perspective with modern analytical methods.,2004-03-02,2004,1,1,2453066.5,714902.5,scientific,mock_arxiv,https://arxiv.org/abs/mock.2.12,en,scientific_paper,journal_article,,,"[""Author 13"", ""Co-Author 13""]",[],"[""medieval""]",0.9,c2e38453060f657bbc055a3cdac279e3,2025-11-04 00:42:42,2025-11-04 00:42:42
262,Research on medieval - Paper 8,This paper explores medieval from a historical perspective with modern analytical methods.,2004-05-15,2004,1,1,2453140.5,714976.5,scientific,mock_arxiv,https://arxiv.org/abs/mock.2.7,en,scientific_paper,journal_article,,,"[""Author 8"", ""Co-Author 8""]",[],"[""medieval""]",0.9,b33fa3eb886a958491f544f61ed27f1b,2025-11-04 00:25:20,2025-11-04 00:25:20
3,12 czerwca,"Arthur Fils , francuski tenisista",2004.0-06-12,2004,6,12,2453169.5,715005.5,wikipedia,wikipedia_pl,https://pl.wikipedia.org/wiki/12_czerwca#Urodzili_się,pl,urodzenia,,,,[],[],[],0.8,081eae5bd2dfa7d4bd9dbaee5215caec,2025-11-04 00:25:20,2025-11-04 00:25:20
465,Research on archaeology - Paper 11,This paper explores archaeology from a historical perspective with modern analytical methods.,2004-08-25,2004,1,1,2453242.5,715078.5,scientific,mock_arxiv,https://arxiv.org/abs/mock.1.10,en,scientific_paper,journal_article,,,"[""Author 11"", ""Co-Author 11""]",[],"[""archaeology""]",0.9,8a28f7aa4c3264702a875204f95e4f37,2025-11-04 00:42:42,2025-11-04 00:42:42
377,Research on medieval - Paper 3,This paper explores medieval from a historical perspective with modern analytical methods.,2005-01-10,2005,1,1,2453380.5,715216.5,scientific,mock_arxiv,https://arxiv.org/abs/mock.2.2,en,scientific_paper,journal_article,,,"[""Author 3"", ""Co-Author 3""]",[],"[""medieval""]",0.9,3677d5a873e4ecc4a38dd8e0a76571df,2025-11-04 00:30:56,2025-11-04 00:30:56
442,Research on history - Paper 8,This paper explores history from a historical perspective with modern analytical methods.,2005-01-25,2005,1,1,2453395.5,715231.5,scientific,mock_arxiv,https://arxiv.org/abs/mock.0.7,en,scientific_paper,journal_article,,,"[""Author 8"", ""Co-Author 8""]",[],"[""history""]",0.9,877edd61cb85016bd576dfda8a954370,2025-11-04 00:42:42,2025-11-04 00:42:42
498,Research on ancient - Paper 4,This paper explores ancient from a historical perspective with modern analytical methods.,2005-06-02,2005,1,1,2453523.5,715359.5,scientific,mock_arxiv,https://arxiv.org/abs/mock.3.3,en,scientific_paper,journal_article,,,"[""Author 4"", ""Co-Author 4""]",[],"[""ancient""]",0.9,08dc04dd5f11d83bbb92376148017617,2025-11-04 00:42:42,2025-11-04 00:42:42
314,Research on chronology - Paper 20,This paper explores chronology from a historical perspective with modern analytical methods.,2005-12-11,2005,1,1,2453715.5,715551.5,scientific,mock_arxiv,https://arxiv.org/abs/mock.4.19,en,scientific_paper,journal_article,,,"[""Author 20"", ""Co-Author 20""]",[],"[""chronology""]",0.9,21e54737019f5bcce6deee03aef6025f,2025-11-04 00:25:20,2025-11-04 00:25:20
382,Research on medieval - Paper 8,This paper explores medieval from a historical perspective with modern analytical methods.,2006-05-14,2006,1,1,2453869.5,715705.5,scientific,mock_arxiv,https://arxiv.org/abs/mock.2.7,en,scientific_paper,journal_article,,,"[""Author 8"", ""Co-Author 8""]",[],"[""medieval""]",0.9,f23c9b7e2928c69ac438fa7aa27fef91,2025-11-04 00:30:56,2025-11-04 00:30:56
476,Research on medieval - Paper 2,This paper explores medieval from a historical perspective with modern analytical methods.,2006-07-27,2006,1,1,2453943.5,715779.5,scientific,mock_arxiv,https://arxiv.org/abs/mock.2.1,en,scientific_paper,journal_article,,,"[""Author 2"", ""Co-Author 2""]",[],"[""medieval""]",0.9,60fb9d5c0c24e91a94bea0fcbe5a2e18,2025-11-04 00:42:42,2025-11-04 00:42:42
401,Research on ancient - Paper 7,This paper explores ancient from a historical perspective with modern analytical methods.,2006-11-09,2006,1,1,2454048.5,715884.5,scientific,mock_arxiv,https://arxiv.org/abs/mock.3.6,en,scientific_paper,journal_article,,,"[""Author 7"", ""Co-Author 7""]",[],"[""ancient""]",0.9,425015fa403cbeee977fd0bea6ba70b7,2025-11-04 00:30:56,2025-11-04 00:30:56
443,Research on history - Paper 9,This paper explores history from a historical perspective with modern analytical methods.,2006-11-09,2006,1,1,2454048.5,715884.5,scientific,mock_arxiv,https://arxiv.org/abs/mock.0.8,en,scientific_paper,journal_article,,,"[""Author 9"", ""Co-Author 9""]",[],"[""history""]",0.9,ec8a2fd655a9678d6b563e11e9efea58,2025-11-04 00:42:42,2025-11-04 00:42:42
371,Research on archaeology - Paper 17,This paper explores archaeology from a historical perspective with modern analytical methods.,2007-02-01,2007,1,1,2454132.5,715968.5,scientific,mock_arxiv,https://arxiv.org/abs/mock.1.16,en,scientific_paper,journal_article,,,"[""Author 17"", ""Co-Author 17""]",[],"[""archaeology""]",0.9,7ea8d562094492fba0832b2f565a4ad6,2025-11-04 00:30:56,2025-11-04 00:30:56
55,24 kwietnia,"Estêvão , brazylijski piłkarz",2007.0-04-24,2007,4,24,2454215.5,716051.5,wikipedia,wikipedia_pl,https://pl.wikipedia.org/wiki/24_kwietnia#Urodzili_się,pl,urodzenia,,,,[],[],[],0.8,d01a061e0148067f6086b21824427b5d,2025-11-04 00:25:20,2025-11-04 00:25:20
306,Research on chronology - Paper 12,This paper explores chronology from a historical perspective with modern analytical methods.,2007-05-13,2007,1,1,2454233.5,716069.5,scientific,mock_arxiv,https://arxiv.org/abs/mock.4.11,en,scientific_paper,journal_article,,,"[""Author 12"", ""Co-Author 12""]",[],"[""chronology""]",0.9,3ec2469fbae834006cd079fc2d7ab0c1,2025-11-04 00:25:20,2025-11-04 00:25:20
192,23 sierpnia,": Bernard Kacperak , polski żużlowiec (ur. 1933 ) Adam Strug , polski dziennikarz, publicysta, pisarz (ur. 1927 )",2007.0-08-23,2007,8,23,2454336.5,716172.5,wikipedia,wikipedia_pl,https://pl.wikipedia.org/wiki/23_sierpnia#Zmarli,pl,zgony,,,,[],[],[],0.8,1bf4a1c956b657d85ea1a0a97bef582e,2025-11-04 00:25:20,2025-11-04 00:25:20
392,Research on medieval - Paper 18,This paper explores medieval from a historical perspective with modern analytical methods.,2007-09-19,2007,1,1,2454362.5,716198.5,scientific,mock_arxiv,https://arxiv.org/abs/mock.2.17,en,scientific_paper,journal_article,,,"[""Author 18"", ""Co-Author 18""]",[],"[""medieval""]",0.9,eef91a75522272a0b2cf6e12c6fa1bfa,2025-11-04 00:30:56,2025-11-04 00:30:56
396,Research on ancient - Paper 2,This paper explores ancient from a historical perspective with modern analytical methods.,2008-07-23,2008,1,1,2454670.5,716506.5,scientific,mock_arxiv,https://arxiv.org/abs/mock.3.1,en,scientific_paper,journal_article,,,"[""Author 2"", ""Co-Author 2""]",[],"[""ancient""]",0.9,164a10b185bfc0bde8b3cb5fe844410d,2025-11-04 00:30:56,2025-11-04 00:30:56
350,Research on history - Paper 16,This paper explores history from a historical perspective with modern analytical methods.,2008-11-03,2008,1,1,2454773.5,716609.5,scientific,mock_arxiv,https://arxiv.org/abs/mock.0.15,en,scientific_paper,journal_article,,,"[""Author 16"", ""Co-Author 16""]",[],"[""history""]",0.9,037defa5cba1117d693f78654e0bbeac,2025-11-04 00:30:56,2025-11-04 00:30:56
311,Research on chronology - Paper 17,This paper explores chronology from a historical perspective with modern analytical methods.,2009-03-24,2009,1,1,2454914.5,716750.5,scientific,mock_arxiv,https://arxiv.org/abs/mock.4.16,en,scientific_paper,journal_article,,,"[""Author 17"", ""Co-Author 17""]",[],"[""chronology""]",0.9,2dfef1fef0c4fdc617351156bb003a7d,2025-11-04 00:25:20,2025-11-04 00:25:20
455,Research on archaeology - Paper 1,This paper explores archaeology from a historical perspective with modern analytical methods.,2009-04-24,2009,1,1,2454945.5,716781.5,scientific,mock_arxiv,https://arxiv.org/abs/mock.1.0,en,scientific_paper,journal_article,,,"[""Author 1"", ""Co-Author 1""]",[],"[""archaeology""]",0.9,b37469cd22ec0cb892ebf2f48fd8c493,2025-11-04 00:42:42,2025-11-04 00:42:42
485,Research on medieval - Paper 11,This paper explores medieval from a historical perspective with modern analytical methods.,2009-08-14,2009,1,1,2455057.5,716893.5,scientific,mock_arxiv,https://arxiv.org/abs/mock.2.10,en,scientific_paper,journal_article,,,"[""Author 11"", ""Co-Author 11""]",[],"[""medieval""]",0.9,a74e5c1f681fcce1761464c72b4950ae,2025-11-04 00:42:42,2025-11-04 00:42:42
221,Research on history - Paper 7,This paper explores history from a historical perspective with modern analytical methods.,2009-10-14,2009,1,1,2455118.5,716954.5,scientific,mock_arxiv,https://arxiv.org/abs/mock.0.6,en,scientific_paper,journal_article,,,"[""Author 7"", ""Co-Author 7""]",[],"[""history""]",0.9,085ce83b63cee29003b1c15159c9569d,2025-11-04 00:25:20,2025-11-04 00:25:20
504,Research on ancient - Paper 10,This paper explores ancient from a historical perspective with modern analytical methods.,2009-12-13,2009,1,1,2455178.5,717014.5,scientific,mock_arxiv,https://arxiv.org/abs/mock.3.9,en,scientific_paper,journal_article,,,"[""Author 10"", ""Co-Author 10""]",[],"[""ancient""]",0.9,4a4a793dac21ffd1a108637fdae0fedc,2025-11-04 00:42:42,2025-11-04 00:42:42
433,Research on chronology - Paper 19,This paper explores chronology from a historical perspective with modern analytical methods.,2009-12-14,2009,1,1,2455179.5,717015.5,scientific,mock_arxiv,https://arxiv.org/abs/mock.4.18,en,scientific_paper,journal_article,,,"[""Author 19"", ""Co-Author 19""]",[],"[""chronology""]",0.9,2ad487c728f8606297c7ace217cdaf72,2025-11-04 00:30:56,2025-11-04 00:30:56
285,Research on ancient - Paper 11,This paper explores ancient from a historical perspective with modern analytical methods.,2010-01-14,2010,1,1,2455210.5,717046.5,scientific,mock_arxiv,https://arxiv.org/abs/mock.3.10,en,scientific_paper,journal_article,,,"[""Author 11"", ""Co-Author 11""]",[],"[""ancient""]",0.9,1913959ee26c3e3c11f86b870f69b6c3,2025-11-04 00:25:20,2025-11-04 00:25:20
243,Research on archaeology - Paper 9,This paper explores archaeology from a historical perspective with modern analytical methods.,2010-07-25,2010,1,1,2455402.5,717238.5,scientific,mock_arxiv,https://arxiv.org/abs/mock.1.8,en,scientific_paper,journal_article,,,"[""Author 9"", ""Co-Author 9""]",[],"[""archaeology""]",0.9,ebdc9f7a0afda5ebd128d4cd222dbc76,2025-11-04 00:25:20,2025-11-04 00:25:20
492,Research on medieval - Paper 18,This paper explores medieval from a historical perspective with modern analytical methods.,2010-11-23,2010,1,1,2455523.5,717359.5,scientific,mock_arxiv,https://arxiv.org/abs/mock.2.17,en,scientific_paper,journal_article,,,"[""Author 18"", ""Co-Author 18""]",[],"[""medieval""]",0.9,0c7885a9c17790e950f5a8fd03c93d1c,2025-11-04 00:42:42,2025-11-04 00:42:42
460,Research on archaeology - Paper 6,This paper explores archaeology from a historical perspective with modern analytical methods.,2011-03-16,2011,1,1,2455636.5,717472.5,scientific,mock_arxiv,https://arxiv.org/abs/mock.1.5,en,scientific_paper,journal_article,,,"[""Author 6"", ""Co-Author 6""]",[],"[""archaeology""]",0.9,22ecb38146d922e3509c0d5517f456c6,2025-11-04 00:42:42,2025-11-04 00:42:42
494,Research on medieval - Paper 20,This paper explores medieval from a historical perspective with modern analytical methods.,2011-04-17,2011,1,1,2455668.5,717504.5,scientific,mock_arxiv,https://arxiv.org/abs/mock.2.19,en,scientific_paper,journal_article,,,"[""Author 20"", ""Co-Author 20""]",[],"[""medieval""]",0.9,e5881f2992a74fc9d0a33c6876d3f8c1,2025-11-04 00:42:42,2025-11-04 00:42:42
335,Research on history - Paper 1,This paper explores history from a historical perspective with modern analytical methods.,2011-06-23,2011,1,1,2455735.5,717571.5,scientific,mock_arxiv,https://arxiv.org/abs/mock.0.0,en,scientific_paper,journal_article,,,"[""Author 1"", ""Co-Author 1""]",[],"[""history""]",0.9,959dd163a55cb1fd106642db644aa340,2025-11-04 00:30:56,2025-11-04 00:30:56
389,Research on medieval - Paper 15,This paper explores medieval from a historical perspective with modern analytical methods.,2011-08-21,2011,1,1,2455794.5,717630.5,scientific,mock_arxiv,https://arxiv.org/abs/mock.2.14,en,scientific_paper,journal_article,,,"[""Author 15"", ""Co-Author 15""]",[],"[""medieval""]",0.9,ad540d1b2eff0d506bbdbb7dee8c467d,2025-11-04 00:30:56,2025-11-04 00:30:56
495,Research on ancient - Paper 1,This paper explores ancient from a historical perspective with modern analytical methods.,2012-02-28,2012,1,1,2455985.5,717821.5,scientific,mock_arxiv,https://arxiv.org/abs/mock.3.0,en,scientific_paper,journal_article,,,"[""Author 1"", ""Co-Author 1""]",[],"[""ancient""]",0.9,fa4ddb2b4b8fc8f5e2f6a1ce657742fc,2025-11-04 00:42:42,2025-11-04 00:42:42
252,Research on archaeology - Paper 18,This paper explores archaeology from a historical perspective with modern analytical methods.,2012-05-19,2012,1,1,2456066.5,717902.5,scientific,mock_arxiv,https://arxiv.org/abs/mock.1.17,en,scientific_paper,journal_article,,,"[""Author 18"", ""Co-Author 18""]",[],"[""archaeology""]",0.9,b125c384095837b4c13c238a108f57de,2025-11-04 00:25:20,2025-11-04 00:25:20
313,Research on chronology - Paper 19,This paper explores chronology from a historical perspective with modern analytical methods.,2012-07-26,2012,1,1,2456134.5,717970.5,scientific,mock_arxiv,https://arxiv.org/abs/mock.4.18,en,scientific_paper,journal_article,,,"[""Author 19"", ""Co-Author 19""]",[],"[""chronology""]",0.9,b059a2d6d884f6a74b637e87f38dd854,2025-11-04 00:25:20,2025-11-04 00:25:20
429,Research on chronology - Paper 15,This paper explores chronology from a historical perspective with modern analytical methods.,2012-08-03,2012,1,1,2456142.5,717978.5,scientific,mock_arxiv,https://arxiv.org/abs/mock.4.14,en,scientific_paper,journal_article,,,"[""Author 15"", ""Co-Author 15""]",[],"[""chronology""]",0.9,f9d015d5ac71b0b4dfaf0d987e831048,2025-11-04 00:30:56,2025-11-04 00:30:56
219,Research on history - Paper 5,This paper explores history from a historical perspective with modern analytical methods.,2012-11-08,2012,1,1,2456239.5,718075.5,scientific,mock_arxiv,https://arxiv.org/abs/mock.0.4,en,scientific_paper,journal_article,,,"[""Author 5"", ""Co-Author 5""]",[],"[""history""]",0.9,3541aac06caf05761873ef0180aa571f,2025-11-04 00:25:20,2025-11-04 00:25:20
204,27 listopada,": Erik Izraelewicz , francuski dziennikarz pochodzenia polsko-żydowskiego (ur. 1954 ) Pascal Kalemba , kongijski piłkarz (ur. 1979 ) Kazimierz Suder , polski duchowny katolicki, protonotariusz apostolski (ur. 1922 )",2012.0-11-27,2012,11,27,2456259.5,718095.5,wikipedia,wikipedia_pl,https://pl.wikipedia.org/wiki/27_listopada#Zmarli,pl,zgony,,,,[],[],[],0.8,4681c29eefb02136714fac675e3a2658,2025-11-04 00:25:20,2025-11-04 00:25:20
489,Research on medieval - Paper 15,This paper explores medieval from a historical perspective with modern analytical methods.,2012-12-01,2012,1,1,2456262.5,718098.5,scientific,mock_arxiv,https://arxiv.org/abs/mock.2.14,en,scientific_paper,journal_article,,,"[""Author 15"", ""Co-Author 15""]",[],"[""medieval""]",0.9,37a9222d18657b22b24d8f09d416fa5e,2025-11-04 00:42:42,2025-11-04 00:42:42
270,Research on medieval - Paper 16,This paper explores medieval from a historical perspective with modern analytical methods.,2012-12-23,2012,1,1,2456284.5,718120.5,scientific,mock_arxiv,https://arxiv.org/abs/mock.2.15,en,scientific_paper,journal_article,,,"[""Author 16"", ""Co-Author 16""]",[],"[""medieval""]",0.9,d22aaec8c5cec0828f5b579831639126,2025-11-04 00:25:20,2025-11-04 00:25:20
14,30 grudnia,": Mike Hopkins , nowozelandzki montażysta dźwięku (ur. 1959 ) Rita Levi-Montalcini , włoska embriolog, neurolog, laureatka Nagrody Nobla (ur. 1909 ) Beate Sirota Gordon , japońska feministka pochodzenia żydowskiego (ur. 1923 ) Carl Woese , amerykański mikrobiolog, fizyk (ur. 1928 )",2012.0-12-30,2012,12,30,2456292.5,718128.5,wikipedia,wikipedia_pl,https://pl.wikipedia.org/wiki/30_grudnia#Zmarli,pl,zgony,,,,[],[],[],0.8,09558f4c8f8be0ef319802c36d547c11,2025-11-04 00:25:20,2025-11-04 00:25:20
411,Research on ancient - Paper 17,This paper explores ancient from a historical perspective with modern analytical methods.,2013-09-24,2013,1,1,2456559.5,718395.5,scientific,mock_arxiv,https://arxiv.org/abs/mock.3.16,en,scientific_paper,journal_article,,,"[""Author 17"", ""Co-Author 17""]",[],"[""ancient""]",0.9,74d32aced02a98e50dd022833bb3b2cd,2025-11-04 00:30:56,2025-11-04 00:30:56
362,Research on archaeology - Paper 8,This paper explores archaeology from a historical perspective with modern analytical methods.,2013-10-13,2013,1,1,2456578.5,718414.5,scientific,mock_arxiv,https://arxiv.org/abs/mock.1.7,en,scientific_paper,journal_article,,,"[""Author 8"", ""Co-Author 8""]",[],"[""archaeology""]",0.9,35930861705cb707298baeec7bd809c2,2025-11-04 00:30:56,2025-11-04 00:30:56
230,Research on history - Paper 16,This paper explores history from a historical perspective with modern analytical methods.,2014-04-25,2014,1,1,2456772.5,718608.5,scientific,mock_arxiv,https://arxiv.org/abs/mock.0.15,en,scientific_paper,journal_article,,,"[""Author 16"", ""Co-Author 16""]",[],"[""history""]",0.9,82beffeb024c964d5d26fad723e41af2,2025-11-04 00:25:20,2025-11-04 00:25:20
265,Research on medieval - Paper 11,This paper explores medieval from a historical perspective with modern analytical methods.,2014-10-20,2014,1,1,2456950.5,718786.5,scientific,mock_arxiv,https://arxiv.org/abs/mock.2.10,en,scientific_paper,journal_article,,,"[""Author 11"", ""Co-Author 11""]",[],"[""medieval""]",0.9,fd92e1f8d3cdef63b9c53633171b1523,2025-11-04 00:25:20,2025-11-04 00:25:20
395,Research on ancient - Paper 1,This paper explores ancient from a historical perspective with modern analytical methods.,2015-03-15,2015,1,1,2457096.5,718932.5,scientific,mock_arxiv,https://arxiv.org/abs/mock.3.0,en,scientific_paper,journal_article,,,"[""Author 1"", ""Co-Author 1""]",[],"[""ancient""]",0.9,d6b587ec027e2a336b092793953042e6,2025-11-04 00:30:56,2025-11-04 00:30:56
307,Research on chronology - Paper 13,This paper explores chronology from a historical perspective with modern analytical methods.,2015-05-17,2015,1,1,2457159.5,718995.5,scientific,mock_arxiv,https://arxiv.org/abs/mock.4.12,en,scientific_paper,journal_article,,,"[""Author 13"", ""Co-Author 13""]",[],"[""chronology""]",0.9,77a1ad26b78d27cca3cf1cd12584d368,2025-11-04 00:25:20,2025-11-04 00:25:20
51,7 października,": Anne Pashley , brytyjska lekkoatletka, sprinterka (ur. 1935 ) Wolfgang Suschitzky , brytyjski fotograf, operator filmowy pochodzenia austriackiego (ur. 1912 )",2016.0-10-07,2016,10,7,2457669.5,719505.5,wikipedia,wikipedia_pl,https://pl.wikipedia.org/wiki/7_października#Zmarli,pl,zgony,,,,[],[],[],0.8,44b886b992f4158c568c8d63fe38b0bc,2025-11-04 00:25:20,2025-11-04 00:25:20
212,16 października,"Zakończył się synod Kościoła Ewangelicko-Augsburskiego w RP w Cieszynie , podczas którego przyjęto między innymi zmiany w przepisach kościelnych, umożliwiające diakonom przewodniczenie nabożeństwom z Sakramentem Wieczerzy Pańskiej (przepisy weszły w życie z dniem 1 stycznia 2017 roku).",2016.0-10-16,2016,10,16,2457678.5,719514.5,wikipedia,wikipedia_pl,https://pl.wikipedia.org/wiki/16_października#Wydarzenia_w_Polsce,pl,wydarzenia,,,,[],[],[],0.8,8d18981b873daa848d4b510b53d8c60a,2025-11-04 00:25:20,2025-11-04 00:25:20
408,Research on ancient - Paper 14,This paper explores ancient from a historical perspective with modern analytical methods.,2016-12-22,2016,1,1,2457744.5,719580.5,scientific,mock_arxiv,https://arxiv.org/abs/mock.3.13,en,scientific_paper,journal_article,,,"[""Author 14"", ""Co-Author 14""]",[],"[""ancient""]",0.9,64a01d01f410e698f15bd4825449296a,2025-11-04 00:30:56,2025-11-04 00:30:56
503,Research on ancient - Paper 9,This paper explores ancient from a historical perspective with modern analytical methods.,2017-02-18,2017,1,1,2457802.5,719638.5,scientific,mock_arxiv,https://arxiv.org/abs/mock.3.8,en,scientific_paper,journal_article,,,"[""Author 9"", ""Co-Author 9""]",[],"[""ancient""]",0.9,0cd8c142e384d3591df6b8e0a8e1cfbf,2025-11-04 00:42:42,2025-11-04 00:42:42
251,Research on archaeology - Paper 17,This paper explores archaeology from a historical perspective with modern analytical methods.,2017-07-10,2017,1,1,2457944.5,719780.5,scientific,mock_arxiv,https://arxiv.org/abs/mock.1.16,en,scientific_paper,journal_article,,,"[""Author 17"", ""Co-Author 17""]",[],"[""archaeology""]",0.9,5beb9ea62c46b77ede4af96766e7940c,2025-11-04 00:25:20,2025-11-04 00:25:20
356,Research on archaeology - Paper 2,This paper explores archaeology from a historical perspective with modern analytical methods.,2018-01-03,2018,1,1,2458121.5,719957.5,scientific,mock_arxiv,https://arxiv.org/abs/mock.1.1,en,scientific_paper,journal_article,,,"[""Author 2"", ""Co-Author 2""]",[],"[""archaeology""]",0.9,3a0e85d05d5b1a591b51d6c3017c6d45,2025-11-04 00:30:56,2025-11-04 00:30:56
352,Research on history - Paper 18,This paper explores history from a historical perspective with modern analytical methods.,2018-06-22,2018,1,1,2458291.5,720127.5,scientific,mock_arxiv,https://arxiv.org/abs/mock.0.17,en,scientific_paper,journal_article,,,"[""Author 18"", ""Co-Author 18""]",[],"[""history""]",0.9,cc9aff347540496752b0d72e3a7d123a,2025-11-04 00:30:56,2025-11-04 00:30:56
125,29 października,": Germán Aceros , kolumbijski piłkarz (ur. 1938 ) Dave Duncan , kanadyjski pisarz fantasy (ur. 1933 )",2018.0-10-29,2018,10,29,2458421.5,720257.5,wikipedia,wikipedia_pl,https://pl.wikipedia.org/wiki/29_października#Zmarli,pl,zgony,,,,[],[],[],0.8,f48472022ce5c919ab75c220b0a993a8,2025-11-04 00:25:20,2025-11-04 00:25:20
511,Research on ancient - Paper 17,This paper explores ancient from a historical perspective with modern analytical methods.,2019-03-15,2019,1,1,2458557.5,720393.5,scientific,mock_arxiv,https://arxiv.org/abs/mock.3.16,en,scientific_paper,journal_article,,,"[""Author 17"", ""Co-Author 17""]",[],"[""ancient""]",0.9,b913f15c0b9c56389ebd21def7a9ddb8,2025-11-04 00:42:42,2025-11-04 00:42:42
235,Research on archaeology - Paper 1,This paper explores archaeology from a historical perspective with modern analytical methods.,2019-06-28,2019,1,1,2458662.5,720498.5,scientific,mock_arxiv,https://arxiv.org/abs/mock.1.0,en,scientific_paper,journal_article,,,"[""Author 1"", ""Co-Author 1""]",[],"[""archaeology""]",0.9,affa8b4a915cf74a23057e89b90e952f,2025-11-04 00:25:20,2025-11-04 00:25:20
295,Research on chronology - Paper 1,This paper explores chronology from a historical perspective with modern analytical methods.,2019-11-27,2019,1,1,2458814.5,720650.5,scientific,mock_arxiv,https://arxiv.org/abs/mock.4.0,en,scientific_paper,journal_article,,,"[""Author 1"", ""Co-Author 1""]",[],"[""chronology""]",0.9,0c3cee22691d6c11c0f80a32dbe7f492,2025-11-04 00:25:20,2025-11-04 00:25:20
483,Research on medieval - Paper 9,This paper explores medieval from a historical perspective with modern analytical methods.,2020-01-17,2020,1,1,2458865.5,720701.5,scientific,mock_arxiv,https://arxiv.org/abs/mock.2.8,en,scientific_paper,journal_article,,,"[""Author 9"", ""Co-Author 9""]",[],"[""medieval""]",0.9,8bf1476aa16da0fb339532d895851af6,2025-11-04 00:42:42,2025-11-04 00:42:42
468,Research on archaeology - Paper 14,This paper explores archaeology from a historical perspective with modern analytical methods.,2020-03-05,2020,1,1,2458913.5,720749.5,scientific,mock_arxiv,https://arxiv.org/abs/mock.1.13,en,scientific_paper,journal_article,,,"[""Author 14"", ""Co-Author 14""]",[],"[""archaeology""]",0.9,2dd5b0e63318a68955556807693dd080,2025-11-04 00:42:42,2025-11-04 00:42:42
454,Research on history - Paper 20,This paper explores history from a historical perspective with modern analytical methods.,2020-03-14,2020,1,1,2458922.5,720758.5,scientific,mock_arxiv,https://arxiv.org/abs/mock.0.19,en,scientific_paper,journal_article,,,"[""Author 20"", ""Co-Author 20""]",[],"[""history""]",0.9,da594ccd8fa7356c70bef8c1343fd26f,2025-11-04 00:42:42,2025-11-04 00:42:42
367,Research on archaeology - Paper 13,This paper explores archaeology from a historical perspective with modern analytical methods.,2020-06-10,2020,1,1,2459010.5,720846.5,scientific,mock_arxiv,https://arxiv.org/abs/mock.1.12,en,scientific_paper,journal_article,,,"[""Author 13"", ""Co-Author 13""]",[],"[""archaeology""]",0.9,03f145b0c2162e53f53a2ac0fea047b5,2025-11-04 00:30:56,2025-11-04 00:30:56
481,Research on medieval - Paper 7,This paper explores medieval from a historical perspective with modern analytical methods.,2020-07-22,2020,1,1,2459052.5,720888.5,scientific,mock_arxiv,https://arxiv.org/abs/mock.2.6,en,scientific_paper,journal_article,,,"[""Author 7"", ""Co-Author 7""]",[],"[""medieval""]",0.9,80cd99c8b3885935dcbd026c4ff7b68a,2025-11-04 00:42:42,2025-11-04 00:42:42
218,Research on history - Paper 4,This paper explores history from a historical perspective with modern analytical methods.,2020-07-23,2020,1,1,2459053.5,720889.5,scientific,mock_arxiv,https://arxiv.org/abs/mock.0.3,en,scientific_paper,journal_article,,,"[""Author 4"", ""Co-Author 4""]",[],"[""history""]",0.9,054e04f49eb3f06b4d25fb88f499d8ce,2025-11-04 00:25:20,2025-11-04 00:25:20
497,Research on ancient - Paper 3,This paper explores ancient from a historical perspective with modern analytical methods.,2020-12-26,2020,1,1,2459209.5,721045.5,scientific,mock_arxiv,https://arxiv.org/abs/mock.3.2,en,scientific_paper,journal_article,,,"[""Author 3"", ""Co-Author 3""]",[],"[""ancient""]",0.9,4d0e480403b3bc28e3bc0a94da9bfb33,2025-11-04 00:42:42,2025-11-04 00:42:42
246,Research on archaeology - Paper 12,This paper explores archaeology from a historical perspective with modern analytical methods.,2021-01-08,2021,1,1,2459222.5,721058.5,scientific,mock_arxiv,https://arxiv.org/abs/mock.1.11,en,scientific_paper,journal_article,,,"[""Author 12"", ""Co-Author 12""]",[],"[""archaeology""]",0.9,05eb5080b4fefb823a3cd024fe2f4b4b,2025-11-04 00:25:20,2025-11-04 00:25:20
407,Research on ancient - Paper 13,This paper explores ancient from a historical perspective with modern analytical methods.,2021-01-13,2021,1,1,2459227.5,721063.5,scientific,mock_arxiv,https://arxiv.org/abs/mock.3.12,en,scientific_paper,journal_article,,,"[""Author 13"", ""Co-Author 13""]",[],"[""ancient""]",0.9,20dda1ce3922f5b3b50553f53f2dd85e,2025-11-04 00:30:56,2025-11-04 00:30:56
528,Research on chronology - Paper 14,This paper explores chronology from a historical perspective with modern analytical methods.,2021-02-02,2021,1,1,2459247.5,721083.5,scientific,mock_arxiv,https://arxiv.org/abs/mock.4.13,en,scientific_paper,journal_article,,,"[""Author 14"", ""Co-Author 14""]",[],"[""chronology""]",0.9,89dbee24959d1353c955ce559d89e1de,2025-11-04 00:42:42,2025-11-04 00:42:42
216,Research on history - Paper 2,This paper explores history from a historical perspective with modern analytical methods.,2021-04-09,2021,1,1,2459313.5,721149.5,scientific,mock_arxiv,https://arxiv.org/abs/mock.0.1,en,scientific_paper,journal_article,,,"[""Author 2"", ""Co-Author 2""]",[],"[""history""]",0.9,1b45f281b16843fba1c20150590c1e00,2025-11-04 00:25:20,2025-11-04 00:25:20
149,15 kwietnia,": Barby Kelly , irlandzka wokalistka, członkini zespołu The Kelly Family (ur. 1975 ) Jerzy Zawadzki , polski chemik, wykładowca akademicki (ur. 1941 )",2021.0-04-15,2021,4,15,2459320.5,721156.5,wikipedia,wikipedia_pl,https://pl.wikipedia.org/wiki/15_kwietnia#Zmarli,pl,zgony,,,,[],[],[],0.8,cc97b14a8b1ac2314029c47906ef522a,2025-11-04 00:25:20,2025-11-04 00:25:20
288,Research on ancient - Paper 14,This paper explores ancient from a historical perspective with modern analytical methods.,2021-04-16,2021,1,1,2459320.5,721156.5,scientific,mock_arxiv,https://arxiv.org/abs/mock.3.13,en,scientific_paper,journal_article,,,"[""Author 14"", ""Co-Author 14""]",[],"[""ancient""]",0.9,7f97b8f87fa14a390c701f8c35abec3e,2025-11-04 00:25:20,2025-11-04 00:25:20
385,Research on medieval - Paper 11,This paper explores medieval from a historical perspective with modern analytical methods.,2021-07-23,2021,1,1,2459418.5,721254.5,scientific,mock_arxiv,https://arxiv.org/abs/mock.2.10,en,scientific_paper,journal_article,,,"[""Author 11"", ""Co-Author 11""]",[],"[""medieval""]",0.9,579616a7ccfe8f5012cb453894277318,2025-11-04 00:30:56,2025-11-04 00:30:56
402,Research on ancient - Paper 8,This paper explores ancient from a historical perspective with modern analytical methods.,2021-07-23,2021,1,1,2459418.5,721254.5,scientific,mock_arxiv,https://arxiv.org/abs/mock.3.7,en,scientific_paper,journal_article,,,"[""Author 8"", ""Co-Author 8""]",[],"[""ancient""]",0.9,63470c35790fb0d320db6f8b7da86a22,2025-11-04 00:30:56,2025-11-04 00:30:56
418,Research on chronology - Paper 4,This paper explores chronology from a historical perspective with modern analytical methods.,2022-04-18,2022,1,1,2459687.5,721523.5,scientific,mock_arxiv,https://arxiv.org/abs/mock.4.3,en,scientific_paper,journal_article,,,"[""Author 4"", ""Co-Author 4""]",[],"[""chronology""]",0.9,adc7876aa6199663798ab9d077646ddc,2025-11-04 00:30:56,2025-11-04 00:30:56
421,Research on chronology - Paper 7,This paper explores chronology from a historical perspective with modern analytical methods.,2022-04-23,2022,1,1,2459692.5,721528.5,scientific,mock_arxiv,https://arxiv.org/abs/mock.4.6,en,scientific_paper,journal_article,,,"[""Author 7"", ""Co-Author 7""]",[],"[""chronology""]",0.9,b1e7409954f0a83230513be1e376f41e,2025-11-04 00:30:56,2025-11-04 00:30:56
379,Research on medieval - Paper 5,This paper explores medieval from a historical perspective with modern analytical methods.,2022-07-05,2022,1,1,2459765.5,721601.5,scientific,mock_arxiv,https://arxiv.org/abs/mock.2.4,en,scientific_paper,journal_article,,,"[""Author 5"", ""Co-Author 5""]",[],"[""medieval""]",0.9,b9c7844cf15d0e08e5d97a4887440ab3,2025-11-04 00:30:56,2025-11-04 00:30:56
242,Research on archaeology - Paper 8,This paper explores archaeology from a historical perspective with modern analytical methods.,2022-07-11,2022,1,1,2459771.5,721607.5,scientific,mock_arxiv,https://arxiv.org/abs/mock.1.7,en,scientific_paper,journal_article,,,"[""Author 8"", ""Co-Author 8""]",[],"[""archaeology""]",0.9,161afc78bdc8624b312bbb2462317e90,2025-11-04 00:25:20,2025-11-04 00:25:20
507,Research on ancient - Paper 13,This paper explores ancient from a historical perspective with modern analytical methods.,2022-08-14,2022,1,1,2459805.5,721641.5,scientific,mock_arxiv,https://arxiv.org/abs/mock.3.12,en,scientific_paper,journal_article,,,"[""Author 13"", ""Co-Author 13""]",[],"[""ancient""]",0.9,3ab40d8904bfeb221016cc7724ceec90,2025-11-04 00:42:42,2025-11-04 00:42:42
290,Research on ancient - Paper 16,This paper explores ancient from a historical perspective with modern analytical methods.,2022-09-16,2022,1,1,2459838.5,721674.5,scientific,mock_arxiv,https://arxiv.org/abs/mock.3.15,en,scientific_paper,journal_article,,,"[""Author 16"", ""Co-Author 16""]",[],"[""ancient""]",0.9,00e64d08eb66a2f38b180cc3df34ecb4,2025-11-04 00:25:20,2025-11-04 00:25:20
297,Research on chronology - Paper 3,This paper explores chronology from a historical perspective with modern analytical methods.,2022-10-06,2022,1,1,2459858.5,721694.5,scientific,mock_arxiv,https://arxiv.org/abs/mock.4.2,en,scientific_paper,journal_article,,,"[""Author 3"", ""Co-Author 3""]",[],"[""chronology""]",0.9,c41967cdfc2f71ea2a7fa28194f2b556,2025-11-04 00:25:20,2025-11-04 00:25:20
233,Research on history - Paper 19,This paper explores history from a historical perspective with modern analytical methods.,2023-01-19,2023,1,1,2459963.5,721799.5,scientific,mock_arxiv,https://arxiv.org/abs/mock.0.18,en,scientific_paper,journal_article,,,"[""Author 19"", ""Co-Author 19""]",[],"[""history""]",0.9,53c0c19e6b6c665a7ee3f8dc045574a8,2025-11-04 00:25:20,2025-11-04 00:25:20
271,Research on medieval - Paper 17,This paper explores medieval from a historical perspective with modern analytical methods.,2023-03-24,2023,1,1,2460027.5,721863.5,scientific,mock_arxiv,https://arxiv.org/abs/mock.2.16,en,scientific_paper,journal_article,,,"[""Author 17"", ""Co-Author 17""]",[],"[""medieval""]",0.9,3355eb89f4c1a1e5f6874aed01899c0e,2025-11-04 00:25:20,2025-11-04 00:25:20
381,Research on medieval - Paper 7,This paper explores medieval from a historical perspective with modern analytical methods.,2023-04-03,2023,1,1,2460037.5,721873.5,scientific,mock_arxiv,https://arxiv.org/abs/mock.2.6,en,scientific_paper,journal_article,,,"[""Author 7"", ""Co-Author 7""]",[],"[""medieval""]",0.9,18e3022831cffc41b6bd162130a50cb1,2025-11-04 00:30:56,2025-11-04 00:30:56
529,Research on chronology - Paper 15,This paper explores chronology from a historical perspective with modern analytical methods.,2023-07-08,2023,1,1,2460133.5,721969.5,scientific,mock_arxiv,https://arxiv.org/abs/mock.4.14,en,scientific_paper,journal_article,,,"[""Author 15"", ""Co-Author 15""]",[],"[""chronology""]",0.9,89ce01b84ef651adf1bae82897d34c54,2025-11-04 00:42:42,2025-11-04 00:42:42
486,Research on medieval - Paper 12,This paper explores medieval from a historical perspective with modern analytical methods.,2023-08-24,2023,1,1,2460180.5,722016.5,scientific,mock_arxiv,https://arxiv.org/abs/mock.2.11,en,scientific_paper,journal_article,,,"[""Author 12"", ""Co-Author 12""]",[],"[""medieval""]",0.9,bdb4ecf72e947a12ac1d002f54b6a834,2025-11-04 00:42:42,2025-11-04 00:42:42
431,Research on chronology - Paper 17,This paper explores chronology from a historical perspective with modern analytical methods.,2023-09-21,2023,1,1,2460208.5,722044.5,scientific,mock_arxiv,https://arxiv.org/abs/mock.4.16,en,scientific_paper,journal_article,,,"[""Author 17"", ""Co-Author 17""]",[],"[""chronology""]",0.9,b262c087fc00ec307aa09fcd8a0ccf93,2025-11-04 00:30:56,2025-11-04 00:30:56
412,Research on ancient - Paper 18,This paper explores ancient from a historical perspective with modern analytical methods.,2023-12-06,2023,1,1,2460284.5,722120.5,scientific,mock_arxiv,https://arxiv.org/abs/mock.3.17,en,scientific_paper,journal_article,,,"[""Author 18"", ""Co-Author 18""]",[],"[""ancient""]",0.9,4cc68f0e866a69441cedc2f92c79eb31,2025-11-04 00:30:56,2025-11-04 00:30:56
