id,title,content,date_str,year_abs,month,day,jd,am_day,source_type,source_database,source_url,language,category,subcategory,location,coordinates,people,places,keywords,confidence_score,data_hash,created_at,updated_at
220,Research on history - Paper 6,This paper explores history from a historical perspective with modern analytical methods.,1950-02-02,1950,1,1,2433314.5,695150.5,scientific,mock_arxiv,https://arxiv.org/abs/mock.0.5,en,scientific_paper,journal_article,,,"[""Author 6"", ""Co-Author 6""]",[],"[""history""]",0.9,443040dc93230b3fc66f5067d7ebe471,2025-11-04 00:25:20,2025-11-04 00:25:20
346,Research on history - Paper 12,This paper explores history from a historical perspective with modern analytical methods.,1950-02-12,1950,1,1,2433324.5,695160.5,scientific,mock_arxiv,https://arxiv.org/abs/mock.0.11,en,scientific_paper,journal_article,,,"[""Author 12"", ""Co-Author 12""]",[],"[""history""]",0.9,677e15aa7427ec2ea13591e6221a7727,2025-11-04 00:30:56,2025-11-04 00:30:56
361,Research on archaeology - Paper 7,This paper explores archaeology from a historical perspective with modern analytical methods.,1950-06-08,1950,1,1,2433440.5,695276.5,scientific,mock_arxiv,https://arxiv.org/abs/mock.1.6,en,scientific_paper,journal_article,,,"[""Author 7"", ""Co-Author 7""]",[],"[""archaeology""]",0.9,f975297139e1b3fee0c0199f022f1711,2025-11-04 00:30:56,2025-11-04 00:30:56
345,Research on history - Paper 11,This paper explores history from a historical perspective with modern analytical methods.,1950-08-16,1950,1,1,2433509.5,695345.5,scientific,mock_arxiv,https://arxiv.org/abs/mock.0.10,en,scientific_paper,journal_article,,,"[""Author 11"", ""Co-Author 11""]",[],"[""history""]",0.9,ec05261882fcde391ce7ac3e6e42616e,2025-11-04 00:30:56,2025-11-04 00:30:56
248,Research on archaeology - Paper 14,This paper explores archaeology from a historical perspective with modern analytical methods.,1950-08-17,1950,1,1,2433510.5,695346.5,scientific,mock_arxiv,https://arxiv.org/abs/mock.1.13,en,scientific_paper,journal_article,,,"[""Author 14"", ""Co-Author 14""]",[],"[""archaeology""]",0.9,6e61d0529a0b96a0e63c804df5f16654,2025-11-04 00:25:20,2025-11-04 00:25:20
479,Research on medieval - Paper 5,This paper explores medieval from a historical perspective with modern analytical methods.,1950-11-17,1950,1,1,2433602.5,695438.5,scientific,mock_arxiv,https://arxiv.org/abs/mock.2.4,en,scientific_paper,journal_article,,,"[""Author 5"", ""Co-Author 5""]",[],"[""medieval""]",0.9,859df60f7cc818e60c79cfcabec86d42,2025-11-04 00:42:42,2025-11-04 00:42:42
446,Research on history - Paper 12,This paper explores history from a historical perspective with modern analytical methods.,1952-06-18,1952,1,1,2434181.5,696017.5,scientific,mock_arxiv,https://arxiv.org/abs/mock.0.11,en,scientific_paper,journal_article,,,"[""Author 12"", ""Co-Author 12""]",[],"[""history""]",0.9,ddb342576f3a4a7b40fc46832ab85a8d,2025-11-04 00:42:42,2025-11-04 00:42:42
484,Research on medieval - Paper 10,This paper explores medieval from a historical perspective with modern analytical methods.,1952-08-02,1952,1,1,2434226.5,696062.5,scientific,mock_arxiv,https://arxiv.org/abs/mock.2.9,en,scientific_paper,journal_article,,,"[""Author 10"", ""Co-Author 10""]",[],"[""medieval""]",0.9,b57f22218a447820e7f13d75e7cfdb20,2025-11-04 00:42:42,2025-11-04 00:42:42
500,Research on ancient - Paper 6,This paper explores ancient from a historical perspective with modern analytical methods.,1952-10-08,1952,1,1,2434293.5,696129.5,scientific,mock_arxiv,https://arxiv.org/abs/mock.3.5,en,scientific_paper,journal_article,,,"[""Author 6"", ""Co-Author 6""]",[],"[""ancient""]",0.9,5270125d0ca42e85474a8ae3b31a4c0b,2025-11-04 00:42:42,2025-11-04 00:42:42
450,Research on history - Paper 16,This paper explores history from a historical perspective with modern analytical methods.,1952-10-16,1952,1,1,2434301.5,696137.5,scientific,mock_arxiv,https://arxiv.org/abs/mock.0.15,en,scientific_paper,journal_article,,,"[""Author 16"", ""Co-Author 16""]",[],"[""history""]",0.9,703108e4bf9d7e58fedca2868ebd4395,2025-11-04 00:42:42,2025-11-04 00:42:42
357,Research on archaeology - Paper 3,This paper explores archaeology from a historical perspective with modern analytical methods.,1952-11-14,1952,1,1,2434330.5,696166.5,scientific,mock_arxiv,https://arxiv.org/abs/mock.1.2,en,scientific_paper,journal_article,,,"[""Author 3"", ""Co-Author 3""]",[],"[""archaeology""]",0.9,b80f767236ecaca57647d38ef24a42ee,2025-11-04 00:30:56,2025-11-04 00:30:56
268,Research on medieval - Paper 14,This paper explores medieval from a historical perspective with modern analytical methods.,1952-12-21,1952,1,1,2434367.5,696203.5,scientific,mock_arxiv,https://arxiv.org/abs/mock.2.13,en,scientific_paper,journal_article,,,"[""Author 14"", ""Co-Author 14""]",[],"[""medieval""]",0.9,848e8e86401d71a2fed82f3895636cf7,2025-11-04 00:25:20,2025-11-04 00:25:20
397,Research on ancient - Paper 3,This paper explores ancient from a historical perspective with modern analytical methods.,1953-07-19,1953,1,1,2434577.5,696413.5,scientific,mock_arxiv,https://arxiv.org/abs/mock.3.2,en,scientific_paper,journal_article,,,"[""Author 3"", ""Co-Author 3""]",[],"[""ancient""]",0.9,c6fb1badd93da5d605d994a3b625416b,2025-11-04 00:30:56,2025-11-04 00:30:56
452,Research on history - Paper 18,This paper explores history from a historical perspective with modern analytical methods.,1953-09-24,1953,1,1,2434644.5,696480.5,scientific,mock_arxiv,https://arxiv.org/abs/mock.0.17,en,scientific_paper,journal_article,,,"[""Author 18"", ""Co-Author 18""]",[],"[""history""]",0.9,062a6efa76e5ed1c5ee858b7b949cc61,2025-11-04 00:42:42,2025-11-04 00:42:42
282,Research on ancient - Paper 8,This paper explores ancient from a historical perspective with modern analytical methods.,1953-11-04,1953,1,1,2434685.5,696521.5,scientific,mock_arxiv,https://arxiv.org/abs/mock.3.7,en,scientific_paper,journal_article,,,"[""Author 8"", ""Co-Author 8""]",[],"[""ancient""]",0.9,e652089efce2bcf4b232971a0338edb3,2025-11-04 00:25:20,2025-11-04 00:25:20
312,Research on chronology - Paper 18,This paper explores chronology from a historical perspective with modern analytical methods.,1953-12-20,1953,1,1,2434731.5,696567.5,scientific,mock_arxiv,https://arxiv.org/abs/mock.4.17,en,scientific_paper,journal_article,,,"[""Author 18"", ""Co-Author 18""]",[],"[""chronology""]",0.9,b8cbe2e44fb303881b3f2fc30133b238,2025-11-04 00:25:20,2025-11-04 00:25:20
445,Research on history - Paper 11,This paper explores history from a historical perspective with modern analytical methods.,1954-06-03,1954,1,1,2434896.5,696732.5,scientific,mock_arxiv,https://arxiv.org/abs/mock.0.10,en,scientific_paper,journal_article,,,"[""Author 11"", ""Co-Author 11""]",[],"[""history""]",0.9,e21b3087387774ea432e0bcf93cb270c,2025-11-04 00:42:42,2025-11-04 00:42:42
339,Research on history - Paper 5,This paper explores history from a historical perspective with modern analytical methods.,1954-06-04,1954,1,1,2434897.5,696733.5,scientific,mock_arxiv,https://arxiv.org/abs/mock.0.4,en,scientific_paper,journal_article,,,"[""Author 5"", ""Co-Author 5""]",[],"[""history""]",0.9,d710d1565f23ede5b9576f793b863dad,2025-11-04 00:30:56,2025-11-04 00:30:56
217,Research on history - Paper 3,This paper explores history from a historical perspective with modern analytical methods.,1954-06-12,1954,1,1,2434905.5,696741.5,scientific,mock_arxiv,https://arxiv.org/abs/mock.0.2,en,scientific_paper,journal_article,,,"[""Author 3"", ""Co-Author 3""]",[],"[""history""]",0.9,1c11adfc95a126ccabae0b2e47c9e576,2025-11-04 00:25:20,2025-11-04 00:25:20
239,Research on archaeology - Paper 5,This paper explores archaeology from a historical perspective with modern analytical methods.,1954-09-21,1954,1,1,2435006.5,696842.5,scientific,mock_arxiv,https://arxiv.org/abs/mock.1.4,en,scientific_paper,journal_article,,,"[""Author 5"", ""Co-Author 5""]",[],"[""archaeology""]",0.9,a20b66922e9c798a96ff62fe38adbe28,2025-11-04 00:25:20,2025-11-04 00:25:20
510,Research on ancient - Paper 16,This paper explores ancient from a historical perspective with modern analytical methods.,1954-10-14,1954,1,1,2435029.5,696865.5,scientific,mock_arxiv,https://arxiv.org/abs/mock.3.15,en,scientific_paper,journal_article,,,"[""Author 16"", ""Co-Author 16""]",[],"[""ancient""]",0.9,7aa5fdf44d203133d013471d0d7a37c1,2025-11-04 00:42:42,2025-11-04 00:42:42
279,Research on ancient - Paper 5,This paper explores ancient from a historical perspective with modern analytical methods.,1954-12-02,1954,1,1,2435078.5,696914.5,scientific,mock_arxiv,https://arxiv.org/abs/mock.3.4,en,scientific_paper,journal_article,,,"[""Author 5"", ""Co-Author 5""]",[],"[""ancient""]",0.9,36ccdc737d1c3b1caac529cf865a572a,2025-11-04 00:25:20,2025-11-04 00:25:20
228,Research on history - Paper 14,This paper explores history from a historical perspective with modern analytical methods.,1954-12-16,1954,1,1,2435092.5,696928.5,scientific,mock_arxiv,https://arxiv.org/abs/mock.0.13,en,scientific_paper,journal_article,,,"[""Author 14"", ""Co-Author 14""]",[],"[""history""]",0.9,02b5923c31dd3cabebf88547789dcdd8,2025-11-04 00:25:20,2025-11-04 00:25:20
515,Research on chronology - Paper 1,This paper explores chronology from a historical perspective with modern analytical methods.,1955-03-05,1955,1,1,2435171.5,697007.5,scientific,mock_arxiv,https://arxiv.org/abs/mock.4.0,en,scientific_paper,journal_article,,,"[""Author 1"", ""Co-Author 1""]",[],"[""chronology""]",0.9,4d4673be30baa9b011259d47972692c7,2025-11-04 00:42:42,2025-11-04 00:42:42
256,Research on medieval - Paper 2,This paper explores medieval from a historical perspective with modern analytical methods.,1955-07-11,1955,1,1,2435299.5,697135.5,scientific,mock_arxiv,https://arxiv.org/abs/mock.2.1,en,scientific_paper,journal_article,,,"[""Author 2"", ""Co-Author 2""]",[],"[""medieval""]",0.9,71b4f90d8ec120e6f8a0c02f6ce36542,2025-11-04 00:25:20,2025-11-04 00:25:20
274,Research on medieval - Paper 20,This paper explores medieval from a historical perspective with modern analytical methods.,1956-04-06,1956,1,1,2435569.5,697405.5,scientific,mock_arxiv,https://arxiv.org/abs/mock.2.19,en,scientific_paper,journal_article,,,"[""Author 20"", ""Co-Author 20""]",[],"[""medieval""]",0.9,c9ac1d536cdd28076a5db54c96e318a1,2025-11-04 00:25:20,2025-11-04 00:25:20
453,Research on history - Paper 19,This paper explores history from a historical perspective with modern analytical methods.,1956-08-11,1956,1,1,2435696.5,697532.5,scientific,mock_arxiv,https://arxiv.org/abs/mock.0.18,en,scientific_paper,journal_article,,,"[""Author 19"", ""Co-Author 19""]",[],"[""history""]",0.9,5bc25d3046f65140f63d3035e51219fd,2025-11-04 00:42:42,2025-11-04 00:42:42
399,Research on ancient - Paper 5,This paper explores ancient from a historical perspective with modern analytical methods.,1957-02-05,1957,1,1,2435874.5,697710.5,scientific,mock_arxiv,https://arxiv.org/abs/mock.3.4,en,scientific_paper,journal_article,,,"[""Author 5"", ""Co-Author 5""]",[],"[""ancient""]",0.9,051726e71026f0ec3bb040b8b8b43e2d,2025-11-04 00:30:56,2025-11-04 00:30:56
405,Research on ancient - Paper 11,This paper explores ancient from a historical perspective with modern analytical methods.,1957-03-24,1957,1,1,2435921.5,697757.5,scientific,mock_arxiv,https://arxiv.org/abs/mock.3.10,en,scientific_paper,journal_article,,,"[""Author 11"", ""Co-Author 11""]",[],"[""ancient""]",0.9,834510b1506c93285f2adbaf30b58ad4,2025-11-04 00:30:56,2025-11-04 00:30:56
508,Research on ancient - Paper 14,This paper explores ancient from a historical perspective with modern analytical methods.,1958-05-05,1958,1,1,2436328.5,698164.5,scientific,mock_arxiv,https://arxiv.org/abs/mock.3.13,en,scientific_paper,journal_article,,,"[""Author 14"", ""Co-Author 14""]",[],"[""ancient""]",0.9,add8cfe89568f531d090f3082c583d10,2025-11-04 00:42:42,2025-11-04 00:42:42
466,Research on archaeology - Paper 12,This paper explores archaeology from a historical perspective with modern analytical methods.,1958-06-17,1958,1,1,2436371.5,698207.5,scientific,mock_arxiv,https://arxiv.org/abs/mock.1.11,en,scientific_paper,journal_article,,,"[""Author 12"", ""Co-Author 12""]",[],"[""archaeology""]",0.9,6f3ed770882ed68338a28cb5f8c4beaa,2025-11-04 00:42:42,2025-11-04 00:42:42
241,Research on archaeology - Paper 7,This paper explores archaeology from a historical perspective with modern analytical methods.,1958-10-07,1958,1,1,2436483.5,698319.5,scientific,mock_arxiv,https://arxiv.org/abs/mock.1.6,en,scientific_paper,journal_article,,,"[""Author 7"", ""Co-Author 7""]",[],"[""archaeology""]",0.9,c9c143ec932692921c54b183816bec2e,2025-11-04 00:25:20,2025-11-04 00:25:20
343,Research on history - Paper 9,This paper explores history from a historical perspective with modern analytical methods.,1958-10-19,1958,1,1,2436495.5,698331.5,scientific,mock_arxiv,https://arxiv.org/abs/mock.0.8,en,scientific_paper,journal_article,,,"[""Author 9"", ""Co-Author 9""]",[],"[""history""]",0.9,6030b18ec7ecf9f598ab358dae54fdc5,2025-11-04 00:30:56,2025-11-04 00:30:56
415,Research on chronology - Paper 1,This paper explores chronology from a historical perspective with modern analytical methods.,1958-12-08,1958,1,1,2436545.5,698381.5,scientific,mock_arxiv,https://arxiv.org/abs/mock.4.0,en,scientific_paper,journal_article,,,"[""Author 1"", ""Co-Author 1""]",[],"[""chronology""]",0.9,7a9f7508cf0b2c19a3d319de1ef8c258,2025-11-04 00:30:56,2025-11-04 00:30:56
499,Research on ancient - Paper 5,This paper explores ancient from a historical perspective with modern analytical methods.,1959-01-02,1959,1,1,2436570.5,698406.5,scientific,mock_arxiv,https://arxiv.org/abs/mock.3.4,en,scientific_paper,journal_article,,,"[""Author 5"", ""Co-Author 5""]",[],"[""ancient""]",0.9,097c5b99303164779cbeeccc6e3e9ac0,2025-11-04 00:42:42,2025-11-04 00:42:42
286,Research on ancient - Paper 12,This paper explores ancient from a historical perspective with modern analytical methods.,1959-01-04,1959,1,1,2436572.5,698408.5,scientific,mock_arxiv,https://arxiv.org/abs/mock.3.11,en,scientific_paper,journal_article,,,"[""Author 12"", ""Co-Author 12""]",[],"[""ancient""]",0.9,bd320381a34a58b87d4f1033a8cde4fc,2025-11-04 00:25:20,2025-11-04 00:25:20
414,Research on ancient - Paper 20,This paper explores ancient from a historical perspective with modern analytical methods.,1959-01-08,1959,1,1,2436576.5,698412.5,scientific,mock_arxiv,https://arxiv.org/abs/mock.3.19,en,scientific_paper,journal_article,,,"[""Author 20"", ""Co-Author 20""]",[],"[""ancient""]",0.9,683b796a39ff694a4ad8593b8030ce97,2025-11-04 00:30:56,2025-11-04 00:30:56
477,Research on medieval - Paper 3,This paper explores medieval from a historical perspective with modern analytical methods.,1959-01-14,1959,1,1,2436582.5,698418.5,scientific,mock_arxiv,https://arxiv.org/abs/mock.2.2,en,scientific_paper,journal_article,,,"[""Author 3"", ""Co-Author 3""]",[],"[""medieval""]",0.9,b74d54a4e4dc2fca505c20eeba880ac1,2025-11-04 00:42:42,2025-11-04 00:42:42
513,Research on ancient - Paper 19,This paper explores ancient from a historical perspective with modern analytical methods.,1959-06-06,1959,1,1,2436725.5,698561.5,scientific,mock_arxiv,https://arxiv.org/abs/mock.3.18,en,scientific_paper,journal_article,,,"[""Author 19"", ""Co-Author 19""]",[],"[""ancient""]",0.9,780f149f68b71a4189d025f00fbab153,2025-11-04 00:42:42,2025-11-04 00:42:42
238,Research on archaeology - Paper 4,This paper explores archaeology from a historical perspective with modern analytical methods.,1959-08-06,1959,1,1,2436786.5,698622.5,scientific,mock_arxiv,https://arxiv.org/abs/mock.1.3,en,scientific_paper,journal_article,,,"[""Author 4"", ""Co-Author 4""]",[],"[""archaeology""]",0.9,003c0aa3d7217aa890e04cf0ca16d375,2025-11-04 00:25:20,2025-11-04 00:25:20
237,Research on archaeology - Paper 3,This paper explores archaeology from a historical perspective with modern analytical methods.,1959-08-11,1959,1,1,2436791.5,698627.5,scientific,mock_arxiv,https://arxiv.org/abs/mock.1.2,en,scientific_paper,journal_article,,,"[""Author 3"", ""Co-Author 3""]",[],"[""archaeology""]",0.9,aa0fa994e09db29901fea0cdeb22da82,2025-11-04 00:25:20,2025-11-04 00:25:20
338,Research on history - Paper 4,This paper explores history from a historical perspective with modern analytical methods.,1960-01-09,1960,1,1,2436942.5,698778.5,scientific,mock_arxiv,https://arxiv.org/abs/mock.0.3,en,scientific_paper,journal_article,,,"[""Author 4"", ""Co-Author 4""]",[],"[""history""]",0.9,aa12df76cb0d4c48ac624ab808aa7a57,2025-11-04 00:30:56,2025-11-04 00:30:56
475,Research on medieval - Paper 1,This paper explores medieval from a historical perspective with modern analytical methods.,1960-06-22,1960,1,1,2437107.5,698943.5,scientific,mock_arxiv,https://arxiv.org/abs/mock.2.0,en,scientific_paper,journal_article,,,"[""Author 1"", ""Co-Author 1""]",[],"[""medieval""]",0.9,9752c835d0089a653a7dd4b28c4715fa,2025-11-04 00:42:42,2025-11-04 00:42:42
226,Research on history - Paper 12,This paper explores history from a historical perspective with modern analytical methods.,1960-09-23,1960,1,1,2437200.5,699036.5,scientific,mock_arxiv,https://arxiv.org/abs/mock.0.11,en,scientific_paper,journal_article,,,"[""Author 12"", ""Co-Author 12""]",[],"[""history""]",0.9,f11cb872c283e1f7780b2aabd8b4dc38,2025-11-04 00:25:20,2025-11-04 00:25:20
261,Research on medieval - Paper 7,This paper explores medieval from a historical perspective with modern analytical methods.,1961-02-20,1961,1,1,2437350.5,699186.5,scientific,mock_arxiv,https://arxiv.org/abs/mock.2.6,en,scientific_paper,journal_article,,,"[""Author 7"", ""Co-Author 7""]",[],"[""medieval""]",0.9,b274553a0fe041305133ddf064fe8615,2025-11-04 00:25:20,2025-11-04 00:25:20
534,Research on chronology - Paper 20,This paper explores chronology from a historical perspective with modern analytical methods.,1961-03-06,1961,1,1,2437364.5,699200.5,scientific,mock_arxiv,https://arxiv.org/abs/mock.4.19,en,scientific_paper,journal_article,,,"[""Author 20"", ""Co-Author 20""]",[],"[""chronology""]",0.9,0c4a0d14c6e1d6d62d5b9c9cfaa7e2cf,2025-11-04 00:42:42,2025-11-04 00:42:42
464,Research on archaeology - Paper 10,This paper explores archaeology from a historical perspective with modern analytical methods.,1961-06-26,1961,1,1,2437476.5,699312.5,scientific,mock_arxiv,https://arxiv.org/abs/mock.1.9,en,scientific_paper,journal_article,,,"[""Author 10"", ""Co-Author 10""]",[],"[""archaeology""]",0.9,374f2a805b44e2c70440af01077ba21a,2025-11-04 00:42:42,2025-11-04 00:42:42
473,Research on archaeology - Paper 19,This paper explores archaeology from a historical perspective with modern analytical methods.,1962-01-21,1962,1,1,2437685.5,699521.5,scientific,mock_arxiv,https://arxiv.org/abs/mock.1.18,en,scientific_paper,journal_article,,,"[""Author 19"", ""Co-Author 19""]",[],"[""archaeology""]",0.9,eaf7d5dd107d308a4869467c6eede299,2025-11-04 00:42:42,2025-11-04 00:42:42
277,Research on ancient - Paper 3,This paper explores ancient from a historical perspective with modern analytical methods.,1962-05-11,1962,1,1,2437795.5,699631.5,scientific,mock_arxiv,https://arxiv.org/abs/mock.3.2,en,scientific_paper,journal_article,,,"[""Author 3"", ""Co-Author 3""]",[],"[""ancient""]",0.9,0d51987d8ae884c0e5771c6a8f2a5a4f,2025-11-04 00:25:20,2025-11-04 00:25:20
351,Research on history - Paper 17,This paper explores history from a historical perspective with modern analytical methods.,1962-07-28,1962,1,1,2437873.5,699709.5,scientific,mock_arxiv,https://arxiv.org/abs/mock.0.16,en,scientific_paper,journal_article,,,"[""Author 17"", ""Co-Author 17""]",[],"[""history""]",0.9,451261900af555e8b1e7543b52a65b4d,2025-11-04 00:30:56,2025-11-04 00:30:56
474,Research on archaeology - Paper 20,This paper explores archaeology from a historical perspective with modern analytical methods.,1962-10-01,1962,1,1,2437938.5,699774.5,scientific,mock_arxiv,https://arxiv.org/abs/mock.1.19,en,scientific_paper,journal_article,,,"[""Author 20"", ""Co-Author 20""]",[],"[""archaeology""]",0.9,fe399bae787759eccc83e07a9071b6a2,2025-11-04 00:42:42,2025-11-04 00:42:42
303,Research on chronology - Paper 9,This paper explores chronology from a historical perspective with modern analytical methods.,1963-03-26,1963,1,1,2438114.5,699950.5,scientific,mock_arxiv,https://arxiv.org/abs/mock.4.8,en,scientific_paper,journal_article,,,"[""Author 9"", ""Co-Author 9""]",[],"[""chronology""]",0.9,7da71b1dbcc34dd50640079af6904776,2025-11-04 00:25:20,2025-11-04 00:25:20
440,Research on history - Paper 6,This paper explores history from a historical perspective with modern analytical methods.,1963-04-13,1963,1,1,2438132.5,699968.5,scientific,mock_arxiv,https://arxiv.org/abs/mock.0.5,en,scientific_paper,journal_article,,,"[""Author 6"", ""Co-Author 6""]",[],"[""history""]",0.9,59b241b034f2cdf816b085628ce2bbc1,2025-11-04 00:42:42,2025-11-04 00:42:42
391,Research on medieval - Paper 17,This paper explores medieval from a historical perspective with modern analytical methods.,1963-04-24,1963,1,1,2438143.5,699979.5,scientific,mock_arxiv,https://arxiv.org/abs/mock.2.16,en,scientific_paper,journal_article,,,"[""Author 17"", ""Co-Author 17""]",[],"[""medieval""]",0.9,e30364a08d0ba992bbed8a676bfa5041,2025-11-04 00:30:56,2025-11-04 00:30:56
441,Research on history - Paper 7,This paper explores history from a historical perspective with modern analytical methods.,1963-10-14,1963,1,1,2438316.5,700152.5,scientific,mock_arxiv,https://arxiv.org/abs/mock.0.6,en,scientific_paper,journal_article,,,"[""Author 7"", ""Co-Author 7""]",[],"[""history""]",0.9,6a06e5d16610ee37761663cc0a6988e5,2025-11-04 00:42:42,2025-11-04 00:42:42
372,Research on archaeology - Paper 18,This paper explores archaeology from a historical perspective with modern analytical methods.,1964-01-10,1964,1,1,2438404.5,700240.5,scientific,mock_arxiv,https://arxiv.org/abs/mock.1.17,en,scientific_paper,journal_article,,,"[""Author 18"", ""Co-Author 18""]",[],"[""archaeology""]",0.9,83487113fe18114245845673153ea0ac,2025-11-04 00:30:56,2025-11-04 00:30:56
355,Research on archaeology - Paper 1,This paper explores archaeology from a historical perspective with modern analytical methods.,1964-04-23,1964,1,1,2438508.5,700344.5,scientific,mock_arxiv,https://arxiv.org/abs/mock.1.0,en,scientific_paper,journal_article,,,"[""Author 1"", ""Co-Author 1""]",[],"[""archaeology""]",0.9,42d781693dcd769025dfe28ff8960b3a,2025-11-04 00:30:56,2025-11-04 00:30:56
337,Research on history - Paper 3,This paper explores history from a historical perspective with modern analytical methods.,1964-06-21,1964,1,1,2438567.5,700403.5,scientific,mock_arxiv,https://arxiv.org/abs/mock.0.2,en,scientific_paper,journal_article,,,"[""Author 3"", ""Co-Author 3""]",[],"[""history""]",0.9,76b4dae572de17d20fab437b9fbcdf74,2025-11-04 00:30:56,2025-11-04 00:30:56
434,Research on chronology - Paper 20,This paper explores chronology from a historical perspective with modern analytical methods.,1964-12-15,1964,1,1,2438744.5,700580.5,scientific,mock_arxiv,https://arxiv.org/abs/mock.4.19,en,scientific_paper,journal_article,,,"[""Author 20"", ""Co-Author 20""]",[],"[""chronology""]",0.9,6afe474c9f0da69fdd0614ea60457666,2025-11-04 00:30:56,2025-11-04 00:30:56
300,Research on chronology - Paper 6,This paper explores chronology from a historical perspective with modern analytical methods.,1965-06-03,1965,1,1,2438914.5,700750.5,scientific,mock_arxiv,https://arxiv.org/abs/mock.4.5,en,scientific_paper,journal_article,,,"[""Author 6"", ""Co-Author 6""]",[],"[""chronology""]",0.9,e1a3a2744f51b82df01232956cdfa746,2025-11-04 00:25:20,2025-11-04 00:25:20
437,Research on history - Paper 3,This paper explores history from a historical perspective with modern analytical methods.,1965-06-14,1965,1,1,2438925.5,700761.5,scientific,mock_arxiv,https://arxiv.org/abs/mock.0.2,en,scientific_paper,journal_article,,,"[""Author 3"", ""Co-Author 3""]",[],"[""history""]",0.9,abc039a636f5459ef9d8237da0285c86,2025-11-04 00:42:42,2025-11-04 00:42:42
525,Research on chronology - Paper 11,This paper explores chronology from a historical perspective with modern analytical methods.,1965-07-08,1965,1,1,2438949.5,700785.5,scientific,mock_arxiv,https://arxiv.org/abs/mock.4.10,en,scientific_paper,journal_article,,,"[""Author 11"", ""Co-Author 11""]",[],"[""chronology""]",0.9,ba5cc283a21735dc3dde9c730aef4070,2025-11-04 00:42:42,2025-11-04 00:42:42
410,Research on ancient - Paper 16,This paper explores ancient from a historical perspective with modern analytical methods.,1966-09-12,1966,1,1,2439380.5,701216.5,scientific,mock_arxiv,https://arxiv.org/abs/mock.3.15,en,scientific_paper,journal_article,,,"[""Author 16"", ""Co-Author 16""]",[],"[""ancient""]",0.9,d0750421a96b94d6850abeffcac415ee,2025-11-04 00:30:56,2025-11-04 00:30:56
373,Research on archaeology - Paper 19,This paper explores archaeology from a historical perspective with modern analytical methods.,1966-09-15,1966,1,1,2439383.5,701219.5,scientific,mock_arxiv,https://arxiv.org/abs/mock.1.18,en,scientific_paper,journal_article,,,"[""Author 19"", ""Co-Author 19""]",[],"[""archaeology""]",0.9,04403fc0c5001cd2808fd9b1261e8b5f,2025-11-04 00:30:56,2025-11-04 00:30:56
482,Research on medieval - Paper 8,This paper explores medieval from a historical perspective with modern analytical methods.,1966-12-07,1966,1,1,2439466.5,701302.5,scientific,mock_arxiv,https://arxiv.org/abs/mock.2.7,en,scientific_paper,journal_article,,,"[""Author 8"", ""Co-Author 8""]",[],"[""medieval""]",0.9,f3b3f1eeaf9f6ecde30c3acf45aed47a,2025-11-04 00:42:42,2025-11-04 00:42:42
404,Research on ancient - Paper 10,This paper explores ancient from a historical perspective with modern analytical methods.,1966-12-08,1966,1,1,2439467.5,701303.5,scientific,mock_arxiv,https://arxiv.org/abs/mock.3.9,en,scientific_paper,journal_article,,,"[""Author 10"", ""Co-Author 10""]",[],"[""ancient""]",0.9,9d3a8cb9e1fc4b9345bc01b6225c1dcc,2025-11-04 00:30:56,2025-11-04 00:30:56
386,Research on medieval - Paper 12,This paper explores medieval from a historical perspective with modern analytical methods.,1967-01-17,1967,1,1,2439507.5,701343.5,scientific,mock_arxiv,https://arxiv.org/abs/mock.2.11,en,scientific_paper,journal_article,,,"[""Author 12"", ""Co-Author 12""]",[],"[""medieval""]",0.9,f7db956485424d984cf93ef3fe9b1f17,2025-11-04 00:30:56,2025-11-04 00:30:56
273,Research on medieval - Paper 19,This paper explores medieval from a historical perspective with modern analytical methods.,1967-02-07,1967,1,1,2439528.5,701364.5,scientific,mock_arxiv,https://arxiv.org/abs/mock.2.18,en,scientific_paper,journal_article,,,"[""Author 19"", ""Co-Author 19""]",[],"[""medieval""]",0.9,82ab10a3d8bfd4d409668f8b769c06d1,2025-11-04 00:25:20,2025-11-04 00:25:20
390,Research on medieval - Paper 16,This paper explores medieval from a historical perspective with modern analytical methods.,1967-02-28,1967,1,1,2439549.5,701385.5,scientific,mock_arxiv,https://arxiv.org/abs/mock.2.15,en,scientific_paper,journal_article,,,"[""Author 16"", ""Co-Author 16""]",[],"[""medieval""]",0.9,f31df9c07d9bbf7210a3012d5de6643b,2025-11-04 00:30:56,2025-11-04 00:30:56
370,Research on archaeology - Paper 16,This paper explores archaeology from a historical perspective with modern analytical methods.,1967-04-26,1967,1,1,2439606.5,701442.5,scientific,mock_arxiv,https://arxiv.org/abs/mock.1.15,en,scientific_paper,journal_article,,,"[""Author 16"", ""Co-Author 16""]",[],"[""archaeology""]",0.9,56851cf4c151698fee6dd418eb351da8,2025-11-04 00:30:56,2025-11-04 00:30:56
240,Research on archaeology - Paper 6,This paper explores archaeology from a historical perspective with modern analytical methods.,1967-05-18,1967,1,1,2439628.5,701464.5,scientific,mock_arxiv,https://arxiv.org/abs/mock.1.5,en,scientific_paper,journal_article,,,"[""Author 6"", ""Co-Author 6""]",[],"[""archaeology""]",0.9,f5950b20b53464fe83e7321ee072c545,2025-11-04 00:25:20,2025-11-04 00:25:20
384,Research on medieval - Paper 10,This paper explores medieval from a historical perspective with modern analytical methods.,1967-10-18,1967,1,1,2439781.5,701617.5,scientific,mock_arxiv,https://arxiv.org/abs/mock.2.9,en,scientific_paper,journal_article,,,"[""Author 10"", ""Co-Author 10""]",[],"[""medieval""]",0.9,92ccceac95c86c166d59725ccc4d8970,2025-11-04 00:30:56,2025-11-04 00:30:56
471,Research on archaeology - Paper 17,This paper explores archaeology from a historical perspective with modern analytical methods.,1968-02-04,1968,1,1,2439890.5,701726.5,scientific,mock_arxiv,https://arxiv.org/abs/mock.1.16,en,scientific_paper,journal_article,,,"[""Author 17"", ""Co-Author 17""]",[],"[""archaeology""]",0.9,0a735a015a16849c923ea05897b78ae0,2025-11-04 00:42:42,2025-11-04 00:42:42
374,Research on archaeology - Paper 20,This paper explores archaeology from a historical perspective with modern analytical methods.,1968-04-13,1968,1,1,2439959.5,701795.5,scientific,mock_arxiv,https://arxiv.org/abs/mock.1.19,en,scientific_paper,journal_article,,,"[""Author 20"", ""Co-Author 20""]",[],"[""archaeology""]",0.9,0de3bd9255b4f8b07343781f75a9a747,2025-11-04 00:30:56,2025-11-04 00:30:56
250,Research on archaeology - Paper 16,This paper explores archaeology from a historical perspective with modern analytical methods.,1968-09-02,1968,1,1,2440101.5,701937.5,scientific,mock_arxiv,https://arxiv.org/abs/mock.1.15,en,scientific_paper,journal_article,,,"[""Author 16"", ""Co-Author 16""]",[],"[""archaeology""]",0.9,0b3da691d70387fff6e72e204112f55b,2025-11-04 00:25:20,2025-11-04 00:25:20
425,Research on chronology - Paper 11,This paper explores chronology from a historical perspective with modern analytical methods.,1968-10-02,1968,1,1,2440131.5,701967.5,scientific,mock_arxiv,https://arxiv.org/abs/mock.4.10,en,scientific_paper,journal_article,,,"[""Author 11"", ""Co-Author 11""]",[],"[""chronology""]",0.9,85d08827ff7b4557e587e7e42f9abdbf,2025-11-04 00:30:56,2025-11-04 00:30:56
451,Research on history - Paper 17,This paper explores history from a historical perspective with modern analytical methods.,1968-10-04,1968,1,1,2440133.5,701969.5,scientific,mock_arxiv,https://arxiv.org/abs/mock.0.16,en,scientific_paper,journal_article,,,"[""Author 17"", ""Co-Author 17""]",[],"[""history""]",0.9,f781bfb71ca7655a99190491eb8d9a7d,2025-11-04 00:42:42,2025-11-04 00:42:42
305,Research on chronology - Paper 11,This paper explores chronology from a historical perspective with modern analytical methods.,1968-10-22,1968,1,1,2440151.5,701987.5,scientific,mock_arxiv,https://arxiv.org/abs/mock.4.10,en,scientific_paper,journal_article,,,"[""Author 11"", ""Co-Author 11""]",[],"[""chronology""]",0.9,1e688d45d160bc9ed3f1735b5ac67286,2025-11-04 00:25:20,2025-11-04 00:25:20
532,Research on chronology - Paper 18,This paper explores chronology from a historical perspective with modern analytical methods.,1968-11-11,1968,1,1,2440171.5,702007.5,scientific,mock_arxiv,https://arxiv.org/abs/mock.4.17,en,scientific_paper,journal_article,,,"[""Author 18"", ""Co-Author 18""]",[],"[""chronology""]",0.9,670c95927cabb799818b75d2c4b76eb2,2025-11-04 00:42:42,2025-11-04 00:42:42
232,Research on history - Paper 18,This paper explores history from a historical perspective with modern analytical methods.,1968-12-02,1968,1,1,2440192.5,702028.5,scientific,mock_arxiv,https://arxiv.org/abs/mock.0.17,en,scientific_paper,journal_article,,,"[""Author 18"", ""Co-Author 18""]",[],"[""history""]",0.9,490a737deb64fbced575c1e009d1e088,2025-11-04 00:25:20,2025-11-04 00:25:20
467,Research on archaeology - Paper 13,This paper explores archaeology from a historical perspective with modern analytical methods.,1969-03-02,1969,1,1,2440282.5,702118.5,scientific,mock_arxiv,https://arxiv.org/abs/mock.1.12,en,scientific_paper,journal_article,,,"[""Author 13"", ""Co-Author 13""]",[],"[""archaeology""]",0.9,2a2bedf0cfd737f4dde56e9ed185607d,2025-11-04 00:42:42,2025-11-04 00:42:42
488,Research on medieval - Paper 14,This paper explores medieval from a historical perspective with modern analytical methods.,1969-06-19,1969,1,1,2440391.5,702227.5,scientific,mock_arxiv,https://arxiv.org/abs/mock.2.13,en,scientific_paper,journal_article,,,"[""Author 14"", ""Co-Author 14""]",[],"[""medieval""]",0.9,170fee2d4da642d65d435da351ddcf30,2025-11-04 00:42:42,2025-11-04 00:42:42
518,Research on chronology - Paper 4,This paper explores chronology from a historical perspective with modern analytical methods.,1970-02-07,1970,1,1,2440624.5,702460.5,scientific,mock_arxiv,https://arxiv.org/abs/mock.4.3,en,scientific_paper,journal_article,,,"[""Author 4"", ""Co-Author 4""]",[],"[""chronology""]",0.9,a7a5522fc5a1f8c7a6db022302db9c56,2025-11-04 00:42:42,2025-11-04 00:42:42
244,Research on archaeology - Paper 10,This paper explores archaeology from a historical perspective with modern analytical methods.,1970-02-13,1970,1,1,2440630.5,702466.5,scientific,mock_arxiv,https://arxiv.org/abs/mock.1.9,en,scientific_paper,journal_article,,,"[""Author 10"", ""Co-Author 10""]",[],"[""archaeology""]",0.9,ddaa768215545a70242a446964a060e5,2025-11-04 00:25:20,2025-11-04 00:25:20
275,Research on ancient - Paper 1,This paper explores ancient from a historical perspective with modern analytical methods.,1970-05-19,1970,1,1,2440725.5,702561.5,scientific,mock_arxiv,https://arxiv.org/abs/mock.3.0,en,scientific_paper,journal_article,,,"[""Author 1"", ""Co-Author 1""]",[],"[""ancient""]",0.9,c1c903231a76f68748ee20a1ba8f8196,2025-11-04 00:25:20,2025-11-04 00:25:20
264,Research on medieval - Paper 10,This paper explores medieval from a historical perspective with modern analytical methods.,1970-06-01,1970,1,1,2440738.5,702574.5,scientific,mock_arxiv,https://arxiv.org/abs/mock.2.9,en,scientific_paper,journal_article,,,"[""Author 10"", ""Co-Author 10""]",[],"[""medieval""]",0.9,359a19a60cbd38c7252e4c6e9742572c,2025-11-04 00:25:20,2025-11-04 00:25:20
470,Research on archaeology - Paper 16,This paper explores archaeology from a historical perspective with modern analytical methods.,1970-11-21,1970,1,1,2440911.5,702747.5,scientific,mock_arxiv,https://arxiv.org/abs/mock.1.15,en,scientific_paper,journal_article,,,"[""Author 16"", ""Co-Author 16""]",[],"[""archaeology""]",0.9,446f2a43bc35adebf7fb12b60c80b01d,2025-11-04 00:42:42,2025-11-04 00:42:42
348,Research on history - Paper 14,This paper explores history from a historical perspective with modern analytical methods.,1970-12-15,1970,1,1,2440935.5,702771.5,scientific,mock_arxiv,https://arxiv.org/abs/mock.0.13,en,scientific_paper,journal_article,,,"[""Author 14"", ""Co-Author 14""]",[],"[""history""]",0.9,4a3483a504e7e572ce61930125e06778,2025-11-04 00:30:56,2025-11-04 00:30:56
444,Research on history - Paper 10,This paper explores history from a historical perspective with modern analytical methods.,1970-12-24,1970,1,1,2440944.5,702780.5,scientific,mock_arxiv,https://arxiv.org/abs/mock.0.9,en,scientific_paper,journal_article,,,"[""Author 10"", ""Co-Author 10""]",[],"[""history""]",0.9,72ea03946176b37d8c9ba4bd27484255,2025-11-04 00:42:42,2025-11-04 00:42:42
341,Research on history - Paper 7,This paper explores history from a historical perspective with modern analytical methods.,1971-05-22,1971,1,1,2441093.5,702929.5,scientific,mock_arxiv,https://arxiv.org/abs/mock.0.6,en,scientific_paper,journal_article,,,"[""Author 7"", ""Co-Author 7""]",[],"[""history""]",0.9,720767cf0fec562f13bc1841c01341cd,2025-11-04 00:30:56,2025-11-04 00:30:56
428,Research on chronology - Paper 14,This paper explores chronology from a historical perspective with modern analytical methods.,1971-07-22,1971,1,1,2441154.5,702990.5,scientific,mock_arxiv,https://arxiv.org/abs/mock.4.13,en,scientific_paper,journal_article,,,"[""Author 14"", ""Co-Author 14""]",[],"[""chronology""]",0.9,71968145ca972a47bbdd9be159facd43,2025-11-04 00:30:56,2025-11-04 00:30:56
522,Research on chronology - Paper 8,This paper explores chronology from a historical perspective with modern analytical methods.,1971-09-16,1971,1,1,2441210.5,703046.5,scientific,mock_arxiv,https://arxiv.org/abs/mock.4.7,en,scientific_paper,journal_article,,,"[""Author 8"", ""Co-Author 8""]",[],"[""chronology""]",0.9,2bfdcd09bc5e5655e37a1828f9cf38ee,2025-11-04 00:42:42,2025-11-04 00:42:42
336,Research on history - Paper 2,This paper explores history from a historical perspective with modern analytical methods.,1971-11-17,1971,1,1,2441272.5,703108.5,scientific,mock_arxiv,https://arxiv.org/abs/mock.0.1,en,scientific_paper,journal_article,,,"[""Author 2"", ""Co-Author 2""]",[],"[""history""]",0.9,d663e2eabccf9eb24e4af9ef3c21bb7e,2025-11-04 00:30:56,2025-11-04 00:30:56
344,Research on history - Paper 10,This paper explores history from a historical perspective with modern analytical methods.,1972-03-14,1972,1,1,2441390.5,703226.5,scientific,mock_arxiv,https://arxiv.org/abs/mock.0.9,en,scientific_paper,journal_article,,,"[""Author 10"", ""Co-Author 10""]",[],"[""history""]",0.9,a41ede922618218a781bdc996b8e6333,2025-11-04 00:30:56,2025-11-04 00:30:56
398,Research on ancient - Paper 4,This paper explores ancient from a historical perspective with modern analytical methods.,1972-10-14,1972,1,1,2441604.5,703440.5,scientific,mock_arxiv,https://arxiv.org/abs/mock.3.3,en,scientific_paper,journal_article,,,"[""Author 4"", ""Co-Author 4""]",[],"[""ancient""]",0.9,e822a914c4c61163121a25a136906b44,2025-11-04 00:30:56,2025-11-04 00:30:56
439,Research on history - Paper 5,This paper explores history from a historical perspective with modern analytical methods.,1972-11-02,1972,1,1,2441623.5,703459.5,scientific,mock_arxiv,https://arxiv.org/abs/mock.0.4,en,scientific_paper,journal_article,,,"[""Author 5"", ""Co-Author 5""]",[],"[""history""]",0.9,2e6e880c93934da7bc071a337fc83635,2025-11-04 00:42:42,2025-11-04 00:42:42
360,Research on archaeology - Paper 6,This paper explores archaeology from a historical perspective with modern analytical methods.,1972-12-21,1972,1,1,2441672.5,703508.5,scientific,mock_arxiv,https://arxiv.org/abs/mock.1.5,en,scientific_paper,journal_article,,,"[""Author 6"", ""Co-Author 6""]",[],"[""archaeology""]",0.9,19f00751d73c3b7440475161de0263b3,2025-11-04 00:30:56,2025-11-04 00:30:56
304,Research on chronology - Paper 10,This paper explores chronology from a historical perspective with modern analytical methods.,1972-12-26,1972,1,1,2441677.5,703513.5,scientific,mock_arxiv,https://arxiv.org/abs/mock.4.9,en,scientific_paper,journal_article,,,"[""Author 10"", ""Co-Author 10""]",[],"[""chronology""]",0.9,c4d23ce3bbadb5081a9f0c11544b2315,2025-11-04 00:25:20,2025-11-04 00:25:20
501,Research on ancient - Paper 7,This paper explores ancient from a historical perspective with modern analytical methods.,1974-06-25,1974,1,1,2442223.5,704059.5,scientific,mock_arxiv,https://arxiv.org/abs/mock.3.6,en,scientific_paper,journal_article,,,"[""Author 7"", ""Co-Author 7""]",[],"[""ancient""]",0.9,70650758f12668c609ac25e6d85d1143,2025-11-04 00:42:42,2025-11-04 00:42:42
263,Research on medieval - Paper 9,This paper explores medieval from a historical perspective with modern analytical methods.,1974-12-04,1974,1,1,2442385.5,704221.5,scientific,mock_arxiv,https://arxiv.org/abs/mock.2.8,en,scientific_paper,journal_article,,,"[""Author 9"", ""Co-Author 9""]",[],"[""medieval""]",0.9,558260af979d44c7926885ebf100008c,2025-11-04 00:25:20,2025-11-04 00:25:20
224,Research on history - Paper 10,This paper explores history from a historical perspective with modern analytical methods.,1975-06-11,1975,1,1,2442574.5,704410.5,scientific,mock_arxiv,https://arxiv.org/abs/mock.0.9,en,scientific_paper,journal_article,,,"[""Author 10"", ""Co-Author 10""]",[],"[""history""]",0.9,ba31f3618973a2b80b2937015307696f,2025-11-04 00:25:20,2025-11-04 00:25:20
531,Research on chronology - Paper 17,This paper explores chronology from a historical perspective with modern analytical methods.,1975-07-05,1975,1,1,2442598.5,704434.5,scientific,mock_arxiv,https://arxiv.org/abs/mock.4.16,en,scientific_paper,journal_article,,,"[""Author 17"", ""Co-Author 17""]",[],"[""chronology""]",0.9,19c2740226ec7328c90c1d887b2a3af0,2025-11-04 00:42:42,2025-11-04 00:42:42
229,Research on history - Paper 15,This paper explores history from a historical perspective with modern analytical methods.,1975-10-03,1975,1,1,2442688.5,704524.5,scientific,mock_arxiv,https://arxiv.org/abs/mock.0.14,en,scientific_paper,journal_article,,,"[""Author 15"", ""Co-Author 15""]",[],"[""history""]",0.9,cbf9525a679eddf4a8c5ac9334105b20,2025-11-04 00:25:20,2025-11-04 00:25:20
533,Research on chronology - Paper 19,This paper explores chronology from a historical perspective with modern analytical methods.,1976-04-04,1976,1,1,2442872.5,704708.5,scientific,mock_arxiv,https://arxiv.org/abs/mock.4.18,en,scientific_paper,journal_article,,,"[""Author 19"", ""Co-Author 19""]",[],"[""chronology""]",0.9,6392590caf709904d492e16ae97cec00,2025-11-04 00:42:42,2025-11-04 00:42:42
309,Research on chronology - Paper 15,This paper explores chronology from a historical perspective with modern analytical methods.,1976-05-24,1976,1,1,2442922.5,704758.5,scientific,mock_arxiv,https://arxiv.org/abs/mock.4.14,en,scientific_paper,journal_article,,,"[""Author 15"", ""Co-Author 15""]",[],"[""chronology""]",0.9,3808894c4cd1687d9485a945d1032a00,2025-11-04 00:25:20,2025-11-04 00:25:20
387,Research on medieval - Paper 13,This paper explores medieval from a historical perspective with modern analytical methods.,1976-08-06,1976,1,1,2442996.5,704832.5,scientific,mock_arxiv,https://arxiv.org/abs/mock.2.12,en,scientific_paper,journal_article,,,"[""Author 13"", ""Co-Author 13""]",[],"[""medieval""]",0.9,0deee271acfc552c403a83c106aa2091,2025-11-04 00:30:56,2025-11-04 00:30:56
245,Research on archaeology - Paper 11,This paper explores archaeology from a historical perspective with modern analytical methods.,1976-09-16,1976,1,1,2443037.5,704873.5,scientific,mock_arxiv,https://arxiv.org/abs/mock.1.10,en,scientific_paper,journal_article,,,"[""Author 11"", ""Co-Author 11""]",[],"[""archaeology""]",0.9,8dc556844097a6d408b8bfe0a430ff1c,2025-11-04 00:25:20,2025-11-04 00:25:20
223,Research on history - Paper 9,This paper explores history from a historical perspective with modern analytical methods.,1976-11-08,1976,1,1,2443090.5,704926.5,scientific,mock_arxiv,https://arxiv.org/abs/mock.0.8,en,scientific_paper,journal_article,,,"[""Author 9"", ""Co-Author 9""]",[],"[""history""]",0.9,ed0eebbc2805ebb99449c615161dd464,2025-11-04 00:25:20,2025-11-04 00:25:20
283,Research on ancient - Paper 9,This paper explores ancient from a historical perspective with modern analytical methods.,1977-05-13,1977,1,1,2443276.5,705112.5,scientific,mock_arxiv,https://arxiv.org/abs/mock.3.8,en,scientific_paper,journal_article,,,"[""Author 9"", ""Co-Author 9""]",[],"[""ancient""]",0.9,4bebf4071d0aef9b7be4168e53997bb6,2025-11-04 00:25:20,2025-11-04 00:25:20
426,Research on chronology - Paper 12,This paper explores chronology from a historical perspective with modern analytical methods.,1977-07-27,1977,1,1,2443351.5,705187.5,scientific,mock_arxiv,https://arxiv.org/abs/mock.4.11,en,scientific_paper,journal_article,,,"[""Author 12"", ""Co-Author 12""]",[],"[""chronology""]",0.9,5a60b585e9ba1293df0083dc5dbe4c82,2025-11-04 00:30:56,2025-11-04 00:30:56
413,Research on ancient - Paper 19,This paper explores ancient from a historical perspective with modern analytical methods.,1978-01-24,1978,1,1,2443532.5,705368.5,scientific,mock_arxiv,https://arxiv.org/abs/mock.3.18,en,scientific_paper,journal_article,,,"[""Author 19"", ""Co-Author 19""]",[],"[""ancient""]",0.9,a731ff77ba6b4d38ba7e678315e1ca6f,2025-11-04 00:30:56,2025-11-04 00:30:56
417,Research on chronology - Paper 3,This paper explores chronology from a historical perspective with modern analytical methods.,1978-03-05,1978,1,1,2443572.5,705408.5,scientific,mock_arxiv,https://arxiv.org/abs/mock.4.2,en,scientific_paper,journal_article,,,"[""Author 3"", ""Co-Author 3""]",[],"[""chronology""]",0.9,266eb468920a5fdae1a8843309577163,2025-11-04 00:30:56,2025-11-04 00:30:56
383,Research on medieval - Paper 9,This paper explores medieval from a historical perspective with modern analytical methods.,1978-04-03,1978,1,1,2443601.5,705437.5,scientific,mock_arxiv,https://arxiv.org/abs/mock.2.8,en,scientific_paper,journal_article,,,"[""Author 9"", ""Co-Author 9""]",[],"[""medieval""]",0.9,c77c01e2090e238f3116616043ccad5c,2025-11-04 00:30:56,2025-11-04 00:30:56
430,Research on chronology - Paper 16,This paper explores chronology from a historical perspective with modern analytical methods.,1978-09-07,1978,1,1,2443758.5,705594.5,scientific,mock_arxiv,https://arxiv.org/abs/mock.4.15,en,scientific_paper,journal_article,,,"[""Author 16"", ""Co-Author 16""]",[],"[""chronology""]",0.9,e6a2345102413a13a95ae67a37cb6178,2025-11-04 00:30:56,2025-11-04 00:30:56
509,Research on ancient - Paper 15,This paper explores ancient from a historical perspective with modern analytical methods.,1978-12-16,1978,1,1,2443858.5,705694.5,scientific,mock_arxiv,https://arxiv.org/abs/mock.3.14,en,scientific_paper,journal_article,,,"[""Author 15"", ""Co-Author 15""]",[],"[""ancient""]",0.9,04fad6d9e556308ad896458fb4eea58f,2025-11-04 00:42:42,2025-11-04 00:42:42
422,Research on chronology - Paper 8,This paper explores chronology from a historical perspective with modern analytical methods.,1979-04-04,1979,1,1,2443967.5,705803.5,scientific,mock_arxiv,https://arxiv.org/abs/mock.4.7,en,scientific_paper,journal_article,,,"[""Author 8"", ""Co-Author 8""]",[],"[""chronology""]",0.9,08f6cfb9c2707309da56001a83afe5b6,2025-11-04 00:30:56,2025-11-04 00:30:56
530,Research on chronology - Paper 16,This paper explores chronology from a historical perspective with modern analytical methods.,1979-07-17,1979,1,1,2444071.5,705907.5,scientific,mock_arxiv,https://arxiv.org/abs/mock.4.15,en,scientific_paper,journal_article,,,"[""Author 16"", ""Co-Author 16""]",[],"[""chronology""]",0.9,84d858694959e5f1e362780d8d4525e0,2025-11-04 00:42:42,2025-11-04 00:42:42
366,Research on archaeology - Paper 12,This paper explores archaeology from a historical perspective with modern analytical methods.,1979-08-20,1979,1,1,2444105.5,705941.5,scientific,mock_arxiv,https://arxiv.org/abs/mock.1.11,en,scientific_paper,journal_article,,,"[""Author 12"", ""Co-Author 12""]",[],"[""archaeology""]",0.9,bd97bd7486f880e0f407f41f916ac93e,2025-11-04 00:30:56,2025-11-04 00:30:56
409,Research on ancient - Paper 15,This paper explores ancient from a historical perspective with modern analytical methods.,1979-08-24,1979,1,1,2444109.5,705945.5,scientific,mock_arxiv,https://arxiv.org/abs/mock.3.14,en,scientific_paper,journal_article,,,"[""Author 15"", ""Co-Author 15""]",[],"[""ancient""]",0.9,26b335a3e0289802e3d8ffb3e2ba5da2,2025-11-04 00:30:56,2025-11-04 00:30:56
365,Research on archaeology - Paper 11,This paper explores archaeology from a historical perspective with modern analytical methods.,1979-12-28,1979,1,1,2444235.5,706071.5,scientific,mock_arxiv,https://arxiv.org/abs/mock.1.10,en,scientific_paper,journal_article,,,"[""Author 11"", ""Co-Author 11""]",[],"[""archaeology""]",0.9,a3022e70b8035b21647932f4598c3809,2025-11-04 00:30:56,2025-11-04 00:30:56
458,Research on archaeology - Paper 4,This paper explores archaeology from a historical perspective with modern analytical methods.,1980-12-15,1980,1,1,2444588.5,706424.5,scientific,mock_arxiv,https://arxiv.org/abs/mock.1.3,en,scientific_paper,journal_article,,,"[""Author 4"", ""Co-Author 4""]",[],"[""archaeology""]",0.9,b8fcc56392200b0bd58f86b6c246052a,2025-11-04 00:42:42,2025-11-04 00:42:42
403,Research on ancient - Paper 9,This paper explores ancient from a historical perspective with modern analytical methods.,1981-01-18,1981,1,1,2444622.5,706458.5,scientific,mock_arxiv,https://arxiv.org/abs/mock.3.8,en,scientific_paper,journal_article,,,"[""Author 9"", ""Co-Author 9""]",[],"[""ancient""]",0.9,0109d0b82100dfbbf4b19f54436f64b4,2025-11-04 00:30:56,2025-11-04 00:30:56
424,Research on chronology - Paper 10,This paper explores chronology from a historical perspective with modern analytical methods.,1981-01-24,1981,1,1,2444628.5,706464.5,scientific,mock_arxiv,https://arxiv.org/abs/mock.4.9,en,scientific_paper,journal_article,,,"[""Author 10"", ""Co-Author 10""]",[],"[""chronology""]",0.9,192016f7747274995a21fe9fbdb9d08d,2025-11-04 00:30:56,2025-11-04 00:30:56
493,Research on medieval - Paper 19,This paper explores medieval from a historical perspective with modern analytical methods.,1981-01-24,1981,1,1,2444628.5,706464.5,scientific,mock_arxiv,https://arxiv.org/abs/mock.2.18,en,scientific_paper,journal_article,,,"[""Author 19"", ""Co-Author 19""]",[],"[""medieval""]",0.9,fb5da81772b737ebfa5144c20f96001a,2025-11-04 00:42:42,2025-11-04 00:42:42
308,Research on chronology - Paper 14,This paper explores chronology from a historical perspective with modern analytical methods.,1981-05-19,1981,1,1,2444743.5,706579.5,scientific,mock_arxiv,https://arxiv.org/abs/mock.4.13,en,scientific_paper,journal_article,,,"[""Author 14"", ""Co-Author 14""]",[],"[""chronology""]",0.9,fe34e1b678a5ad3279b70ddd0ef40683,2025-11-04 00:25:20,2025-11-04 00:25:20
368,Research on archaeology - Paper 14,This paper explores archaeology from a historical perspective with modern analytical methods.,1981-07-08,1981,1,1,2444793.5,706629.5,scientific,mock_arxiv,https://arxiv.org/abs/mock.1.13,en,scientific_paper,journal_article,,,"[""Author 14"", ""Co-Author 14""]",[],"[""archaeology""]",0.9,5158fc063fec21bde3599cb9f31c57dc,2025-11-04 00:30:56,2025-11-04 00:30:56
234,Research on history - Paper 20,This paper explores history from a historical perspective with modern analytical methods.,1981-08-11,1981,1,1,2444827.5,706663.5,scientific,mock_arxiv,https://arxiv.org/abs/mock.0.19,en,scientific_paper,journal_article,,,"[""Author 20"", ""Co-Author 20""]",[],"[""history""]",0.9,6352629d352f2b984585db1bbdbbaea2,2025-11-04 00:25:20,2025-11-04 00:25:20
519,Research on chronology - Paper 5,This paper explores chronology from a historical perspective with modern analytical methods.,1981-08-14,1981,1,1,2444830.5,706666.5,scientific,mock_arxiv,https://arxiv.org/abs/mock.4.4,en,scientific_paper,journal_article,,,"[""Author 5"", ""Co-Author 5""]",[],"[""chronology""]",0.9,a9817624dc216a7f7bad46735145405c,2025-11-04 00:42:42,2025-11-04 00:42:42
517,Research on chronology - Paper 3,This paper explores chronology from a historical perspective with modern analytical methods.,1981-10-24,1981,1,1,2444901.5,706737.5,scientific,mock_arxiv,https://arxiv.org/abs/mock.4.2,en,scientific_paper,journal_article,,,"[""Author 3"", ""Co-Author 3""]",[],"[""chronology""]",0.9,ab11b70ce38c3d27f72542a57ce8ec4f,2025-11-04 00:42:42,2025-11-04 00:42:42
427,Research on chronology - Paper 13,This paper explores chronology from a historical perspective with modern analytical methods.,1982-01-13,1982,1,1,2444982.5,706818.5,scientific,mock_arxiv,https://arxiv.org/abs/mock.4.12,en,scientific_paper,journal_article,,,"[""Author 13"", ""Co-Author 13""]",[],"[""chronology""]",0.9,b074427186efe09f75e6e33a7c2c630e,2025-11-04 00:30:56,2025-11-04 00:30:56
420,Research on chronology - Paper 6,This paper explores chronology from a historical perspective with modern analytical methods.,1982-06-07,1982,1,1,2445127.5,706963.5,scientific,mock_arxiv,https://arxiv.org/abs/mock.4.5,en,scientific_paper,journal_article,,,"[""Author 6"", ""Co-Author 6""]",[],"[""chronology""]",0.9,566e3e912a0e19f8c394dc86c839b12b,2025-11-04 00:30:56,2025-11-04 00:30:56
436,Research on history - Paper 2,This paper explores history from a historical perspective with modern analytical methods.,1982-07-18,1982,1,1,2445168.5,707004.5,scientific,mock_arxiv,https://arxiv.org/abs/mock.0.1,en,scientific_paper,journal_article,,,"[""Author 2"", ""Co-Author 2""]",[],"[""history""]",0.9,58b338f121129ddc7108e8f37e434439,2025-11-04 00:42:42,2025-11-04 00:42:42
516,Research on chronology - Paper 2,This paper explores chronology from a historical perspective with modern analytical methods.,1982-11-15,1982,1,1,2445288.5,707124.5,scientific,mock_arxiv,https://arxiv.org/abs/mock.4.1,en,scientific_paper,journal_article,,,"[""Author 2"", ""Co-Author 2""]",[],"[""chronology""]",0.9,92cdcb333c1fa5a22bf27a3e58da6f42,2025-11-04 00:42:42,2025-11-04 00:42:42
463,Research on archaeology - Paper 9,This paper explores archaeology from a historical perspective with modern analytical methods.,1983-01-11,1983,1,1,2445345.5,707181.5,scientific,mock_arxiv,https://arxiv.org/abs/mock.1.8,en,scientific_paper,journal_article,,,"[""Author 9"", ""Co-Author 9""]",[],"[""archaeology""]",0.9,9a8b6e5cf1f06e06338a7af96c541c86,2025-11-04 00:42:42,2025-11-04 00:42:42
267,Research on medieval - Paper 13,This paper explores medieval from a historical perspective with modern analytical methods.,1983-06-07,1983,1,1,2445492.5,707328.5,scientific,mock_arxiv,https://arxiv.org/abs/mock.2.12,en,scientific_paper,journal_article,,,"[""Author 13"", ""Co-Author 13""]",[],"[""medieval""]",0.9,7e3a5471d1d6b0f78d3fe316cd9f2da4,2025-11-04 00:25:20,2025-11-04 00:25:20
502,Research on ancient - Paper 8,This paper explores ancient from a historical perspective with modern analytical methods.,1983-06-13,1983,1,1,2445498.5,707334.5,scientific,mock_arxiv,https://arxiv.org/abs/mock.3.7,en,scientific_paper,journal_article,,,"[""Author 8"", ""Co-Author 8""]",[],"[""ancient""]",0.9,ad5f558be67ddf82abab4e4b00d97fd1,2025-11-04 00:42:42,2025-11-04 00:42:42
472,Research on archaeology - Paper 18,This paper explores archaeology from a historical perspective with modern analytical methods.,1983-07-15,1983,1,1,2445530.5,707366.5,scientific,mock_arxiv,https://arxiv.org/abs/mock.1.17,en,scientific_paper,journal_article,,,"[""Author 18"", ""Co-Author 18""]",[],"[""archaeology""]",0.9,229d6517915b1d841ff05bea4ba3bc84,2025-11-04 00:42:42,2025-11-04 00:42:42
435,Research on history - Paper 1,This paper explores history from a historical perspective with modern analytical methods.,1983-08-12,1983,1,1,2445558.5,707394.5,scientific,mock_arxiv,https://arxiv.org/abs/mock.0.0,en,scientific_paper,journal_article,,,"[""Author 1"", ""Co-Author 1""]",[],"[""history""]",0.9,ab9adb1b4f39dd1b9bb0fa9f3e325b01,2025-11-04 00:42:42,2025-11-04 00:42:42
342,Research on history - Paper 8,This paper explores history from a historical perspective with modern analytical methods.,1983-09-18,1983,1,1,2445595.5,707431.5,scientific,mock_arxiv,https://arxiv.org/abs/mock.0.7,en,scientific_paper,journal_article,,,"[""Author 8"", ""Co-Author 8""]",[],"[""history""]",0.9,ae59bf51fafc5353f98948c4b335d85f,2025-11-04 00:30:56,2025-11-04 00:30:56
526,Research on chronology - Paper 12,This paper explores chronology from a historical perspective with modern analytical methods.,1983-10-18,1983,1,1,2445625.5,707461.5,scientific,mock_arxiv,https://arxiv.org/abs/mock.4.11,en,scientific_paper,journal_article,,,"[""Author 12"", ""Co-Author 12""]",[],"[""chronology""]",0.9,b091caffcf586952787eb61ced829c73,2025-11-04 00:42:42,2025-11-04 00:42:42
448,Research on history - Paper 14,This paper explores history from a historical perspective with modern analytical methods.,1983-11-12,1983,1,1,2445650.5,707486.5,scientific,mock_arxiv,https://arxiv.org/abs/mock.0.13,en,scientific_paper,journal_article,,,"[""Author 14"", ""Co-Author 14""]",[],"[""history""]",0.9,86a25cc844b3354286d2896a32d431d1,2025-11-04 00:42:42,2025-11-04 00:42:42
490,Research on medieval - Paper 16,This paper explores medieval from a historical perspective with modern analytical methods.,1984-01-17,1984,1,1,2445716.5,707552.5,scientific,mock_arxiv,https://arxiv.org/abs/mock.2.15,en,scientific_paper,journal_article,,,"[""Author 16"", ""Co-Author 16""]",[],"[""medieval""]",0.9,329e900fecf13e3d18d0b4e7213c389d,2025-11-04 00:42:42,2025-11-04 00:42:42
289,Research on ancient - Paper 15,This paper explores ancient from a historical perspective with modern analytical methods.,1984-08-01,1984,1,1,2445913.5,707749.5,scientific,mock_arxiv,https://arxiv.org/abs/mock.3.14,en,scientific_paper,journal_article,,,"[""Author 15"", ""Co-Author 15""]",[],"[""ancient""]",0.9,ad557dde2ab1ce47a9294d8cc5c9e048,2025-11-04 00:25:20,2025-11-04 00:25:20
394,Research on medieval - Paper 20,This paper explores medieval from a historical perspective with modern analytical methods.,1984-08-23,1984,1,1,2445935.5,707771.5,scientific,mock_arxiv,https://arxiv.org/abs/mock.2.19,en,scientific_paper,journal_article,,,"[""Author 20"", ""Co-Author 20""]",[],"[""medieval""]",0.9,71e1998ad8d02866c051657835432f88,2025-11-04 00:30:56,2025-11-04 00:30:56
461,Research on archaeology - Paper 7,This paper explores archaeology from a historical perspective with modern analytical methods.,1984-08-28,1984,1,1,2445940.5,707776.5,scientific,mock_arxiv,https://arxiv.org/abs/mock.1.6,en,scientific_paper,journal_article,,,"[""Author 7"", ""Co-Author 7""]",[],"[""archaeology""]",0.9,b83590694f780a65509f2f24a9b0863e,2025-11-04 00:42:42,2025-11-04 00:42:42
294,Research on ancient - Paper 20,This paper explores ancient from a historical perspective with modern analytical methods.,1984-09-10,1984,1,1,2445953.5,707789.5,scientific,mock_arxiv,https://arxiv.org/abs/mock.3.19,en,scientific_paper,journal_article,,,"[""Author 20"", ""Co-Author 20""]",[],"[""ancient""]",0.9,85e330aceb6137527de073d1f1b9c6c6,2025-11-04 00:25:20,2025-11-04 00:25:20
231,Research on history - Paper 17,This paper explores history from a historical perspective with modern analytical methods.,1984-12-03,1984,1,1,2446037.5,707873.5,scientific,mock_arxiv,https://arxiv.org/abs/mock.0.16,en,scientific_paper,journal_article,,,"[""Author 17"", ""Co-Author 17""]",[],"[""history""]",0.9,2428a9251913f133d0f23feb298abfb7,2025-11-04 00:25:20,2025-11-04 00:25:20
247,Research on archaeology - Paper 13,This paper explores archaeology from a historical perspective with modern analytical methods.,1985-03-06,1985,1,1,2446130.5,707966.5,scientific,mock_arxiv,https://arxiv.org/abs/mock.1.12,en,scientific_paper,journal_article,,,"[""Author 13"", ""Co-Author 13""]",[],"[""archaeology""]",0.9,52c3ce271845ad775a9294881918ec7d,2025-11-04 00:25:20,2025-11-04 00:25:20
375,Research on medieval - Paper 1,This paper explores medieval from a historical perspective with modern analytical methods.,1985-07-07,1985,1,1,2446253.5,708089.5,scientific,mock_arxiv,https://arxiv.org/abs/mock.2.0,en,scientific_paper,journal_article,,,"[""Author 1"", ""Co-Author 1""]",[],"[""medieval""]",0.9,e8bddef1b4e7dea17b933278a9168995,2025-11-04 00:30:56,2025-11-04 00:30:56
254,Research on archaeology - Paper 20,This paper explores archaeology from a historical perspective with modern analytical methods.,1985-07-17,1985,1,1,2446263.5,708099.5,scientific,mock_arxiv,https://arxiv.org/abs/mock.1.19,en,scientific_paper,journal_article,,,"[""Author 20"", ""Co-Author 20""]",[],"[""archaeology""]",0.9,780e5934c92d7d6cff856538d0338a53,2025-11-04 00:25:20,2025-11-04 00:25:20
523,Research on chronology - Paper 9,This paper explores chronology from a historical perspective with modern analytical methods.,1985-10-21,1985,1,1,2446359.5,708195.5,scientific,mock_arxiv,https://arxiv.org/abs/mock.4.8,en,scientific_paper,journal_article,,,"[""Author 9"", ""Co-Author 9""]",[],"[""chronology""]",0.9,bcfdaacb04ed984da9b0f6bb83c146f5,2025-11-04 00:42:42,2025-11-04 00:42:42
253,Research on archaeology - Paper 19,This paper explores archaeology from a historical perspective with modern analytical methods.,1985-11-26,1985,1,1,2446395.5,708231.5,scientific,mock_arxiv,https://arxiv.org/abs/mock.1.18,en,scientific_paper,journal_article,,,"[""Author 19"", ""Co-Author 19""]",[],"[""archaeology""]",0.9,efc48f65a2004d3e55cbcac5439e0b8f,2025-11-04 00:25:20,2025-11-04 00:25:20
292,Research on ancient - Paper 18,This paper explores ancient from a historical perspective with modern analytical methods.,1986-08-03,1986,1,1,2446645.5,708481.5,scientific,mock_arxiv,https://arxiv.org/abs/mock.3.17,en,scientific_paper,journal_article,,,"[""Author 18"", ""Co-Author 18""]",[],"[""ancient""]",0.9,86c20b8442b7eefce0f4dc9ea5777ae6,2025-11-04 00:25:20,2025-11-04 00:25:20
358,Research on archaeology - Paper 4,This paper explores archaeology from a historical perspective with modern analytical methods.,1986-08-11,1986,1,1,2446653.5,708489.5,scientific,mock_arxiv,https://arxiv.org/abs/mock.1.3,en,scientific_paper,journal_article,,,"[""Author 4"", ""Co-Author 4""]",[],"[""archaeology""]",0.9,9d321779e39ae99177665ee5c9058ed8,2025-11-04 00:30:56,2025-11-04 00:30:56
349,Research on history - Paper 15,This paper explores history from a historical perspective with modern analytical methods.,1986-12-11,1986,1,1,2446775.5,708611.5,scientific,mock_arxiv,https://arxiv.org/abs/mock.0.14,en,scientific_paper,journal_article,,,"[""Author 15"", ""Co-Author 15""]",[],"[""history""]",0.9,0d3c932b5e01794a1392ae5111559a2c,2025-11-04 00:30:56,2025-11-04 00:30:56
299,Research on chronology - Paper 5,This paper explores chronology from a historical perspective with modern analytical methods.,1987-02-20,1987,1,1,2446846.5,708682.5,scientific,mock_arxiv,https://arxiv.org/abs/mock.4.4,en,scientific_paper,journal_article,,,"[""Author 5"", ""Co-Author 5""]",[],"[""chronology""]",0.9,1da80c6fe3808faa64ab35f8a87eb403,2025-11-04 00:25:20,2025-11-04 00:25:20
298,Research on chronology - Paper 4,This paper explores chronology from a historical perspective with modern analytical methods.,1987-08-02,1987,1,1,2447009.5,708845.5,scientific,mock_arxiv,https://arxiv.org/abs/mock.4.3,en,scientific_paper,journal_article,,,"[""Author 4"", ""Co-Author 4""]",[],"[""chronology""]",0.9,bf595d965292a757164db181cb427a9a,2025-11-04 00:25:20,2025-11-04 00:25:20
400,Research on ancient - Paper 6,This paper explores ancient from a historical perspective with modern analytical methods.,1987-09-21,1987,1,1,2447059.5,708895.5,scientific,mock_arxiv,https://arxiv.org/abs/mock.3.5,en,scientific_paper,journal_article,,,"[""Author 6"", ""Co-Author 6""]",[],"[""ancient""]",0.9,258168e8ecce04a1f2d15a02ce58ca16,2025-11-04 00:30:56,2025-11-04 00:30:56
380,Research on medieval - Paper 6,This paper explores medieval from a historical perspective with modern analytical methods.,1987-10-23,1987,1,1,2447091.5,708927.5,scientific,mock_arxiv,https://arxiv.org/abs/mock.2.5,en,scientific_paper,journal_article,,,"[""Author 6"", ""Co-Author 6""]",[],"[""medieval""]",0.9,d72b19b62301b3b65d264e04a3fa6208,2025-11-04 00:30:56,2025-11-04 00:30:56
514,Research on ancient - Paper 20,This paper explores ancient from a historical perspective with modern analytical methods.,1988-05-22,1988,1,1,2447303.5,709139.5,scientific,mock_arxiv,https://arxiv.org/abs/mock.3.19,en,scientific_paper,journal_article,,,"[""Author 20"", ""Co-Author 20""]",[],"[""ancient""]",0.9,c1ee0fbd73828c3afa75e83f0e7f0446,2025-11-04 00:42:42,2025-11-04 00:42:42
363,Research on archaeology - Paper 9,This paper explores archaeology from a historical perspective with modern analytical methods.,1988-06-26,1988,1,1,2447338.5,709174.5,scientific,mock_arxiv,https://arxiv.org/abs/mock.1.8,en,scientific_paper,journal_article,,,"[""Author 9"", ""Co-Author 9""]",[],"[""archaeology""]",0.9,58bfe2000ac9619245a7cdeb8458e559,2025-11-04 00:30:56,2025-11-04 00:30:56
378,Research on medieval - Paper 4,This paper explores medieval from a historical perspective with modern analytical methods.,1989-04-09,1989,1,1,2447625.5,709461.5,scientific,mock_arxiv,https://arxiv.org/abs/mock.2.3,en,scientific_paper,journal_article,,,"[""Author 4"", ""Co-Author 4""]",[],"[""medieval""]",0.9,793087576b0d956b385c07c8b8cf01b5,2025-11-04 00:30:56,2025-11-04 00:30:56
293,Research on ancient - Paper 19,This paper explores ancient from a historical perspective with modern analytical methods.,1989-06-05,1989,1,1,2447682.5,709518.5,scientific,mock_arxiv,https://arxiv.org/abs/mock.3.18,en,scientific_paper,journal_article,,,"[""Author 19"", ""Co-Author 19""]",[],"[""ancient""]",0.9,36e70bbdfeebe8a0bacfb8e8959501e6,2025-11-04 00:25:20,2025-11-04 00:25:20
432,Research on chronology - Paper 18,This paper explores chronology from a historical perspective with modern analytical methods.,1989-06-24,1989,1,1,2447701.5,709537.5,scientific,mock_arxiv,https://arxiv.org/abs/mock.4.17,en,scientific_paper,journal_article,,,"[""Author 18"", ""Co-Author 18""]",[],"[""chronology""]",0.9,20fbf40fe34995f0d0024a3985bfa895,2025-11-04 00:30:56,2025-11-04 00:30:56
260,Research on medieval - Paper 6,This paper explores medieval from a historical perspective with modern analytical methods.,1990-01-20,1990,1,1,2447911.5,709747.5,scientific,mock_arxiv,https://arxiv.org/abs/mock.2.5,en,scientific_paper,journal_article,,,"[""Author 6"", ""Co-Author 6""]",[],"[""medieval""]",0.9,88a883ff7bc64ee75acb0cf0b0d72864,2025-11-04 00:25:20,2025-11-04 00:25:20
393,Research on medieval - Paper 19,This paper explores medieval from a historical perspective with modern analytical methods.,1990-01-22,1990,1,1,2447913.5,709749.5,scientific,mock_arxiv,https://arxiv.org/abs/mock.2.18,en,scientific_paper,journal_article,,,"[""Author 19"", ""Co-Author 19""]",[],"[""medieval""]",0.9,67545a188252fdb45dff014eb8c4230d,2025-11-04 00:30:56,2025-11-04 00:30:56
459,Research on archaeology - Paper 5,This paper explores archaeology from a historical perspective with modern analytical methods.,1990-07-20,1990,1,1,2448092.5,709928.5,scientific,mock_arxiv,https://arxiv.org/abs/mock.1.4,en,scientific_paper,journal_article,,,"[""Author 5"", ""Co-Author 5""]",[],"[""archaeology""]",0.9,c3da1eb8728581a1e446d47a7a822327,2025-11-04 00:42:42,2025-11-04 00:42:42
259,Research on medieval - Paper 5,This paper explores medieval from a historical perspective with modern analytical methods.,1990-08-19,1990,1,1,2448122.5,709958.5,scientific,mock_arxiv,https://arxiv.org/abs/mock.2.4,en,scientific_paper,journal_article,,,"[""Author 5"", ""Co-Author 5""]",[],"[""medieval""]",0.9,f3d5489c02dd0802903d5f8cc4f8a29a,2025-11-04 00:25:20,2025-11-04 00:25:20
258,Research on medieval - Paper 4,This paper explores medieval from a historical perspective with modern analytical methods.,1991-05-15,1991,1,1,2448391.5,710227.5,scientific,mock_arxiv,https://arxiv.org/abs/mock.2.3,en,scientific_paper,journal_article,,,"[""Author 4"", ""Co-Author 4""]",[],"[""medieval""]",0.9,461aece9c4760c04605f331005bdbb6e,2025-11-04 00:25:20,2025-11-04 00:25:20
310,Research on chronology - Paper 16,This paper explores chronology from a historical perspective with modern analytical methods.,1991-09-21,1991,1,1,2448520.5,710356.5,scientific,mock_arxiv,https://arxiv.org/abs/mock.4.15,en,scientific_paper,journal_article,,,"[""Author 16"", ""Co-Author 16""]",[],"[""chronology""]",0.9,94a14986571285c8d99aca0c5615b67c,2025-11-04 00:25:20,2025-11-04 00:25:20
524,Research on chronology - Paper 10,This paper explores chronology from a historical perspective with modern analytical methods.,1991-12-11,1991,1,1,2448601.5,710437.5,scientific,mock_arxiv,https://arxiv.org/abs/mock.4.9,en,scientific_paper,journal_article,,,"[""Author 10"", ""Co-Author 10""]",[],"[""chronology""]",0.9,ab7e0a8f336e6f03548186c46ffa5e50,2025-11-04 00:42:42,2025-11-04 00:42:42
301,Research on chronology - Paper 7,This paper explores chronology from a historical perspective with modern analytical methods.,1992-11-14,1992,1,1,2448940.5,710776.5,scientific,mock_arxiv,https://arxiv.org/abs/mock.4.6,en,scientific_paper,journal_article,,,"[""Author 7"", ""Co-Author 7""]",[],"[""chronology""]",0.9,5d776669ed0515ac503e881ab595bc7f,2025-11-04 00:25:20,2025-11-04 00:25:20
406,Research on ancient - Paper 12,This paper explores ancient from a historical perspective with modern analytical methods.,1993-02-07,1993,1,1,2449025.5,710861.5,scientific,mock_arxiv,https://arxiv.org/abs/mock.3.11,en,scientific_paper,journal_article,,,"[""Author 12"", ""Co-Author 12""]",[],"[""ancient""]",0.9,cf70e5e769130497271e9076cc582295,2025-11-04 00:30:56,2025-11-04 00:30:56
296,Research on chronology - Paper 2,This paper explores chronology from a historical perspective with modern analytical methods.,1993-05-24,1993,1,1,2449131.5,710967.5,scientific,mock_arxiv,https://arxiv.org/abs/mock.4.1,en,scientific_paper,journal_article,,,"[""Author 2"", ""Co-Author 2""]",[],"[""chronology""]",0.9,c7ad4d1e6c4535f50dd0f5f2b96cfdb9,2025-11-04 00:25:20,2025-11-04 00:25:20
227,Research on history - Paper 13,This paper explores history from a historical perspective with modern analytical methods.,1993-10-04,1993,1,1,2449264.5,711100.5,scientific,mock_arxiv,https://arxiv.org/abs/mock.0.12,en,scientific_paper,journal_article,,,"[""Author 13"", ""Co-Author 13""]",[],"[""history""]",0.9,febf88eaf3452be03b76a3db0454c3a6,2025-11-04 00:25:20,2025-11-04 00:25:20
449,Research on history - Paper 15,This paper explores history from a historical perspective with modern analytical methods.,1994-02-16,1994,1,1,2449399.5,711235.5,scientific,mock_arxiv,https://arxiv.org/abs/mock.0.14,en,scientific_paper,journal_article,,,"[""Author 15"", ""Co-Author 15""]",[],"[""history""]",0.9,947e70b3182fd1dbbc24398ffee05a3c,2025-11-04 00:42:42,2025-11-04 00:42:42
520,Research on chronology - Paper 6,This paper explores chronology from a historical perspective with modern analytical methods.,1994-03-03,1994,1,1,2449414.5,711250.5,scientific,mock_arxiv,https://arxiv.org/abs/mock.4.5,en,scientific_paper,journal_article,,,"[""Author 6"", ""Co-Author 6""]",[],"[""chronology""]",0.9,a80af109f8879b037532973c52b8afe3,2025-11-04 00:42:42,2025-11-04 00:42:42
416,Research on chronology - Paper 2,This paper explores chronology from a historical perspective with modern analytical methods.,1994-04-24,1994,1,1,2449466.5,711302.5,scientific,mock_arxiv,https://arxiv.org/abs/mock.4.1,en,scientific_paper,journal_article,,,"[""Author 2"", ""Co-Author 2""]",[],"[""chronology""]",0.9,964e20e94dba01f0b0b15f9fff9aa1d8,2025-11-04 00:30:56,2025-11-04 00:30:56
369,Research on archaeology - Paper 15,This paper explores archaeology from a historical perspective with modern analytical methods.,1994-07-11,1994,1,1,2449544.5,711380.5,scientific,mock_arxiv,https://arxiv.org/abs/mock.1.14,en,scientific_paper,journal_article,,,"[""Author 15"", ""Co-Author 15""]",[],"[""archaeology""]",0.9,44c36794d3f03beca43716cfa1af3e3e,2025-11-04 00:30:56,2025-11-04 00:30:56
491,Research on medieval - Paper 17,This paper explores medieval from a historical perspective with modern analytical methods.,1994-09-05,1994,1,1,2449600.5,711436.5,scientific,mock_arxiv,https://arxiv.org/abs/mock.2.16,en,scientific_paper,journal_article,,,"[""Author 17"", ""Co-Author 17""]",[],"[""medieval""]",0.9,088d55ae1758bc36aedb6fdce8a29624,2025-11-04 00:42:42,2025-11-04 00:42:42
222,Research on history - Paper 8,This paper explores history from a historical perspective with modern analytical methods.,1994-10-11,1994,1,1,2449636.5,711472.5,scientific,mock_arxiv,https://arxiv.org/abs/mock.0.7,en,scientific_paper,journal_article,,,"[""Author 8"", ""Co-Author 8""]",[],"[""history""]",0.9,8f0cf42f7ce922c050057b0c0ccd01cd,2025-11-04 00:25:20,2025-11-04 00:25:20
456,Research on archaeology - Paper 2,This paper explores archaeology from a historical perspective with modern analytical methods.,1995-02-06,1995,1,1,2449754.5,711590.5,scientific,mock_arxiv,https://arxiv.org/abs/mock.1.1,en,scientific_paper,journal_article,,,"[""Author 2"", ""Co-Author 2""]",[],"[""archaeology""]",0.9,9a8f0ec832eb5a50e871892446e98628,2025-11-04 00:42:42,2025-11-04 00:42:42
215,Research on history - Paper 1,This paper explores history from a historical perspective with modern analytical methods.,1995-02-12,1995,1,1,2449760.5,711596.5,scientific,mock_arxiv,https://arxiv.org/abs/mock.0.0,en,scientific_paper,journal_article,,,"[""Author 1"", ""Co-Author 1""]",[],"[""history""]",0.9,a6c3b9ae249a225a1ae5b6f5f948a5e5,2025-11-04 00:25:20,2025-11-04 00:25:20
266,Research on medieval - Paper 12,This paper explores medieval from a historical perspective with modern analytical methods.,1995-04-10,1995,1,1,2449817.5,711653.5,scientific,mock_arxiv,https://arxiv.org/abs/mock.2.11,en,scientific_paper,journal_article,,,"[""Author 12"", ""Co-Author 12""]",[],"[""medieval""]",0.9,3f0fb369a0c278d209a77e3c216e928d,2025-11-04 00:25:20,2025-11-04 00:25:20
353,Research on history - Paper 19,This paper explores history from a historical perspective with modern analytical methods.,1995-04-27,1995,1,1,2449834.5,711670.5,scientific,mock_arxiv,https://arxiv.org/abs/mock.0.18,en,scientific_paper,journal_article,,,"[""Author 19"", ""Co-Author 19""]",[],"[""history""]",0.9,7f350f02384b364429b093e30603134f,2025-11-04 00:30:56,2025-11-04 00:30:56
506,Research on ancient - Paper 12,This paper explores ancient from a historical perspective with modern analytical methods.,1995-07-17,1995,1,1,2449915.5,711751.5,scientific,mock_arxiv,https://arxiv.org/abs/mock.3.11,en,scientific_paper,journal_article,,,"[""Author 12"", ""Co-Author 12""]",[],"[""ancient""]",0.9,32a6ce67c6b8afa5cf99a7dc163de440,2025-11-04 00:42:42,2025-11-04 00:42:42
359,Research on archaeology - Paper 5,This paper explores archaeology from a historical perspective with modern analytical methods.,1995-07-25,1995,1,1,2449923.5,711759.5,scientific,mock_arxiv,https://arxiv.org/abs/mock.1.4,en,scientific_paper,journal_article,,,"[""Author 5"", ""Co-Author 5""]",[],"[""archaeology""]",0.9,239baf64859bc142e1547cb8bca6bfd3,2025-11-04 00:30:56,2025-11-04 00:30:56
276,Research on ancient - Paper 2,This paper explores ancient from a historical perspective with modern analytical methods.,1995-08-23,1995,1,1,2449952.5,711788.5,scientific,mock_arxiv,https://arxiv.org/abs/mock.3.1,en,scientific_paper,journal_article,,,"[""Author 2"", ""Co-Author 2""]",[],"[""ancient""]",0.9,1761aa467131c61faf4fa2b6c57e07ca,2025-11-04 00:25:20,2025-11-04 00:25:20
423,Research on chronology - Paper 9,This paper explores chronology from a historical perspective with modern analytical methods.,1995-10-08,1995,1,1,2449998.5,711834.5,scientific,mock_arxiv,https://arxiv.org/abs/mock.4.8,en,scientific_paper,journal_article,,,"[""Author 9"", ""Co-Author 9""]",[],"[""chronology""]",0.9,e0299d91ec2167bf2973d50be4424c87,2025-11-04 00:30:56,2025-11-04 00:30:56
347,Research on history - Paper 13,This paper explores history from a historical perspective with modern analytical methods.,1995-10-17,1995,1,1,2450007.5,711843.5,scientific,mock_arxiv,https://arxiv.org/abs/mock.0.12,en,scientific_paper,journal_article,,,"[""Author 13"", ""Co-Author 13""]",[],"[""history""]",0.9,0ff30a133ade1779e2183b10c80e6b8f,2025-11-04 00:30:56,2025-11-04 00:30:56
278,Research on ancient - Paper 4,This paper explores ancient from a historical perspective with modern analytical methods.,1995-11-21,1995,1,1,2450042.5,711878.5,scientific,mock_arxiv,https://arxiv.org/abs/mock.3.3,en,scientific_paper,journal_article,,,"[""Author 4"", ""Co-Author 4""]",[],"[""ancient""]",0.9,80f77f0e88660aa9d02bfbfd05e55178,2025-11-04 00:25:20,2025-11-04 00:25:20
419,Research on chronology - Paper 5,This paper explores chronology from a historical perspective with modern analytical methods.,1995-12-08,1995,1,1,2450059.5,711895.5,scientific,mock_arxiv,https://arxiv.org/abs/mock.4.4,en,scientific_paper,journal_article,,,"[""Author 5"", ""Co-Author 5""]",[],"[""chronology""]",0.9,d4ce59330e223f1bf055f7014693f38e,2025-11-04 00:30:56,2025-11-04 00:30:56
438,Research on history - Paper 4,This paper explores history from a historical perspective with modern analytical methods.,1995-12-22,1995,1,1,2450073.5,711909.5,scientific,mock_arxiv,https://arxiv.org/abs/mock.0.3,en,scientific_paper,journal_article,,,"[""Author 4"", ""Co-Author 4""]",[],"[""history""]",0.9,d1e43a0a3a50ed051575696bf5598f69,2025-11-04 00:42:42,2025-11-04 00:42:42
255,Research on medieval - Paper 1,This paper explores medieval from a historical perspective with modern analytical methods.,1996-05-01,1996,1,1,2450204.5,712040.5,scientific,mock_arxiv,https://arxiv.org/abs/mock.2.0,en,scientific_paper,journal_article,,,"[""Author 1"", ""Co-Author 1""]",[],"[""medieval""]",0.9,79564b397e6f507d36ebe13814b2fdba,2025-11-04 00:25:20,2025-11-04 00:25:20
280,Research on ancient - Paper 6,This paper explores ancient from a historical perspective with modern analytical methods.,1996-05-13,1996,1,1,2450216.5,712052.5,scientific,mock_arxiv,https://arxiv.org/abs/mock.3.5,en,scientific_paper,journal_article,,,"[""Author 6"", ""Co-Author 6""]",[],"[""ancient""]",0.9,a34f2294b6b840598617fb023c182f58,2025-11-04 00:25:20,2025-11-04 00:25:20
469,Research on archaeology - Paper 15,This paper explores archaeology from a historical perspective with modern analytical methods.,1996-06-11,1996,1,1,2450245.5,712081.5,scientific,mock_arxiv,https://arxiv.org/abs/mock.1.14,en,scientific_paper,journal_article,,,"[""Author 15"", ""Co-Author 15""]",[],"[""archaeology""]",0.9,8f8518aaba7d847c54c0e9956528c802,2025-11-04 00:42:42,2025-11-04 00:42:42
496,Research on ancient - Paper 2,This paper explores ancient from a historical perspective with modern analytical methods.,1996-08-17,1996,1,1,2450312.5,712148.5,scientific,mock_arxiv,https://arxiv.org/abs/mock.3.1,en,scientific_paper,journal_article,,,"[""Author 2"", ""Co-Author 2""]",[],"[""ancient""]",0.9,131f8de77ab0cb82bb825b0185176745,2025-11-04 00:42:42,2025-11-04 00:42:42
478,Research on medieval - Paper 4,This paper explores medieval from a historical perspective with modern analytical methods.,1997-02-08,1997,1,1,2450487.5,712323.5,scientific,mock_arxiv,https://arxiv.org/abs/mock.2.3,en,scientific_paper,journal_article,,,"[""Author 4"", ""Co-Author 4""]",[],"[""medieval""]",0.9,fca6d26159bd129443028868de8159a6,2025-11-04 00:42:42,2025-11-04 00:42:42
284,Research on ancient - Paper 10,This paper explores ancient from a historical perspective with modern analytical methods.,1997-10-06,1997,1,1,2450727.5,712563.5,scientific,mock_arxiv,https://arxiv.org/abs/mock.3.9,en,scientific_paper,journal_article,,,"[""Author 10"", ""Co-Author 10""]",[],"[""ancient""]",0.9,dece5f78cec044e183c5d8c43c7e3732,2025-11-04 00:25:20,2025-11-04 00:25:20
447,Research on history - Paper 13,This paper explores history from a historical perspective with modern analytical methods.,1998-01-15,1998,1,1,2450828.5,712664.5,scientific,mock_arxiv,https://arxiv.org/abs/mock.0.12,en,scientific_paper,journal_article,,,"[""Author 13"", ""Co-Author 13""]",[],"[""history""]",0.9,ebdd14f91def48a5f43cd80ad34bd211,2025-11-04 00:42:42,2025-11-04 00:42:42
388,Research on medieval - Paper 14,This paper explores medieval from a historical perspective with modern analytical methods.,1998-03-18,1998,1,1,2450890.5,712726.5,scientific,mock_arxiv,https://arxiv.org/abs/mock.2.13,en,scientific_paper,journal_article,,,"[""Author 14"", ""Co-Author 14""]",[],"[""medieval""]",0.9,bcf94640cbd39ba502e9826ac5d0930f,2025-11-04 00:30:56,2025-11-04 00:30:56
512,Research on ancient - Paper 18,This paper explores ancient from a historical perspective with modern analytical methods.,1998-05-02,1998,1,1,2450935.5,712771.5,scientific,mock_arxiv,https://arxiv.org/abs/mock.3.17,en,scientific_paper,journal_article,,,"[""Author 18"", ""Co-Author 18""]",[],"[""ancient""]",0.9,6ba720860f3dac156f3a4dd0ac0d7935,2025-11-04 00:42:42,2025-11-04 00:42:42
376,Research on medieval - Paper 2,This paper explores medieval from a historical perspective with modern analytical methods.,1998-05-04,1998,1,1,2450937.5,712773.5,scientific,mock_arxiv,https://arxiv.org/abs/mock.2.1,en,scientific_paper,journal_article,,,"[""Author 2"", ""Co-Author 2""]",[],"[""medieval""]",0.9,b2364263b7f20a2f90ee87d1997b0eb3,2025-11-04 00:30:56,2025-11-04 00:30:56
272,Research on medieval - Paper 18,This paper explores medieval from a historical perspective with modern analytical methods.,1998-05-16,1998,1,1,2450949.5,712785.5,scientific,mock_arxiv,https://arxiv.org/abs/mock.2.17,en,scientific_paper,journal_article,,,"[""Author 18"", ""Co-Author 18""]",[],"[""medieval""]",0.9,2d6b96e31d33283db7f80c2cf7fd948a,2025-11-04 00:25:20,2025-11-04 00:25:20
521,Research on chronology - Paper 7,This paper explores chronology from a historical perspective with modern analytical methods.,1998-07-07,1998,1,1,2451001.5,712837.5,scientific,mock_arxiv,https://arxiv.org/abs/mock.4.6,en,scientific_paper,journal_article,,,"[""Author 7"", ""Co-Author 7""]",[],"[""chronology""]",0.9,d0e9b85803c4b749348b32d94cac31a8,2025-11-04 00:42:42,2025-11-04 00:42:42
354,Research on history - Paper 20,This paper explores history from a historical perspective with modern analytical methods.,1999-02-25,1999,1,1,2451234.5,713070.5,scientific,mock_arxiv,https://arxiv.org/abs/mock.0.19,en,scientific_paper,journal_article,,,"[""Author 20"", ""Co-Author 20""]",[],"[""history""]",0.9,41b7af932d66994296299f49b170888f,2025-11-04 00:30:56,2025-11-04 00:30:56
480,Research on medieval - Paper 6,This paper explores medieval from a historical perspective with modern analytical methods.,1999-12-13,1999,1,1,2451525.5,713361.5,scientific,mock_arxiv,https://arxiv.org/abs/mock.2.5,en,scientific_paper,journal_article,,,"[""Author 6"", ""Co-Author 6""]",[],"[""medieval""]",0.9,9faeb2e02c471c8019d711ee0bfb51e6,2025-11-04 00:42:42,2025-11-04 00:42:42
302,Research on chronology - Paper 8,This paper explores chronology from a historical perspective with modern analytical methods.,2000-06-21,2000,1,1,2451716.5,713552.5,scientific,mock_arxiv,https://arxiv.org/abs/mock.4.7,en,scientific_paper,journal_article,,,"[""Author 8"", ""Co-Author 8""]",[],"[""chronology""]",0.9,41b8263a9ff9f46e581ce919d9b34a45,2025-11-04 00:25:20,2025-11-04 00:25:20
527,Research on chronology - Paper 13,This paper explores chronology from a historical perspective with modern analytical methods.,2000-10-22,2000,1,1,2451839.5,713675.5,scientific,mock_arxiv,https://arxiv.org/abs/mock.4.12,en,scientific_paper,journal_article,,,"[""Author 13"", ""Co-Author 13""]",[],"[""chronology""]",0.9,349b0efbc0fcb442ab16bebb61e416f0,2025-11-04 00:42:42,2025-11-04 00:42:42
249,Research on archaeology - Paper 15,This paper explores archaeology from a historical perspective with modern analytical methods.,2000-11-24,2000,1,1,2451872.5,713708.5,scientific,mock_arxiv,https://arxiv.org/abs/mock.1.14,en,scientific_paper,journal_article,,,"[""Author 15"", ""Co-Author 15""]",[],"[""archaeology""]",0.9,3ee5f91a1cba4399e1194a0390cca511,2025-11-04 00:25:20,2025-11-04 00:25:20
340,Research on history - Paper 6,This paper explores history from a historical perspective with modern analytical methods.,2001-05-13,2001,1,1,2452042.5,713878.5,scientific,mock_arxiv,https://arxiv.org/abs/mock.0.5,en,scientific_paper,journal_article,,,"[""Author 6"", ""Co-Author 6""]",[],"[""history""]",0.9,359f47a36cff8e7f4456ed05db6158cc,2025-11-04 00:30:56,2025-11-04 00:30:56
457,Research on archaeology - Paper 3,This paper explores archaeology from a historical perspective with modern analytical methods.,2001-08-01,2001,1,1,2452122.5,713958.5,scientific,mock_arxiv,https://arxiv.org/abs/mock.1.2,en,scientific_paper,journal_article,,,"[""Author 3"", ""Co-Author 3""]",[],"[""archaeology""]",0.9,39b1ac82c783aed9648595e289774de7,2025-11-04 00:42:42,2025-11-04 00:42:42
291,Research on ancient - Paper 17,This paper explores ancient from a historical perspective with modern analytical methods.,2001-10-05,2001,1,1,2452187.5,714023.5,scientific,mock_arxiv,https://arxiv.org/abs/mock.3.16,en,scientific_paper,journal_article,,,"[""Author 17"", ""Co-Author 17""]",[],"[""ancient""]",0.9,d5d48022b5ed4efa8600bb09affea1ee,2025-11-04 00:25:20,2025-11-04 00:25:20
505,Research on ancient - Paper 11,This paper explores ancient from a historical perspective with modern analytical methods.,2001-10-22,2001,1,1,2452204.5,714040.5,scientific,mock_arxiv,https://arxiv.org/abs/mock.3.10,en,scientific_paper,journal_article,,,"[""Author 11"", ""Co-Author 11""]",[],"[""ancient""]",0.9,ffab7a727bc8353ff9ce9ef52dc41643,2025-11-04 00:42:42,2025-11-04 00:42:42
225,Research on history - Paper 11,This paper explores history from a historical perspective with modern analytical methods.,2002-05-06,2002,1,1,2452400.5,714236.5,scientific,mock_arxiv,https://arxiv.org/abs/mock.0.10,en,scientific_paper,journal_article,,,"[""Author 11"", ""Co-Author 11""]",[],"[""history""]",0.9,90249cb41a3280f99285f757092198f3,2025-11-04 00:25:20,2025-11-04 00:25:20
269,Research on medieval - Paper 15,This paper explores medieval from a historical perspective with modern analytical methods.,2002-06-21,2002,1,1,2452446.5,714282.5,scientific,mock_arxiv,https://arxiv.org/abs/mock.2.14,en,scientific_paper,journal_article,,,"[""Author 15"", ""Co-Author 15""]",[],"[""medieval""]",0.9,daa515dbc23f8d1e9037e9f869b3d1d8,2025-11-04 00:25:20,2025-11-04 00:25:20
236,Research on archaeology - Paper 2,This paper explores archaeology from a historical perspective with modern analytical methods.,2002-10-04,2002,1,1,2452551.5,714387.5,scientific,mock_arxiv,https://arxiv.org/abs/mock.1.1,en,scientific_paper,journal_article,,,"[""Author 2"", ""Co-Author 2""]",[],"[""archaeology""]",0.9,98180d8399f7ec2d20a24d481fd97507,2025-11-04 00:25:20,2025-11-04 00:25:20
287,Research on ancient - Paper 13,This paper explores ancient from a historical perspective with modern analytical methods.,2002-10-19,2002,1,1,2452566.5,714402.5,scientific,mock_arxiv,https://arxiv.org/abs/mock.3.12,en,scientific_paper,journal_article,,,"[""Author 13"", ""Co-Author 13""]",[],"[""ancient""]",0.9,11745b16b0a613738570cca723f00f7c,2025-11-04 00:25:20,2025-11-04 00:25:20
462,Research on archaeology - Paper 8,This paper explores archaeology from a historical perspective with modern analytical methods.,2002-12-23,2002,1,1,2452631.5,714467.5,scientific,mock_arxiv,https://arxiv.org/abs/mock.1.7,en,scientific_paper,journal_article,,,"[""Author 8"", ""Co-Author 8""]",[],"[""archaeology""]",0.9,777d2689bc3fb847239be5bb8af6fae5,2025-11-04 00:42:42,2025-11-04 00:42:42
364,Research on archaeology - Paper 10,This paper explores archaeology from a historical perspective with modern analytical methods.,2003-02-17,2003,1,1,2452687.5,714523.5,scientific,mock_arxiv,https://arxiv.org/abs/mock.1.9,en,scientific_paper,journal_article,,,"[""Author 10"", ""Co-Author 10""]",[],"[""archaeology""]",0.9,4ab4b21eb13298f2241112d68382239d,2025-11-04 00:30:56,2025-11-04 00:30:56
257,Research on medieval - Paper 3,This paper explores medieval from a historical perspective with modern analytical methods.,2003-05-18,2003,1,1,2452777.5,714613.5,scientific,mock_arxiv,https://arxiv.org/abs/mock.2.2,en,scientific_paper,journal_article,,,"[""Author 3"", ""Co-Author 3""]",[],"[""medieval""]",0.9,bc242e493cda84c62443044ab7320d2a,2025-11-04 00:25:20,2025-11-04 00:25:20
281,Research on ancient - Paper 7,This paper explores ancient from a historical perspective with modern analytical methods.,2003-12-16,2003,1,1,2452989.5,714825.5,scientific,mock_arxiv,https://arxiv.org/abs/mock.3.6,en,scientific_paper,journal_article,,,"[""Author 7"", ""Co-Author 7""]",[],"[""ancient""]",0.9,8f5231df8d1a6ecd03d8c6fa56f14cb1,2025-11-04 00:25:20,2025-11-04 00:25:20
487,Research on medieval - Paper 13,This paper explores medieval from a historical perspective with modern analytical methods.,2004-03-02,2004,1,1,2453066.5,714902.5,scientific,mock_arxiv,https://arxiv.org/abs/mock.2.12,en,scientific_paper,journal_article,,,"[""Author 13"", ""Co-Author 13""]",[],"[""medieval""]",0.9,c2e38453060f657bbc055a3cdac279e3,2025-11-04 00:42:42,2025-11-04 00:42:42
262,Research on medieval - Paper 8,This paper explores medieval from a historical perspective with modern analytical methods.,2004-05-15,2004,1,1,2453140.5,714976.5,scientific,mock_arxiv,https://arxiv.org/abs/mock.2.7,en,scientific_paper,journal_article,,,"[""Author 8"", ""Co-Author 8""]",[],"[""medieval""]",0.9,b33fa3eb886a958491f544f61ed27f1b,2025-11-04 00:25:20,2025-11-04 00:25:20
465,Research on archaeology - Paper 11,This paper explores archaeology from a historical perspective with modern analytical methods.,2004-08-25,2004,1,1,2453242.5,715078.5,scientific,mock_arxiv,https://arxiv.org/abs/mock.1.10,en,scientific_paper,journal_article,,,"[""Author 11"", ""Co-Author 11""]",[],"[""archaeology""]",0.9,8a28f7aa4c3264702a875204f95e4f37,2025-11-04 00:42:42,2025-11-04 00:42:42
377,Research on medieval - Paper 3,This paper explores medieval from a historical perspective with modern analytical methods.,2005-01-10,2005,1,1,2453380.5,715216.5,scientific,mock_arxiv,https://arxiv.org/abs/mock.2.2,en,scientific_paper,journal_article,,,"[""Author 3"", ""Co-Author 3""]",[],"[""medieval""]",0.9,3677d5a873e4ecc4a38dd8e0a76571df,2025-11-04 00:30:56,2025-11-04 00:30:56
442,Research on history - Paper 8,This paper explores history from a historical perspective with modern analytical methods.,2005-01-25,2005,1,1,2453395.5,715231.5,scientific,mock_arxiv,https://arxiv.org/abs/mock.0.7,en,scientific_paper,journal_article,,,"[""Author 8"", ""Co-Author 8""]",[],"[""history""]",0.9,877edd61cb85016bd576dfda8a954370,2025-11-04 00:42:42,2025-11-04 00:42:42
498,Research on ancient - Paper 4,This paper explores ancient from a historical perspective with modern analytical methods.,2005-06-02,2005,1,1,2453523.5,715359.5,scientific,mock_arxiv,https://arxiv.org/abs/mock.3.3,en,scientific_paper,journal_article,,,"[""Author 4"", ""Co-Author 4""]",[],"[""ancient""]",0.9,08dc04dd5f11d83bbb92376148017617,2025-11-04 00:42:42,2025-11-04 00:42:42
314,Research on chronology - Paper 20,This paper explores chronology from a historical perspective with modern analytical methods.,2005-12-11,2005,1,1,2453715.5,715551.5,scientific,mock_arxiv,https://arxiv.org/abs/mock.4.19,en,scientific_paper,journal_article,,,"[""Author 20"", ""Co-Author 20""]",[],"[""chronology""]",0.9,21e54737019f5bcce6deee03aef6025f,2025-11-04 00:25:20,2025-11-04 00:25:20
382,Research on medieval - Paper 8,This paper explores medieval from a historical perspective with modern analytical methods.,2006-05-14,2006,1,1,2453869.5,715705.5,scientific,mock_arxiv,https://arxiv.org/abs/mock.2.7,en,scientific_paper,journal_article,,,"[""Author 8"", ""Co-Author 8""]",[],"[""medieval""]",0.9,f23c9b7e2928c69ac438fa7aa27fef91,2025-11-04 00:30:56,2025-11-04 00:30:56
476,Research on medieval - Paper 2,This paper explores medieval from a historical perspective with modern analytical methods.,2006-07-27,2006,1,1,2453943.5,715779.5,scientific,mock_arxiv,https://arxiv.org/abs/mock.2.1,en,scientific_paper,journal_article,,,"[""Author 2"", ""Co-Author 2""]",[],"[""medieval""]",0.9,60fb9d5c0c24e91a94bea0fcbe5a2e18,2025-11-04 00:42:42,2025-11-04 00:42:42
401,Research on ancient - Paper 7,This paper explores ancient from a historical perspective with modern analytical methods.,2006-11-09,2006,1,1,2454048.5,715884.5,scientific,mock_arxiv,https://arxiv.org/abs/mock.3.6,en,scientific_paper,journal_article,,,"[""Author 7"", ""Co-Author 7""]",[],"[""ancient""]",0.9,425015fa403cbeee977fd0bea6ba70b7,2025-11-04 00:30:56,2025-11-04 00:30:56
443,Research on history - Paper 9,This paper explores history from a historical perspective with modern analytical methods.,2006-11-09,2006,1,1,2454048.5,715884.5,scientific,mock_arxiv,https://arxiv.org/abs/mock.0.8,en,scientific_paper,journal_article,,,"[""Author 9"", ""Co-Author 9""]",[],"[""history""]",0.9,ec8a2fd655a9678d6b563e11e9efea58,2025-11-04 00:42:42,2025-11-04 00:42:42
371,Research on archaeology - Paper 17,This paper explores archaeology from a historical perspective with modern analytical methods.,2007-02-01,2007,1,1,2454132.5,715968.5,scientific,mock_arxiv,https://arxiv.org/abs/mock.1.16,en,scientific_paper,journal_article,,,"[""Author 17"", ""Co-Author 17""]",[],"[""archaeology""]",0.9,7ea8d562094492fba0832b2f565a4ad6,2025-11-04 00:30:56,2025-11-04 00:30:56
306,Research on chronology - Paper 12,This paper explores chronology from a historical perspective with modern analytical methods.,2007-05-13,2007,1,1,2454233.5,716069.5,scientific,mock_arxiv,https://arxiv.org/abs/mock.4.11,en,scientific_paper,journal_article,,,"[""Author 12"", ""Co-Author 12""]",[],"[""chronology""]",0.9,3ec2469fbae834006cd079fc2d7ab0c1,2025-11-04 00:25:20,2025-11-04 00:25:20
392,Research on medieval - Paper 18,This paper explores medieval from a historical perspective with modern analytical methods.,2007-09-19,2007,1,1,2454362.5,716198.5,scientific,mock_arxiv,https://arxiv.org/abs/mock.2.17,en,scientific_paper,journal_article,,,"[""Author 18"", ""Co-Author 18""]",[],"[""medieval""]",0.9,eef91a75522272a0b2cf6e12c6fa1bfa,2025-11-04 00:30:56,2025-11-04 00:30:56
396,Research on ancient - Paper 2,This paper explores ancient from a historical perspective with modern analytical methods.,2008-07-23,2008,1,1,2454670.5,716506.5,scientific,mock_arxiv,https://arxiv.org/abs/mock.3.1,en,scientific_paper,journal_article,,,"[""Author 2"", ""Co-Author 2""]",[],"[""ancient""]",0.9,164a10b185bfc0bde8b3cb5fe844410d,2025-11-04 00:30:56,2025-11-04 00:30:56
350,Research on history - Paper 16,This paper explores history from a historical perspective with modern analytical methods.,2008-11-03,2008,1,1,2454773.5,716609.5,scientific,mock_arxiv,https://arxiv.org/abs/mock.0.15,en,scientific_paper,journal_article,,,"[""Author 16"", ""Co-Author 16""]",[],"[""history""]",0.9,037defa5cba1117d693f78654e0bbeac,2025-11-04 00:30:56,2025-11-04 00:30:56
311,Research on chronology - Paper 17,This paper explores chronology from a historical perspective with modern analytical methods.,2009-03-24,2009,1,1,2454914.5,716750.5,scientific,mock_arxiv,https://arxiv.org/abs/mock.4.16,en,scientific_paper,journal_article,,,"[""Author 17"", ""Co-Author 17""]",[],"[""chronology""]",0.9,2dfef1fef0c4fdc617351156bb003a7d,2025-11-04 00:25:20,2025-11-04 00:25:20
455,Research on archaeology - Paper 1,This paper explores archaeology from a historical perspective with modern analytical methods.,2009-04-24,2009,1,1,2454945.5,716781.5,scientific,mock_arxiv,https://arxiv.org/abs/mock.1.0,en,scientific_paper,journal_article,,,"[""Author 1"", ""Co-Author 1""]",[],"[""archaeology""]",0.9,b37469cd22ec0cb892ebf2f48fd8c493,2025-11-04 00:42:42,2025-11-04 00:42:42
485,Research on medieval - Paper 11,This paper explores medieval from a historical perspective with modern analytical methods.,2009-08-14,2009,1,1,2455057.5,716893.5,scientific,mock_arxiv,https://arxiv.org/abs/mock.2.10,en,scientific_paper,journal_article,,,"[""Author 11"", ""Co-Author 11""]",[],"[""medieval""]",0.9,a74e5c1f681fcce1761464c72b4950ae,2025-11-04 00:42:42,2025-11-04 00:42:42
221,Research on history - Paper 7,This paper explores history from a historical perspective with modern analytical methods.,2009-10-14,2009,1,1,2455118.5,716954.5,scientific,mock_arxiv,https://arxiv.org/abs/mock.0.6,en,scientific_paper,journal_article,,,"[""Author 7"", ""Co-Author 7""]",[],"[""history""]",0.9,085ce83b63cee29003b1c15159c9569d,2025-11-04 00:25:20,2025-11-04 00:25:20
504,Research on ancient - Paper 10,This paper explores ancient from a historical perspective with modern analytical methods.,2009-12-13,2009,1,1,2455178.5,717014.5,scientific,mock_arxiv,https://arxiv.org/abs/mock.3.9,en,scientific_paper,journal_article,,,"[""Author 10"", ""Co-Author 10""]",[],"[""ancient""]",0.9,4a4a793dac21ffd1a108637fdae0fedc,2025-11-04 00:42:42,2025-11-04 00:42:42
433,Research on chronology - Paper 19,This paper explores chronology from a historical perspective with modern analytical methods.,2009-12-14,2009,1,1,2455179.5,717015.5,scientific,mock_arxiv,https://arxiv.org/abs/mock.4.18,en,scientific_paper,journal_article,,,"[""Author 19"", ""Co-Author 19""]",[],"[""chronology""]",0.9,2ad487c728f8606297c7ace217cdaf72,2025-11-04 00:30:56,2025-11-04 00:30:56
285,Research on ancient - Paper 11,This paper explores ancient from a historical perspective with modern analytical methods.,2010-01-14,2010,1,1,2455210.5,717046.5,scientific,mock_arxiv,https://arxiv.org/abs/mock.3.10,en,scientific_paper,journal_article,,,"[""Author 11"", ""Co-Author 11""]",[],"[""ancient""]",0.9,1913959ee26c3e3c11f86b870f69b6c3,2025-11-04 00:25:20,2025-11-04 00:25:20
243,Research on archaeology - Paper 9,This paper explores archaeology from a historical perspective with modern analytical methods.,2010-07-25,2010,1,1,2455402.5,717238.5,scientific,mock_arxiv,https://arxiv.org/abs/mock.1.8,en,scientific_paper,journal_article,,,"[""Author 9"", ""Co-Author 9""]",[],"[""archaeology""]",0.9,ebdc9f7a0afda5ebd128d4cd222dbc76,2025-11-04 00:25:20,2025-11-04 00:25:20
492,Research on medieval - Paper 18,This paper explores medieval from a historical perspective with modern analytical methods.,2010-11-23,2010,1,1,2455523.5,717359.5,scientific,mock_arxiv,https://arxiv.org/abs/mock.2.17,en,scientific_paper,journal_article,,,"[""Author 18"", ""Co-Author 18""]",[],"[""medieval""]",0.9,0c7885a9c17790e950f5a8fd03c93d1c,2025-11-04 00:42:42,2025-11-04 00:42:42
460,Research on archaeology - Paper 6,This paper explores archaeology from a historical perspective with modern analytical methods.,2011-03-16,2011,1,1,2455636.5,717472.5,scientific,mock_arxiv,https://arxiv.org/abs/mock.1.5,en,scientific_paper,journal_article,,,"[""Author 6"", ""Co-Author 6""]",[],"[""archaeology""]",0.9,22ecb38146d922e3509c0d5517f456c6,2025-11-04 00:42:42,2025-11-04 00:42:42
494,Research on medieval - Paper 20,This paper explores medieval from a historical perspective with modern analytical methods.,2011-04-17,2011,1,1,2455668.5,717504.5,scientific,mock_arxiv,https://arxiv.org/abs/mock.2.19,en,scientific_paper,journal_article,,,"[""Author 20"", ""Co-Author 20""]",[],"[""medieval""]",0.9,e5881f2992a74fc9d0a33c6876d3f8c1,2025-11-04 00:42:42,2025-11-04 00:42:42
335,Research on history - Paper 1,This paper explores history from a historical perspective with modern analytical methods.,2011-06-23,2011,1,1,2455735.5,717571.5,scientific,mock_arxiv,https://arxiv.org/abs/mock.0.0,en,scientific_paper,journal_article,,,"[""Author 1"", ""Co-Author 1""]",[],"[""history""]",0.9,959dd163a55cb1fd106642db644aa340,2025-11-04 00:30:56,2025-11-04 00:30:56
389,Research on medieval - Paper 15,This paper explores medieval from a historical perspective with modern analytical methods.,2011-08-21,2011,1,1,2455794.5,717630.5,scientific,mock_arxiv,https://arxiv.org/abs/mock.2.14,en,scientific_paper,journal_article,,,"[""Author 15"", ""Co-Author 15""]",[],"[""medieval""]",0.9,ad540d1b2eff0d506bbdbb7dee8c467d,2025-11-04 00:30:56,2025-11-04 00:30:56
495,Research on ancient - Paper 1,This paper explores ancient from a historical perspective with modern analytical methods.,2012-02-28,2012,1,1,2455985.5,717821.5,scientific,mock_arxiv,https://arxiv.org/abs/mock.3.0,en,scientific_paper,journal_article,,,"[""Author 1"", ""Co-Author 1""]",[],"[""ancient""]",0.9,fa4ddb2b4b8fc8f5e2f6a1ce657742fc,2025-11-04 00:42:42,2025-11-04 00:42:42
252,Research on archaeology - Paper 18,This paper explores archaeology from a historical perspective with modern analytical methods.,2012-05-19,2012,1,1,2456066.5,717902.5,scientific,mock_arxiv,https://arxiv.org/abs/mock.1.17,en,scientific_paper,journal_article,,,"[""Author 18"", ""Co-Author 18""]",[],"[""archaeology""]",0.9,b125c384095837b4c13c238a108f57de,2025-11-04 00:25:20,2025-11-04 00:25:20
313,Research on chronology - Paper 19,This paper explores chronology from a historical perspective with modern analytical methods.,2012-07-26,2012,1,1,2456134.5,717970.5,scientific,mock_arxiv,https://arxiv.org/abs/mock.4.18,en,scientific_paper,journal_article,,,"[""Author 19"", ""Co-Author 19""]",[],"[""chronology""]",0.9,b059a2d6d884f6a74b637e87f38dd854,2025-11-04 00:25:20,2025-11-04 00:25:20
429,Research on chronology - Paper 15,This paper explores chronology from a historical perspective with modern analytical methods.,2012-08-03,2012,1,1,2456142.5,717978.5,scientific,mock_arxiv,https://arxiv.org/abs/mock.4.14,en,scientific_paper,journal_article,,,"[""Author 15"", ""Co-Author 15""]",[],"[""chronology""]",0.9,f9d015d5ac71b0b4dfaf0d987e831048,2025-11-04 00:30:56,2025-11-04 00:30:56
219,Research on history - Paper 5,This paper explores history from a historical perspective with modern analytical methods.,2012-11-08,2012,1,1,2456239.5,718075.5,scientific,mock_arxiv,https://arxiv.org/abs/mock.0.4,en,scientific_paper,journal_article,,,"[""Author 5"", ""Co-Author 5""]",[],"[""history""]",0.9,3541aac06caf05761873ef0180aa571f,2025-11-04 00:25:20,2025-11-04 00:25:20
489,Research on medieval - Paper 15,This paper explores medieval from a historical perspective with modern analytical methods.,2012-12-01,2012,1,1,2456262.5,718098.5,scientific,mock_arxiv,https://arxiv.org/abs/mock.2.14,en,scientific_paper,journal_article,,,"[""Author 15"", ""Co-Author 15""]",[],"[""medieval""]",0.9,37a9222d18657b22b24d8f09d416fa5e,2025-11-04 00:42:42,2025-11-04 00:42:42
270,Research on medieval - Paper 16,This paper explores medieval from a historical perspective with modern analytical methods.,2012-12-23,2012,1,1,2456284.5,718120.5,scientific,mock_arxiv,https://arxiv.org/abs/mock.2.15,en,scientific_paper,journal_article,,,"[""Author 16"", ""Co-Author 16""]",[],"[""medieval""]",0.9,d22aaec8c5cec0828f5b579831639126,2025-11-04 00:25:20,2025-11-04 00:25:20
411,Research on ancient - Paper 17,This paper explores ancient from a historical perspective with modern analytical methods.,2013-09-24,2013,1,1,2456559.5,718395.5,scientific,mock_arxiv,https://arxiv.org/abs/mock.3.16,en,scientific_paper,journal_article,,,"[""Author 17"", ""Co-Author 17""]",[],"[""ancient""]",0.9,74d32aced02a98e50dd022833bb3b2cd,2025-11-04 00:30:56,2025-11-04 00:30:56
362,Research on archaeology - Paper 8,This paper explores archaeology from a historical perspective with modern analytical methods.,2013-10-13,2013,1,1,2456578.5,718414.5,scientific,mock_arxiv,https://arxiv.org/abs/mock.1.7,en,scientific_paper,journal_article,,,"[""Author 8"", ""Co-Author 8""]",[],"[""archaeology""]",0.9,35930861705cb707298baeec7bd809c2,2025-11-04 00:30:56,2025-11-04 00:30:56
230,Research on history - Paper 16,This paper explores history from a historical perspective with modern analytical methods.,2014-04-25,2014,1,1,2456772.5,718608.5,scientific,mock_arxiv,https://arxiv.org/abs/mock.0.15,en,scientific_paper,journal_article,,,"[""Author 16"", ""Co-Author 16""]",[],"[""history""]",0.9,82beffeb024c964d5d26fad723e41af2,2025-11-04 00:25:20,2025-11-04 00:25:20
265,Research on medieval - Paper 11,This paper explores medieval from a historical perspective with modern analytical methods.,2014-10-20,2014,1,1,2456950.5,718786.5,scientific,mock_arxiv,https://arxiv.org/abs/mock.2.10,en,scientific_paper,journal_article,,,"[""Author 11"", ""Co-Author 11""]",[],"[""medieval""]",0.9,fd92e1f8d3cdef63b9c53633171b1523,2025-11-04 00:25:20,2025-11-04 00:25:20
395,Research on ancient - Paper 1,This paper explores ancient from a historical perspective with modern analytical methods.,2015-03-15,2015,1,1,2457096.5,718932.5,scientific,mock_arxiv,https://arxiv.org/abs/mock.3.0,en,scientific_paper,journal_article,,,"[""Author 1"", ""Co-Author 1""]",[],"[""ancient""]",0.9,d6b587ec027e2a336b092793953042e6,2025-11-04 00:30:56,2025-11-04 00:30:56
307,Research on chronology - Paper 13,This paper explores chronology from a historical perspective with modern analytical methods.,2015-05-17,2015,1,1,2457159.5,718995.5,scientific,mock_arxiv,https://arxiv.org/abs/mock.4.12,en,scientific_paper,journal_article,,,"[""Author 13"", ""Co-Author 13""]",[],"[""chronology""]",0.9,77a1ad26b78d27cca3cf1cd12584d368,2025-11-04 00:25:20,2025-11-04 00:25:20
408,Research on ancient - Paper 14,This paper explores ancient from a historical perspective with modern analytical methods.,2016-12-22,2016,1,1,2457744.5,719580.5,scientific,mock_arxiv,https://arxiv.org/abs/mock.3.13,en,scientific_paper,journal_article,,,"[""Author 14"", ""Co-Author 14""]",[],"[""ancient""]",0.9,64a01d01f410e698f15bd4825449296a,2025-11-04 00:30:56,2025-11-04 00:30:56
503,Research on ancient - Paper 9,This paper explores ancient from a historical perspective with modern analytical methods.,2017-02-18,2017,1,1,2457802.5,719638.5,scientific,mock_arxiv,https://arxiv.org/abs/mock.3.8,en,scientific_paper,journal_article,,,"[""Author 9"", ""Co-Author 9""]",[],"[""ancient""]",0.9,0cd8c142e384d3591df6b8e0a8e1cfbf,2025-11-04 00:42:42,2025-11-04 00:42:42
251,Research on archaeology - Paper 17,This paper explores archaeology from a historical perspective with modern analytical methods.,2017-07-10,2017,1,1,2457944.5,719780.5,scientific,mock_arxiv,https://arxiv.org/abs/mock.1.16,en,scientific_paper,journal_article,,,"[""Author 17"", ""Co-Author 17""]",[],"[""archaeology""]",0.9,5beb9ea62c46b77ede4af96766e7940c,2025-11-04 00:25:20,2025-11-04 00:25:20
356,Research on archaeology - Paper 2,This paper explores archaeology from a historical perspective with modern analytical methods.,2018-01-03,2018,1,1,2458121.5,719957.5,scientific,mock_arxiv,https://arxiv.org/abs/mock.1.1,en,scientific_paper,journal_article,,,"[""Author 2"", ""Co-Author 2""]",[],"[""archaeology""]",0.9,3a0e85d05d5b1a591b51d6c3017c6d45,2025-11-04 00:30:56,2025-11-04 00:30:56
352,Research on history - Paper 18,This paper explores history from a historical perspective with modern analytical methods.,2018-06-22,2018,1,1,2458291.5,720127.5,scientific,mock_arxiv,https://arxiv.org/abs/mock.0.17,en,scientific_paper,journal_article,,,"[""Author 18"", ""Co-Author 18""]",[],"[""history""]",0.9,cc9aff347540496752b0d72e3a7d123a,2025-11-04 00:30:56,2025-11-04 00:30:56
511,Research on ancient - Paper 17,This paper explores ancient from a historical perspective with modern analytical methods.,2019-03-15,2019,1,1,2458557.5,720393.5,scientific,mock_arxiv,https://arxiv.org/abs/mock.3.16,en,scientific_paper,journal_article,,,"[""Author 17"", ""Co-Author 17""]",[],"[""ancient""]",0.9,b913f15c0b9c56389ebd21def7a9ddb8,2025-11-04 00:42:42,2025-11-04 00:42:42
235,Research on archaeology - Paper 1,This paper explores archaeology from a historical perspective with modern analytical methods.,2019-06-28,2019,1,1,2458662.5,720498.5,scientific,mock_arxiv,https://arxiv.org/abs/mock.1.0,en,scientific_paper,journal_article,,,"[""Author 1"", ""Co-Author 1""]",[],"[""archaeology""]",0.9,affa8b4a915cf74a23057e89b90e952f,2025-11-04 00:25:20,2025-11-04 00:25:20
295,Research on chronology - Paper 1,This paper explores chronology from a historical perspective with modern analytical methods.,2019-11-27,2019,1,1,2458814.5,720650.5,scientific,mock_arxiv,https://arxiv.org/abs/mock.4.0,en,scientific_paper,journal_article,,,"[""Author 1"", ""Co-Author 1""]",[],"[""chronology""]",0.9,0c3cee22691d6c11c0f80a32dbe7f492,2025-11-04 00:25:20,2025-11-04 00:25:20
483,Research on medieval - Paper 9,This paper explores medieval from a historical perspective with modern analytical methods.,2020-01-17,2020,1,1,2458865.5,720701.5,scientific,mock_arxiv,https://arxiv.org/abs/mock.2.8,en,scientific_paper,journal_article,,,"[""Author 9"", ""Co-Author 9""]",[],"[""medieval""]",0.9,8bf1476aa16da0fb339532d895851af6,2025-11-04 00:42:42,2025-11-04 00:42:42
468,Research on archaeology - Paper 14,This paper explores archaeology from a historical perspective with modern analytical methods.,2020-03-05,2020,1,1,2458913.5,720749.5,scientific,mock_arxiv,https://arxiv.org/abs/mock.1.13,en,scientific_paper,journal_article,,,"[""Author 14"", ""Co-Author 14""]",[],"[""archaeology""]",0.9,2dd5b0e63318a68955556807693dd080,2025-11-04 00:42:42,2025-11-04 00:42:42
454,Research on history - Paper 20,This paper explores history from a historical perspective with modern analytical methods.,2020-03-14,2020,1,1,2458922.5,720758.5,scientific,mock_arxiv,https://arxiv.org/abs/mock.0.19,en,scientific_paper,journal_article,,,"[""Author 20"", ""Co-Author 20""]",[],"[""history""]",0.9,da594ccd8fa7356c70bef8c1343fd26f,2025-11-04 00:42:42,2025-11-04 00:42:42
367,Research on archaeology - Paper 13,This paper explores archaeology from a historical perspective with modern analytical methods.,2020-06-10,2020,1,1,2459010.5,720846.5,scientific,mock_arxiv,https://arxiv.org/abs/mock.1.12,en,scientific_paper,journal_article,,,"[""Author 13"", ""Co-Author 13""]",[],"[""archaeology""]",0.9,03f145b0c2162e53f53a2ac0fea047b5,2025-11-04 00:30:56,2025-11-04 00:30:56
481,Research on medieval - Paper 7,This paper explores medieval from a historical perspective with modern analytical methods.,2020-07-22,2020,1,1,2459052.5,720888.5,scientific,mock_arxiv,https://arxiv.org/abs/mock.2.6,en,scientific_paper,journal_article,,,"[""Author 7"", ""Co-Author 7""]",[],"[""medieval""]",0.9,80cd99c8b3885935dcbd026c4ff7b68a,2025-11-04 00:42:42,2025-11-04 00:42:42
218,Research on history - Paper 4,This paper explores history from a historical perspective with modern analytical methods.,2020-07-23,2020,1,1,2459053.5,720889.5,scientific,mock_arxiv,https://arxiv.org/abs/mock.0.3,en,scientific_paper,journal_article,,,"[""Author 4"", ""Co-Author 4""]",[],"[""history""]",0.9,054e04f49eb3f06b4d25fb88f499d8ce,2025-11-04 00:25:20,2025-11-04 00:25:20
497,Research on ancient - Paper 3,This paper explores ancient from a historical perspective with modern analytical methods.,2020-12-26,2020,1,1,2459209.5,721045.5,scientific,mock_arxiv,https://arxiv.org/abs/mock.3.2,en,scientific_paper,journal_article,,,"[""Author 3"", ""Co-Author 3""]",[],"[""ancient""]",0.9,4d0e480403b3bc28e3bc0a94da9bfb33,2025-11-04 00:42:42,2025-11-04 00:42:42
246,Research on archaeology - Paper 12,This paper explores archaeology from a historical perspective with modern analytical methods.,2021-01-08,2021,1,1,2459222.5,721058.5,scientific,mock_arxiv,https://arxiv.org/abs/mock.1.11,en,scientific_paper,journal_article,,,"[""Author 12"", ""Co-Author 12""]",[],"[""archaeology""]",0.9,05eb5080b4fefb823a3cd024fe2f4b4b,2025-11-04 00:25:20,2025-11-04 00:25:20
407,Research on ancient - Paper 13,This paper explores ancient from a historical perspective with modern analytical methods.,2021-01-13,2021,1,1,2459227.5,721063.5,scientific,mock_arxiv,https://arxiv.org/abs/mock.3.12,en,scientific_paper,journal_article,,,"[""Author 13"", ""Co-Author 13""]",[],"[""ancient""]",0.9,20dda1ce3922f5b3b50553f53f2dd85e,2025-11-04 00:30:56,2025-11-04 00:30:56
528,Research on chronology - Paper 14,This paper explores chronology from a historical perspective with modern analytical methods.,2021-02-02,2021,1,1,2459247.5,721083.5,scientific,mock_arxiv,https://arxiv.org/abs/mock.4.13,en,scientific_paper,journal_article,,,"[""Author 14"", ""Co-Author 14""]",[],"[""chronology""]",0.9,89dbee24959d1353c955ce559d89e1de,2025-11-04 00:42:42,2025-11-04 00:42:42
216,Research on history - Paper 2,This paper explores history from a historical perspective with modern analytical methods.,2021-04-09,2021,1,1,2459313.5,721149.5,scientific,mock_arxiv,https://arxiv.org/abs/mock.0.1,en,scientific_paper,journal_article,,,"[""Author 2"", ""Co-Author 2""]",[],"[""history""]",0.9,1b45f281b16843fba1c20150590c1e00,2025-11-04 00:25:20,2025-11-04 00:25:20
288,Research on ancient - Paper 14,This paper explores ancient from a historical perspective with modern analytical methods.,2021-04-16,2021,1,1,2459320.5,721156.5,scientific,mock_arxiv,https://arxiv.org/abs/mock.3.13,en,scientific_paper,journal_article,,,"[""Author 14"", ""Co-Author 14""]",[],"[""ancient""]",0.9,7f97b8f87fa14a390c701f8c35abec3e,2025-11-04 00:25:20,2025-11-04 00:25:20
385,Research on medieval - Paper 11,This paper explores medieval from a historical perspective with modern analytical methods.,2021-07-23,2021,1,1,2459418.5,721254.5,scientific,mock_arxiv,https://arxiv.org/abs/mock.2.10,en,scientific_paper,journal_article,,,"[""Author 11"", ""Co-Author 11""]",[],"[""medieval""]",0.9,579616a7ccfe8f5012cb453894277318,2025-11-04 00:30:56,2025-11-04 00:30:56
402,Research on ancient - Paper 8,This paper explores ancient from a historical perspective with modern analytical methods.,2021-07-23,2021,1,1,2459418.5,721254.5,scientific,mock_arxiv,https://arxiv.org/abs/mock.3.7,en,scientific_paper,journal_article,,,"[""Author 8"", ""Co-Author 8""]",[],"[""ancient""]",0.9,63470c35790fb0d320db6f8b7da86a22,2025-11-04 00:30:56,2025-11-04 00:30:56
418,Research on chronology - Paper 4,This paper explores chronology from a historical perspective with modern analytical methods.,2022-04-18,2022,1,1,2459687.5,721523.5,scientific,mock_arxiv,https://arxiv.org/abs/mock.4.3,en,scientific_paper,journal_article,,,"[""Author 4"", ""Co-Author 4""]",[],"[""chronology""]",0.9,adc7876aa6199663798ab9d077646ddc,2025-11-04 00:30:56,2025-11-04 00:30:56
421,Research on chronology - Paper 7,This paper explores chronology from a historical perspective with modern analytical methods.,2022-04-23,2022,1,1,2459692.5,721528.5,scientific,mock_arxiv,https://arxiv.org/abs/mock.4.6,en,scientific_paper,journal_article,,,"[""Author 7"", ""Co-Author 7""]",[],"[""chronology""]",0.9,b1e7409954f0a83230513be1e376f41e,2025-11-04 00:30:56,2025-11-04 00:30:56
379,Research on medieval - Paper 5,This paper explores medieval from a historical perspective with modern analytical methods.,2022-07-05,2022,1,1,2459765.5,721601.5,scientific,mock_arxiv,https://arxiv.org/abs/mock.2.4,en,scientific_paper,journal_article,,,"[""Author 5"", ""Co-Author 5""]",[],"[""medieval""]",0.9,b9c7844cf15d0e08e5d97a4887440ab3,2025-11-04 00:30:56,2025-11-04 00:30:56
242,Research on archaeology - Paper 8,This paper explores archaeology from a historical perspective with modern analytical methods.,2022-07-11,2022,1,1,2459771.5,721607.5,scientific,mock_arxiv,https://arxiv.org/abs/mock.1.7,en,scientific_paper,journal_article,,,"[""Author 8"", ""Co-Author 8""]",[],"[""archaeology""]",0.9,161afc78bdc8624b312bbb2462317e90,2025-11-04 00:25:20,2025-11-04 00:25:20
507,Research on ancient - Paper 13,This paper explores ancient from a historical perspective with modern analytical methods.,2022-08-14,2022,1,1,2459805.5,721641.5,scientific,mock_arxiv,https://arxiv.org/abs/mock.3.12,en,scientific_paper,journal_article,,,"[""Author 13"", ""Co-Author 13""]",[],"[""ancient""]",0.9,3ab40d8904bfeb221016cc7724ceec90,2025-11-04 00:42:42,2025-11-04 00:42:42
290,Research on ancient - Paper 16,This paper explores ancient from a historical perspective with modern analytical methods.,2022-09-16,2022,1,1,2459838.5,721674.5,scientific,mock_arxiv,https://arxiv.org/abs/mock.3.15,en,scientific_paper,journal_article,,,"[""Author 16"", ""Co-Author 16""]",[],"[""ancient""]",0.9,00e64d08eb66a2f38b180cc3df34ecb4,2025-11-04 00:25:20,2025-11-04 00:25:20
297,Research on chronology - Paper 3,This paper explores chronology from a historical perspective with modern analytical methods.,2022-10-06,2022,1,1,2459858.5,721694.5,scientific,mock_arxiv,https://arxiv.org/abs/mock.4.2,en,scientific_paper,journal_article,,,"[""Author 3"", ""Co-Author 3""]",[],"[""chronology""]",0.9,c41967cdfc2f71ea2a7fa28194f2b556,2025-11-04 00:25:20,2025-11-04 00:25:20
233,Research on history - Paper 19,This paper explores history from a historical perspective with modern analytical methods.,2023-01-19,2023,1,1,2459963.5,721799.5,scientific,mock_arxiv,https://arxiv.org/abs/mock.0.18,en,scientific_paper,journal_article,,,"[""Author 19"", ""Co-Author 19""]",[],"[""history""]",0.9,53c0c19e6b6c665a7ee3f8dc045574a8,2025-11-04 00:25:20,2025-11-04 00:25:20
271,Research on medieval - Paper 17,This paper explores medieval from a historical perspective with modern analytical methods.,2023-03-24,2023,1,1,2460027.5,721863.5,scientific,mock_arxiv,https://arxiv.org/abs/mock.2.16,en,scientific_paper,journal_article,,,"[""Author 17"", ""Co-Author 17""]",[],"[""medieval""]",0.9,3355eb89f4c1a1e5f6874aed01899c0e,2025-11-04 00:25:20,2025-11-04 00:25:20
381,Research on medieval - Paper 7,This paper explores medieval from a historical perspective with modern analytical methods.,2023-04-03,2023,1,1,2460037.5,721873.5,scientific,mock_arxiv,https://arxiv.org/abs/mock.2.6,en,scientific_paper,journal_article,,,"[""Author 7"", ""Co-Author 7""]",[],"[""medieval""]",0.9,18e3022831cffc41b6bd162130a50cb1,2025-11-04 00:30:56,2025-11-04 00:30:56
529,Research on chronology - Paper 15,This paper explores chronology from a historical perspective with modern analytical methods.,2023-07-08,2023,1,1,2460133.5,721969.5,scientific,mock_arxiv,https://arxiv.org/abs/mock.4.14,en,scientific_paper,journal_article,,,"[""Author 15"", ""Co-Author 15""]",[],"[""chronology""]",0.9,89ce01b84ef651adf1bae82897d34c54,2025-11-04 00:42:42,2025-11-04 00:42:42
486,Research on medieval - Paper 12,This paper explores medieval from a historical perspective with modern analytical methods.,2023-08-24,2023,1,1,2460180.5,722016.5,scientific,mock_arxiv,https://arxiv.org/abs/mock.2.11,en,scientific_paper,journal_article,,,"[""Author 12"", ""Co-Author 12""]",[],"[""medieval""]",0.9,bdb4ecf72e947a12ac1d002f54b6a834,2025-11-04 00:42:42,2025-11-04 00:42:42
431,Research on chronology - Paper 17,This paper explores chronology from a historical perspective with modern analytical methods.,2023-09-21,2023,1,1,2460208.5,722044.5,scientific,mock_arxiv,https://arxiv.org/abs/mock.4.16,en,scientific_paper,journal_article,,,"[""Author 17"", ""Co-Author 17""]",[],"[""chronology""]",0.9,b262c087fc00ec307aa09fcd8a0ccf93,2025-11-04 00:30:56,2025-11-04 00:30:56
412,Research on ancient - Paper 18,This paper explores ancient from a historical perspective with modern analytical methods.,2023-12-06,2023,1,1,2460284.5,722120.5,scientific,mock_arxiv,https://arxiv.org/abs/mock.3.17,en,scientific_paper,journal_article,,,"[""Author 18"", ""Co-Author 18""]",[],"[""ancient""]",0.9,4cc68f0e866a69441cedc2f92c79eb31,2025-11-04 00:30:56,2025-11-04 00:30:56
